/* HCMUTE pixel art 144x144, LVGL 9.2, LV_COLOR_FORMAT_RGB565 (little-endian) */
#include "lvgl.h"

static const LV_ATTRIBUTE_MEM_ALIGN uint8_t hcmute_pixel_map[] = {
  0xFF,0xFF,0xFF,0xFF,0xFF,0xFF,0xFF,0xFF,0xFF,0xFF,0xFF,0xFF,0xFF,0xFF,0xFF,0xFF,0xFF,0xFF,0xFF,0xFF,0xFF,0xFF,0xFF,0xFF,
  0xFF,0xFF,0xFF,0xFF,0xFF,0xFF,0xFF,0xFF,0xFF,0xFF,0xFF,0xFF,0xFF,0xFF,0xFF,0xFF,0xFF,0xFF,0xFF,0xFF,0xFF,0xFF,0xFF,0xFF,
  0xFF,0xFF,0xFF,0xFF,0xFF,0xFF,0xFF,0xFF,0xFF,0xFF,0xFF,0xFF,0xFF,0xFF,0xFF,0xFF,0xFF,0xFF,0xFF,0xFF,0xFF,0xFF,0xFF,0xFF,
  0xFF,0xFF,0xFF,0xFF,0xFF,0xFF,0xFF,0xFF,0xFF,0xFF,0xFF,0xFF,0xFF,0xFF,0xFF,0xFF,0xFF,0xFF,0xFF,0xFF,0xFF,0xFF,0xFF,0xFF,
  0xFF,0xFF,0xFF,0xFF,0xFF,0xFF,0xFF,0xFF,0xFF,0xFF,0xFF,0xFF,0xFF,0xFF,0xFF,0xFF,0xFF,0xFF,0xFF,0xFF,0xFF,0xFF,0xFF,0xFF,
  0xFF,0xFF,0xFF,0xFF,0xFF,0xFF,0xFF,0xFF,0xFF,0xFF,0xFF,0xFF,0xFF,0xFF,0xFF,0xFF,0xFF,0xFF,0xFF,0xFF,0xFF,0xFF,0xFF,0xFF,
  0xFF,0xFF,0xFF,0xFF,0xFF,0xFF,0xFF,0xFF,0xFF,0xFF,0xFF,0xFF,0xFF,0xFF,0xFF,0xFF,0xFF,0xFF,0xFF,0xFF,0xFF,0xFF,0xFF,0xFF,
  0xFF,0xFF,0xFF,0xFF,0xFF,0xFF,0xFF,0xFF,0xFF,0xFF,0xFF,0xFF,0xFF,0xFF,0xFF,0xFF,0xFF,0xFF,0xFF,0xFF,0xFF,0xFF,0xFF,0xFF,
  0xFF,0xFF,0xFF,0xFF,0xFF,0xFF,0xFF,0xFF,0xFF,0xFF,0xFF,0xFF,0xFF,0xFF,0xFF,0xFF,0xFF,0xFF,0xFF,0xFF,0xFF,0xFF,0xFF,0xFF,
  0xFF,0xFF,0xFF,0xFF,0xFF,0xFF,0xFF,0xFF,0xFF,0xFF,0xFF,0xFF,0xFF,0xFF,0xFF,0xFF,0xFF,0xFF,0xFF,0xFF,0xFF,0xFF,0xFF,0xFF,
  0xFF,0xFF,0xFF,0xFF,0xFF,0xFF,0xFF,0xFF,0xFF,0xFF,0xFF,0xFF,0xFF,0xFF,0xFF,0xFF,0xFF,0xFF,0xFF,0xFF,0xFF,0xFF,0xFF,0xFF,
  0xFF,0xFF,0xFF,0xFF,0xFF,0xFF,0xFF,0xFF,0xFF,0xFF,0xFF,0xFF,0xFF,0xFF,0xFF,0xFF,0xFF,0xFF,0xFF,0xFF,0xFF,0xFF,0xFF,0xFF,
  0xFF,0xFF,0xFF,0xFF,0xFF,0xFF,0xFF,0xFF,0xFF,0xFF,0xFF,0xFF,0xFF,0xFF,0xFF,0xFF,0xFF,0xFF,0xFF,0xFF,0xFF,0xFF,0xFF,0xFF,
  0xFF,0xFF,0xFF,0xFF,0xFF,0xFF,0xFF,0xFF,0xFF,0xFF,0xFF,0xFF,0xFF,0xFF,0xFF,0xFF,0xFF,0xFF,0xFF,0xFF,0xFF,0xFF,0xFF,0xFF,
  0xFF,0xFF,0xFF,0xFF,0xFF,0xFF,0xFF,0xFF,0xFF,0xFF,0xFF,0xFF,0xFF,0xFF,0xFF,0xFF,0xFF,0xFF,0xFF,0xFF,0xFF,0xFF,0xFF,0xFF,
  0xFF,0xFF,0xFF,0xFF,0xFF,0xFF,0xFF,0xFF,0xFF,0xFF,0xFF,0xFF,0xFF,0xFF,0xFF,0xFF,0xFF,0xFF,0xFF,0xFF,0xFF,0xFF,0xFF,0xFF,
  0xFF,0xFF,0xFF,0xFF,0xFF,0xFF,0xFF,0xFF,0xFF,0xFF,0xFF,0xFF,0xFF,0xFF,0xFF,0xFF,0xFF,0xFF,0xFF,0xFF,0xFF,0xFF,0xFF,0xFF,
  0xFF,0xFF,0xFF,0xFF,0xFF,0xFF,0xFF,0xFF,0xFF,0xFF,0xFF,0xFF,0xFF,0xFF,0xFF,0xFF,0xFF,0xFF,0xFF,0xFF,0xFF,0xFF,0xFF,0xFF,
  0xFF,0xFF,0xFF,0xFF,0xFF,0xFF,0xFF,0xFF,0xFF,0xFF,0xFF,0xFF,0xFF,0xFF,0xFF,0xFF,0xFF,0xFF,0xFF,0xFF,0xFF,0xFF,0xFF,0xFF,
  0xFF,0xFF,0xFF,0xFF,0xFF,0xFF,0xFF,0xFF,0xFF,0xFF,0xFF,0xFF,0xFF,0xFF,0xFF,0xFF,0xFF,0xFF,0xFF,0xFF,0xFF,0xFF,0xFF,0xFF,
  0xFF,0xFF,0xFF,0xFF,0xFF,0xFF,0xFF,0xFF,0xFF,0xFF,0xFF,0xFF,0xFF,0xFF,0xFF,0xFF,0xFF,0xFF,0xFF,0xFF,0xFF,0xFF,0xFF,0xFF,
  0xFF,0xFF,0xFF,0xFF,0xFF,0xFF,0xFF,0xFF,0xFF,0xFF,0xFF,0xFF,0xFF,0xFF,0xFF,0xFF,0xFF,0xFF,0xFF,0xFF,0xFF,0xFF,0xFF,0xFF,
  0xFF,0xFF,0xFF,0xFF,0xFF,0xFF,0xFF,0xFF,0xFF,0xFF,0xFF,0xFF,0xFF,0xFF,0xFF,0xFF,0xFF,0xFF,0xFF,0xFF,0xFF,0xFF,0xFF,0xFF,
  0xFF,0xFF,0xFF,0xFF,0xFF,0xFF,0xFF,0xFF,0xFF,0xFF,0xFF,0xFF,0xFF,0xFF,0xFF,0xFF,0xFF,0xFF,0xFF,0xFF,0xFF,0xFF,0xFF,0xFF,
  0xFF,0xFF,0xFF,0xFF,0xFF,0xFF,0xFF,0xFF,0xFF,0xFF,0xFF,0xFF,0xFF,0xFF,0xFF,0xFF,0xFF,0xFF,0xFF,0xFF,0xFF,0xFF,0xFF,0xFF,
  0xFF,0xFF,0xFF,0xFF,0xFF,0xFF,0xFF,0xFF,0xFF,0xFF,0xFF,0xFF,0xFF,0xFF,0xFF,0xFF,0xFF,0xFF,0xFF,0xFF,0xFF,0xFF,0xFF,0xFF,
  0xFF,0xFF,0xFF,0xFF,0xFF,0xFF,0xFF,0xFF,0xFF,0xFF,0xFF,0xFF,0xFF,0xFF,0xFF,0xFF,0xFF,0xFF,0xFF,0xFF,0xFF,0xFF,0xFF,0xFF,
  0xFF,0xFF,0xFF,0xFF,0xFF,0xFF,0xFF,0xFF,0xFF,0xFF,0xFF,0xFF,0xFF,0xFF,0xFF,0xFF,0xFF,0xFF,0xFF,0xFF,0xFF,0xFF,0xFF,0xFF,
  0xFF,0xFF,0xFF,0xFF,0xFF,0xFF,0xFF,0xFF,0xFF,0xFF,0xFF,0xFF,0xFF,0xFF,0xFF,0xFF,0xFF,0xFF,0xFF,0xFF,0xFF,0xFF,0xFF,0xFF,
  0xFF,0xFF,0xFF,0xFF,0xFF,0xFF,0xFF,0xFF,0xFF,0xFF,0xFF,0xFF,0xFF,0xFF,0xFF,0xFF,0xFF,0xFF,0xFF,0xFF,0xFF,0xFF,0xFF,0xFF,
  0xFF,0xFF,0xFF,0xFF,0xFF,0xFF,0xFF,0xFF,0xFF,0xFF,0xFF,0xFF,0xFF,0xFF,0xFF,0xFF,0xFF,0xFF,0xFF,0xFF,0xFF,0xFF,0xFF,0xFF,
  0xFF,0xFF,0xFF,0xFF,0xFF,0xFF,0xFF,0xFF,0xFF,0xFF,0xFF,0xFF,0xFF,0xFF,0xFF,0xFF,0xFF,0xFF,0xFF,0xFF,0xFF,0xFF,0xFF,0xFF,
  0xFF,0xFF,0xFF,0xFF,0xFF,0xFF,0xFF,0xFF,0xFF,0xFF,0xFF,0xFF,0xFF,0xFF,0xFF,0xFF,0xFF,0xFF,0xFF,0xFF,0xFF,0xFF,0xFF,0xFF,
  0xFF,0xFF,0xFF,0xFF,0xFF,0xFF,0xFF,0xFF,0xFF,0xFF,0xFF,0xFF,0xFF,0xFF,0xFF,0xFF,0xFF,0xFF,0xFF,0xFF,0xFF,0xFF,0xFF,0xFF,
  0xFF,0xFF,0xFF,0xFF,0xFF,0xFF,0xFF,0xFF,0xFF,0xFF,0xFF,0xFF,0xFF,0xFF,0xFF,0xFF,0xFF,0xFF,0xFF,0xFF,0xFF,0xFF,0xFF,0xFF,
  0xFF,0xFF,0xFF,0xFF,0xFF,0xFF,0xFF,0xFF,0xFF,0xFF,0xFF,0xFF,0xFF,0xFF,0xFF,0xFF,0xFF,0xFF,0xFF,0xFF,0xFF,0xFF,0xFF,0xFF,
  0xFF,0xFF,0xFF,0xFF,0xFF,0xFF,0xFF,0xFF,0xFF,0xFF,0xFF,0xFF,0xFF,0xFF,0xFF,0xFF,0xFF,0xFF,0xFF,0xFF,0xFF,0xFF,0xFF,0xFF,
  0xFF,0xFF,0xFF,0xFF,0xFF,0xFF,0xFF,0xFF,0xFF,0xFF,0xFF,0xFF,0xFF,0xFF,0xFF,0xFF,0xFF,0xFF,0xFF,0xFF,0xFF,0xFF,0xFF,0xFF,
  0xFF,0xFF,0xFF,0xFF,0xFF,0xFF,0xFF,0xFF,0xFF,0xFF,0xFF,0xFF,0xFF,0xFF,0xFF,0xFF,0xFF,0xFF,0xFF,0xFF,0xFF,0xFF,0xFF,0xFF,
  0xFF,0xFF,0xFF,0xFF,0xFF,0xFF,0xFF,0xFF,0xFF,0xFF,0xFF,0xFF,0xFF,0xFF,0xFF,0xFF,0xFF,0xFF,0xFF,0xFF,0xFF,0xFF,0xFF,0xFF,
  0xFF,0xFF,0xFF,0xFF,0xFF,0xFF,0xFF,0xFF,0xFF,0xFF,0xFF,0xFF,0xFF,0xFF,0xFF,0xFF,0xFF,0xFF,0xFF,0xFF,0xFF,0xFF,0xFF,0xFF,
  0xFF,0xFF,0xFF,0xFF,0xFF,0xFF,0xFF,0xFF,0xFF,0xFF,0xFF,0xFF,0xFF,0xFF,0xFF,0xFF,0xFF,0xFF,0xFF,0xFF,0xFF,0xFF,0xFF,0xFF,
  0xFF,0xFF,0xFF,0xFF,0xFF,0xFF,0xFF,0xFF,0xFF,0xFF,0xFF,0xFF,0xFF,0xFF,0xFF,0xFF,0xFF,0xFF,0xFF,0xFF,0xFF,0xFF,0xFF,0xFF,
  0xFF,0xFF,0xFF,0xFF,0xFF,0xFF,0xFF,0xFF,0xFF,0xFF,0xFF,0xFF,0xFF,0xFF,0xFF,0xFF,0xFF,0xFF,0xFF,0xFF,0xFF,0xFF,0xFF,0xFF,
  0xFF,0xFF,0xFF,0xFF,0xFF,0xFF,0xFF,0xFF,0xFF,0xFF,0xFF,0xFF,0xFF,0xFF,0xFF,0xFF,0xFF,0xFF,0xFF,0xFF,0xFF,0xFF,0xFF,0xFF,
  0xFF,0xFF,0xFF,0xFF,0xFF,0xFF,0xFF,0xFF,0xFF,0xFF,0xFF,0xFF,0xFF,0xFF,0xFF,0xFF,0xFF,0xFF,0xFF,0xFF,0xFF,0xFF,0xFF,0xFF,
  0xFF,0xFF,0xFF,0xFF,0xFF,0xFF,0xFF,0xFF,0xFF,0xFF,0xFF,0xFF,0xFF,0xFF,0xFF,0xFF,0xFF,0xFF,0xFF,0xFF,0xFF,0xFF,0xFF,0xFF,
  0xFF,0xFF,0xFF,0xFF,0xFF,0xFF,0xFF,0xFF,0xFF,0xFF,0xFF,0xFF,0xFF,0xFF,0xFF,0xFF,0xFF,0xFF,0xFF,0xFF,0xFF,0xFF,0xFF,0xFF,
  0xFF,0xFF,0xFF,0xFF,0xFF,0xFF,0xFF,0xFF,0xFF,0xFF,0xFF,0xFF,0xFF,0xFF,0xFF,0xFF,0xFF,0xFF,0xFF,0xFF,0xFF,0xFF,0xFF,0xFF,
  0xFF,0xFF,0xFF,0xFF,0xFF,0xFF,0xFF,0xFF,0xFF,0xFF,0xFF,0xFF,0xFF,0xFF,0xFF,0xFF,0xFF,0xFF,0xFF,0xFF,0xFF,0xFF,0xFF,0xFF,
  0xFF,0xFF,0xFF,0xFF,0xFF,0xFF,0xFF,0xFF,0xFF,0xFF,0xFF,0xFF,0xFF,0xFF,0xFF,0xFF,0xFF,0xFF,0xFF,0xFF,0xFF,0xFF,0xFF,0xFF,
  0xFF,0xFF,0xFF,0xFF,0xFF,0xFF,0xFF,0xFF,0xFF,0xFF,0xFF,0xFF,0xFF,0xFF,0xFF,0xFF,0xFF,0xFF,0xFF,0xFF,0xFF,0xFF,0xFF,0xFF,
  0xFF,0xFF,0xFF,0xFF,0xFF,0xFF,0xFF,0xFF,0xFF,0xFF,0xFF,0xFF,0xFF,0xFF,0xFF,0xFF,0xFF,0xFF,0xFF,0xFF,0xFF,0xFF,0xFF,0xFF,
  0xFF,0xFF,0xFF,0xFF,0xFF,0xFF,0xFF,0xFF,0xFF,0xFF,0xFF,0xFF,0xFF,0xFF,0xFF,0xFF,0xFF,0xFF,0xFF,0xFF,0xFF,0xFF,0xFF,0xFF,
  0xFF,0xFF,0xFF,0xFF,0xFF,0xFF,0xFF,0xFF,0xFF,0xFF,0xFF,0xFF,0xFF,0xFF,0xFF,0xFF,0xFF,0xFF,0xFF,0xFF,0xFF,0xFF,0xFF,0xFF,
  0xFF,0xFF,0xFF,0xFF,0xFF,0xFF,0xFF,0xFF,0xFF,0xFF,0xFF,0xFF,0xFF,0xFF,0xFF,0xFF,0xFF,0xFF,0xFF,0xFF,0xFF,0xFF,0xFF,0xFF,
  0xFF,0xFF,0xFF,0xFF,0xFF,0xFF,0xFF,0xFF,0xFF,0xFF,0xFF,0xFF,0xFF,0xFF,0xFF,0xFF,0xFF,0xFF,0xFF,0xFF,0xFF,0xFF,0xFF,0xFF,
  0xFF,0xFF,0xFF,0xFF,0xFF,0xFF,0xFF,0xFF,0xFF,0xFF,0xFF,0xFF,0xFF,0xFF,0xFF,0xFF,0xFF,0xFF,0xFF,0xFF,0xFF,0xFF,0xFF,0xFF,
  0xFF,0xFF,0xFF,0xFF,0xFF,0xFF,0xFF,0xFF,0xFF,0xFF,0xFF,0xFF,0xFF,0xFF,0xFF,0xFF,0xFF,0xFF,0xFF,0xFF,0xFF,0xFF,0xFF,0xFF,
  0xFF,0xFF,0xFF,0xFF,0xFF,0xFF,0xFF,0xFF,0xFF,0xFF,0xFF,0xFF,0xFF,0xFF,0xFF,0xFF,0xFF,0xFF,0xFF,0xFF,0xFF,0xFF,0xFF,0xFF,
  0xFF,0xFF,0xFF,0xFF,0xFF,0xFF,0xFF,0xFF,0xFF,0xFF,0xFF,0xFF,0xFF,0xFF,0xFF,0xFF,0xFF,0xFF,0xFF,0xFF,0xFF,0xFF,0xFF,0xFF,
  0xFF,0xFF,0xFF,0xFF,0xFF,0xFF,0xFF,0xFF,0xFF,0xFF,0xFF,0xFF,0xFF,0xFF,0xFF,0xFF,0xFF,0xFF,0xFF,0xFF,0xFF,0xFF,0xFF,0xFF,
  0xFF,0xFF,0xFF,0xFF,0xFF,0xFF,0xFF,0xFF,0xFF,0xFF,0xFF,0xFF,0xFF,0xFF,0xFF,0xFF,0xFF,0xFF,0xFF,0xFF,0xFF,0xFF,0xFF,0xFF,
  0xFF,0xFF,0xFF,0xFF,0xFF,0xFF,0xFF,0xFF,0xFF,0xFF,0xFF,0xFF,0xFF,0xFF,0xFF,0xFF,0xFF,0xFF,0xFF,0xFF,0xFF,0xFF,0xFF,0xFF,
  0xFF,0xFF,0xFF,0xFF,0xFF,0xFF,0xFF,0xFF,0xFF,0xFF,0xFF,0xFF,0xFF,0xFF,0xFF,0xFF,0xFF,0xFF,0xFF,0xFF,0xFF,0xFF,0xFF,0xFF,
  0xFF,0xFF,0xFF,0xFF,0xFF,0xFF,0xFF,0xFF,0xFF,0xFF,0xFF,0xFF,0xFF,0xFF,0xFF,0xFF,0xFF,0xFF,0xFF,0xFF,0xFF,0xFF,0xFF,0xFF,
  0xFF,0xFF,0xDF,0xFF,0xDF,0xFF,0xDF,0xFF,0xFF,0xFF,0xFF,0xFF,0xFF,0xFF,0xFF,0xFF,0xFF,0xFF,0xFF,0xFF,0xFF,0xFF,0xFF,0xFF,
  0xFF,0xFF,0xFF,0xFF,0xFF,0xFF,0xFF,0xFF,0xFF,0xFF,0xFF,0xFF,0xFF,0xFF,0xFF,0xFF,0xFF,0xFF,0xFF,0xFF,0xFF,0xFF,0xFF,0xFF,
  0xFF,0xFF,0xFF,0xFF,0xFF,0xFF,0xFF,0xFF,0xFF,0xFF,0xFF,0xFF,0xFF,0xFF,0xFF,0xFF,0xFF,0xFF,0xFF,0xFF,0xFF,0xFF,0xFF,0xFF,
  0xFF,0xFF,0xFF,0xFF,0xFF,0xFF,0xFF,0xFF,0xFF,0xFF,0xFF,0xFF,0xFF,0xFF,0xFF,0xFF,0xFF,0xFF,0xFF,0xFF,0xFF,0xFF,0xFF,0xFF,
  0xFF,0xFF,0xFF,0xFF,0xFF,0xFF,0xFF,0xFF,0xFF,0xFF,0xFF,0xFF,0xFF,0xFF,0xFF,0xFF,0xFF,0xFF,0xFF,0xFF,0xFF,0xFF,0xFF,0xFF,
  0xFF,0xFF,0xFF,0xFF,0xFF,0xFF,0xFF,0xFF,0xFF,0xFF,0xFF,0xFF,0xFF,0xFF,0xFF,0xFF,0xFF,0xFF,0xFF,0xFF,0xFF,0xFF,0xFF,0xFF,
  0xFF,0xFF,0xFF,0xFF,0xFF,0xFF,0xFF,0xFF,0xFF,0xFF,0xFF,0xFF,0xFF,0xFF,0xFF,0xFF,0xFF,0xFF,0xFF,0xFF,0xFF,0xFF,0xFF,0xFF,
  0xFF,0xFF,0xFF,0xFF,0xFF,0xFF,0xFF,0xFF,0xFF,0xFF,0xFF,0xFF,0xFF,0xFF,0xFF,0xFF,0xFF,0xFF,0xFF,0xFF,0xFF,0xFF,0xFF,0xFF,
  0xFF,0xFF,0xFF,0xFF,0xFF,0xFF,0xFF,0xFF,0xFF,0xFF,0xFF,0xFF,0xFF,0xFF,0xFF,0xFF,0xFF,0xFF,0xFF,0xFF,0xFF,0xFF,0xFF,0xFF,
  0xFF,0xFF,0xFF,0xFF,0xFF,0xFF,0xFF,0xFF,0xFF,0xFF,0xFF,0xFF,0xFF,0xFF,0xFF,0xFF,0xFF,0xFF,0xFF,0xFF,0xFF,0xFF,0xFF,0xFF,
  0xFF,0xFF,0xFF,0xFF,0xFF,0xFF,0xFF,0xFF,0xFF,0xFF,0xFF,0xFF,0xFF,0xFF,0xFF,0xFF,0xFF,0xFF,0xFF,0xFF,0xFF,0xFF,0xFF,0xFF,
  0xFF,0xFF,0xFF,0xFF,0xFF,0xFF,0xFF,0xFF,0xFF,0xFF,0xFF,0xFF,0xFF,0xFF,0xFF,0xFF,0xFF,0xFF,0xFF,0xFF,0xFF,0xFF,0xFF,0xFF,
  0xFF,0xFF,0xFF,0xFF,0xFF,0xFF,0xFF,0xFF,0xFF,0xFF,0xFF,0xFF,0xFF,0xFF,0xFF,0xFF,0xFF,0xFF,0xFF,0xFF,0xFF,0xFF,0xFF,0xFF,
  0xFF,0xFF,0xFF,0xFF,0xFF,0xFF,0xFF,0xFF,0xFF,0xFF,0xFF,0xFF,0xFF,0xFF,0xFF,0xFF,0xFF,0xFF,0xFF,0xFF,0xFF,0xFF,0xFF,0xFF,
  0xFF,0xFF,0xFF,0xFF,0xFF,0xFF,0xFF,0xFF,0xFF,0xFF,0xFF,0xFF,0xFF,0xFF,0xFF,0xFF,0xFF,0xFF,0xFF,0xFF,0xFF,0xFF,0xFF,0xFF,
  0xFF,0xFF,0xFF,0xFF,0xFF,0xFF,0xFF,0xFF,0xFF,0xFF,0xFF,0xFF,0xFF,0xFF,0xFF,0xFF,0xFF,0xFF,0xFF,0xFF,0xFF,0xFF,0xFF,0xFF,
  0xFF,0xFF,0xFF,0xFF,0xFF,0xFF,0xFF,0xFF,0xFF,0xFF,0xFF,0xFF,0xFF,0xFF,0xFF,0xFF,0xFF,0xFF,0xFF,0xFF,0xFF,0xFF,0xFF,0xFF,
  0xFF,0xFF,0xFF,0xFF,0xFF,0xFF,0xFF,0xFF,0xFF,0xFF,0xFF,0xFF,0xFF,0xFF,0xFF,0xFF,0xFF,0xFF,0xFF,0xFF,0xFF,0xFF,0xFF,0xFF,
  0xFF,0xFF,0xFF,0xFF,0xFF,0xFF,0xFF,0xFF,0xFF,0xFF,0xFF,0xFF,0xFF,0xFF,0xFF,0xFF,0xFF,0xFF,0xFF,0xFF,0xFF,0xFF,0xFF,0xFF,
  0xFF,0xFF,0xFF,0xFF,0xFF,0xFF,0xFF,0xFF,0xFF,0xFF,0xFF,0xFF,0xFF,0xFF,0xFF,0xFF,0xFF,0xFF,0xFF,0xFF,0xFF,0xFF,0xFF,0xFF,
  0xFF,0xFF,0xFF,0xFF,0xFF,0xFF,0xFF,0xFF,0xFF,0xFF,0xFF,0xFF,0xFF,0xFF,0xFF,0xFF,0xFF,0xFF,0xFF,0xFF,0xFF,0xFF,0xFF,0xFF,
  0xFF,0xFF,0xFF,0xFF,0xFF,0xFF,0xFF,0xFF,0xFF,0xFF,0xFF,0xFF,0xFF,0xFF,0xFF,0xFF,0xFF,0xFF,0xFF,0xFF,0xFF,0xFF,0xFF,0xFF,
  0xFF,0xFF,0xFF,0xFF,0xFF,0xFF,0xFF,0xFF,0xFF,0xFF,0xFF,0xFF,0xFF,0xFF,0xFF,0xFF,0xFF,0xFF,0xFF,0xFF,0xFF,0xFF,0xFF,0xFF,
  0xFF,0xFF,0xFF,0xFF,0xFF,0xFF,0xFF,0xFF,0xFF,0xFF,0xFF,0xFF,0xFF,0xFF,0xFF,0xFF,0xFF,0xFF,0xFF,0xFF,0xFF,0xFF,0xFF,0xFF,
  0xFD,0xDE,0xF5,0x73,0x15,0x7C,0xD4,0x73,0x7C,0xCE,0xFF,0xFF,0xFF,0xFF,0xFF,0xFF,0xFF,0xFF,0xFF,0xFF,0xFF,0xFF,0xFF,0xFF,
  0xFF,0xFF,0xFF,0xFF,0xFF,0xFF,0xFF,0xFF,0xFF,0xFF,0xFF,0xFF,0xFF,0xFF,0xFF,0xFF,0xFF,0xFF,0xFF,0xFF,0xFF,0xFF,0xFF,0xFF,
  0xFF,0xFF,0xFF,0xFF,0xFF,0xFF,0xFF,0xFF,0xFF,0xFF,0xFF,0xFF,0xFF,0xFF,0xFF,0xFF,0xFF,0xFF,0xFF,0xFF,0xFF,0xFF,0xFF,0xFF,
  0xFF,0xFF,0xFF,0xFF,0xFF,0xFF,0xFF,0xFF,0xFF,0xFF,0xFF,0xFF,0xFF,0xFF,0xFF,0xFF,0xFF,0xFF,0xFF,0xFF,0xFF,0xFF,0xFF,0xFF,
  0xFF,0xFF,0xFF,0xFF,0xFF,0xFF,0xFF,0xFF,0xFF,0xFF,0xFF,0xFF,0xFF,0xFF,0xFF,0xFF,0xFF,0xFF,0xFF,0xFF,0xFF,0xFF,0xFF,0xFF,
  0xFF,0xFF,0xFF,0xFF,0xFF,0xFF,0xFF,0xFF,0xFF,0xFF,0xFF,0xFF,0xFF,0xFF,0xFF,0xFF,0xFF,0xFF,0xFF,0xFF,0xFF,0xFF,0xFF,0xFF,
  0xFF,0xFF,0xFF,0xFF,0xFF,0xFF,0xFF,0xFF,0xFF,0xFF,0xFF,0xFF,0xFF,0xFF,0xFF,0xFF,0xFF,0xFF,0xFF,0xFF,0xFF,0xFF,0xFF,0xFF,
  0xFF,0xFF,0xFF,0xFF,0xFF,0xFF,0xFF,0xFF,0xFF,0xFF,0xFF,0xFF,0xFF,0xFF,0xFF,0xFF,0xFF,0xFF,0xFF,0xFF,0xFF,0xFF,0xFF,0xFF,
  0xFF,0xFF,0xFF,0xFF,0xFF,0xFF,0xFF,0xFF,0xFF,0xFF,0xFF,0xFF,0xFF,0xFF,0xFF,0xFF,0xFF,0xFF,0xFF,0xFF,0xFF,0xFF,0xFF,0xFF,
  0xFF,0xFF,0xFF,0xFF,0xFF,0xFF,0xFF,0xFF,0xFF,0xFF,0xFF,0xFF,0xFF,0xFF,0xFF,0xFF,0xFF,0xFF,0xFF,0xFF,0xFF,0xFF,0xFF,0xFF,
  0xFF,0xFF,0xFF,0xFF,0xFF,0xFF,0xFF,0xFF,0xFF,0xFF,0xFF,0xFF,0xFF,0xFF,0xFF,0xFF,0xFF,0xFF,0xFF,0xFF,0xFF,0xFF,0xFF,0xFF,
  0xFF,0xFF,0xFF,0xFF,0xFF,0xFF,0xFF,0xFF,0xFF,0xFF,0xFF,0xFF,0xFF,0xFF,0xFF,0xFF,0xFF,0xFF,0xFF,0xFF,0xFF,0xFF,0xFF,0xFF,
  0x7C,0xCE,0x4D,0x00,0xAE,0x00,0x0C,0x00,0x59,0x9D,0xFF,0xFF,0xFF,0xFF,0xFF,0xFF,0xFF,0xFF,0xFF,0xFF,0xFF,0xFF,0xFF,0xFF,
  0xFF,0xFF,0xFF,0xFF,0xFF,0xFF,0xFF,0xFF,0xFF,0xFF,0xFF,0xFF,0xFF,0xFF,0xFF,0xFF,0xFF,0xFF,0xFF,0xFF,0xFF,0xFF,0xFF,0xFF,
  0xFF,0xFF,0xFF,0xFF,0xFF,0xFF,0xFF,0xFF,0xFF,0xFF,0xFF,0xFF,0xFF,0xFF,0xFF,0xFF,0xFF,0xFF,0xFF,0xFF,0xFF,0xFF,0xFF,0xFF,
  0xFF,0xFF,0xFF,0xFF,0xFF,0xFF,0xFF,0xFF,0xFF,0xFF,0xFF,0xFF,0xFF,0xFF,0xFF,0xFF,0xFF,0xFF,0xFF,0xFF,0xFF,0xFF,0xFF,0xFF,
  0xFF,0xFF,0xFF,0xFF,0xFF,0xFF,0xFF,0xFF,0xFF,0xFF,0xFF,0xFF,0xFF,0xFF,0xFF,0xFF,0xFF,0xFF,0xFF,0xFF,0xFF,0xFF,0xFF,0xFF,
  0xFF,0xFF,0xFF,0xFF,0xFF,0xFF,0xFF,0xFF,0xFF,0xFF,0xFF,0xFF,0xFF,0xFF,0xFF,0xFF,0xFF,0xFF,0xFF,0xFF,0xFF,0xFF,0xFF,0xFF,
  0xFF,0xFF,0xFF,0xFF,0xFF,0xFF,0xFF,0xFF,0xFF,0xFF,0xFF,0xFF,0xFF,0xFF,0xFF,0xFF,0xFF,0xFF,0xFF,0xFF,0xFF,0xFF,0xFF,0xFF,
  0xFF,0xFF,0xFF,0xFF,0xFF,0xFF,0xFF,0xFF,0xFF,0xFF,0xFF,0xFF,0xFF,0xFF,0xFF,0xFF,0xFF,0xFF,0xFF,0xFF,0xFF,0xFF,0xFF,0xFF,
  0xFF,0xFF,0xFF,0xFF,0xFF,0xFF,0xFF,0xFF,0xFF,0xFF,0xFF,0xFF,0xFF,0xFF,0xFF,0xFF,0xFF,0xFF,0xFF,0xFF,0xFF,0xFF,0xFF,0xFF,
  0xFF,0xFF,0xFF,0xFF,0xFF,0xFF,0xFF,0xFF,0xFF,0xFF,0xFF,0xFF,0xFF,0xFF,0xFF,0xFF,0xFF,0xFF,0xFF,0xFF,0xFF,0xFF,0xFF,0xFF,
  0xFF,0xFF,0xFF,0xFF,0xFF,0xFF,0xFF,0xFF,0xFF,0xFF,0xFF,0xFF,0xFF,0xFF,0xFF,0xFF,0xFF,0xFF,0xFF,0xFF,0xFF,0xFF,0xFF,0xFF,
  0xFF,0xFF,0xFF,0xFF,0xFF,0xFF,0xFF,0xFF,0xFF,0xFF,0xFF,0xFF,0xFF,0xFF,0xFF,0xFF,0xFF,0xFF,0xFF,0xFF,0xDF,0xFF,0xBC,0xD6,
  0x18,0x9D,0xEE,0x20,0x4D,0x31,0xEC,0x28,0x76,0x8C,0x9C,0xCE,0x5E,0xEF,0xFF,0xFF,0xFF,0xFF,0xFF,0xFF,0xFF,0xFF,0xFF,0xFF,
  0xFF,0xFF,0xFF,0xFF,0xFF,0xFF,0xFF,0xFF,0xFF,0xFF,0xFF,0xFF,0xFF,0xFF,0xFF,0xFF,0xFF,0xFF,0xFF,0xFF,0xFF,0xFF,0xFF,0xFF,
  0xFF,0xFF,0xFF,0xFF,0xFF,0xFF,0xFF,0xFF,0xFF,0xFF,0xFF,0xFF,0xFF,0xFF,0xFF,0xFF,0xFF,0xFF,0xFF,0xFF,0xFF,0xFF,0xFF,0xFF,
  0xFF,0xFF,0xFF,0xFF,0xFF,0xFF,0xFF,0xFF,0xFF,0xFF,0xFF,0xFF,0xFF,0xFF,0xFF,0xFF,0xFF,0xFF,0xFF,0xFF,0xFF,0xFF,0xFF,0xFF,
  0xFF,0xFF,0xFF,0xFF,0xFF,0xFF,0xFF,0xFF,0xFF,0xFF,0xFF,0xFF,0xFF,0xFF,0xFF,0xFF,0xFF,0xFF,0xFF,0xFF,0xFF,0xFF,0xFF,0xFF,
  0xFF,0xFF,0xFF,0xFF,0xFF,0xFF,0xFF,0xFF,0xFF,0xFF,0xFF,0xFF,0xFF,0xFF,0xFF,0xFF,0xFF,0xFF,0xFF,0xFF,0xFF,0xFF,0xFF,0xFF,
  0xFF,0xFF,0xFF,0xFF,0xFF,0xFF,0xFF,0xFF,0xFF,0xFF,0xFF,0xFF,0xFF,0xFF,0xFF,0xFF,0xFF,0xFF,0xFF,0xFF,0xFF,0xFF,0xFF,0xFF,
  0xFF,0xFF,0xFF,0xFF,0xFF,0xFF,0xFF,0xFF,0xFF,0xFF,0xFF,0xFF,0xFF,0xFF,0xFF,0xFF,0xFF,0xFF,0xFF,0xFF,0xFF,0xFF,0xFF,0xFF,
  0xFF,0xFF,0xFF,0xFF,0xFF,0xFF,0xFF,0xFF,0xFF,0xFF,0xFF,0xFF,0xFF,0xFF,0xFF,0xFF,0xFF,0xFF,0xFF,0xFF,0xFF,0xFF,0xFF,0xFF,
  0xFF,0xFF,0xFF,0xFF,0xFF,0xFF,0xFF,0xFF,0xFF,0xFF,0xFF,0xFF,0xFF,0xFF,0xFF,0xFF,0xFF,0xFF,0xFF,0xFF,0xFF,0xFF,0xFF,0xFF,
  0xFF,0xFF,0xFF,0xFF,0xFF,0xFF,0xFF,0xFF,0xFF,0xFF,0xFF,0xFF,0xFF,0xFF,0xFF,0xFF,0xFF,0xFF,0xFF,0xFF,0xFF,0xFF,0xFF,0xFF,
  0xFF,0xFF,0xFF,0xFF,0xFF,0xFF,0xFF,0xFF,0xFF,0xFF,0xFF,0xFF,0xFF,0xFF,0xFF,0xFF,0xFF,0xFF,0xFF,0xFF,0x7E,0xEF,0x6F,0x19,
  0xAD,0x00,0x47,0xA9,0x24,0xF9,0x04,0xE9,0xEC,0x20,0x8C,0x00,0x9A,0xAD,0xFF,0xFF,0xDF,0xFF,0xFF,0xFF,0xFF,0xFF,0xFF,0xFF,
  0xFF,0xFF,0xFF,0xFF,0xFF,0xFF,0xFF,0xFF,0xFF,0xFF,0xFF,0xFF,0xFF,0xFF,0xFF,0xFF,0xFF,0xFF,0xFF,0xFF,0xFF,0xFF,0xFF,0xFF,
  0xFF,0xFF,0xFF,0xFF,0xFF,0xFF,0xFF,0xFF,0xFF,0xFF,0xFF,0xFF,0xFF,0xFF,0xFF,0xFF,0xFF,0xFF,0xFF,0xFF,0xFF,0xFF,0xFF,0xFF,
  0xFF,0xFF,0xFF,0xFF,0xFF,0xFF,0xFF,0xFF,0xFF,0xFF,0xFF,0xFF,0xFF,0xFF,0xFF,0xFF,0xFF,0xFF,0xFF,0xFF,0xFF,0xFF,0xFF,0xFF,
  0xFF,0xFF,0xFF,0xFF,0xFF,0xFF,0xFF,0xFF,0xFF,0xFF,0xFF,0xFF,0xFF,0xFF,0xFF,0xFF,0xFF,0xFF,0xFF,0xFF,0xFF,0xFF,0xFF,0xFF,
  0xFF,0xFF,0xFF,0xFF,0xFF,0xFF,0xFF,0xFF,0xFF,0xFF,0xFF,0xFF,0xFF,0xFF,0xFF,0xFF,0xFF,0xFF,0xFF,0xFF,0xFF,0xFF,0xFF,0xFF,
  0xFF,0xFF,0xFF,0xFF,0xFF,0xFF,0xFF,0xFF,0xFF,0xFF,0xFF,0xFF,0xFF,0xFF,0xFF,0xFF,0xFF,0xFF,0xFF,0xFF,0xFF,0xFF,0xFF,0xFF,
  0xFF,0xFF,0xFF,0xFF,0xFF,0xFF,0xFF,0xFF,0xFF,0xFF,0xFF,0xFF,0xFF,0xFF,0xFF,0xFF,0xFF,0xFF,0xFF,0xFF,0xFF,0xFF,0xFF,0xFF,
  0xFF,0xFF,0xFF,0xFF,0xFF,0xFF,0xFF,0xFF,0xFF,0xFF,0xFF,0xFF,0xFF,0xFF,0xFF,0xFF,0xFF,0xFF,0xFF,0xFF,0xFF,0xFF,0xFF,0xFF,
  0xFF,0xFF,0xFF,0xFF,0xFF,0xFF,0xFF,0xFF,0xFF,0xFF,0xFF,0xFF,0xFF,0xFF,0xFF,0xFF,0xFF,0xFF,0xFF,0xFF,0xFF,0xFF,0xFF,0xFF,
  0xFF,0xFF,0xFF,0xFF,0xFF,0xFF,0xFF,0xFF,0xFF,0xFF,0xFF,0xFF,0xFF,0xFF,0xFF,0xFF,0xFF,0xFF,0xFF,0xFF,0xFF,0xFF,0xFF,0xFF,
  0xFF,0xFF,0xFF,0xFF,0xFF,0xFF,0xFF,0xFF,0xFF,0xFF,0xFF,0xFF,0xFF,0xFF,0xFF,0xFF,0xFF,0xFF,0xFF,0xFF,0xBE,0xF7,0x8F,0x11,
  0xCE,0x00,0x27,0xA9,0x03,0xF9,0x04,0xE9,0x0C,0x21,0x8D,0x00,0xDA,0xB5,0xFF,0xFF,0xFF,0xFF,0xFF,0xFF,0xFF,0xFF,0xFF,0xFF,
  0xFF,0xFF,0xFF,0xFF,0xFF,0xFF,0xFF,0xFF,0xFF,0xFF,0xFF,0xFF,0xFF,0xFF,0xFF,0xFF,0xFF,0xFF,0xFF,0xFF,0xFF,0xFF,0xFF,0xFF,
  0xFF,0xFF,0xFF,0xFF,0xFF,0xFF,0xFF,0xFF,0xFF,0xFF,0xFF,0xFF,0xFF,0xFF,0xFF,0xFF,0xFF,0xFF,0xFF,0xFF,0xFF,0xFF,0xFF,0xFF,
  0xFF,0xFF,0xFF,0xFF,0xFF,0xFF,0xFF,0xFF,0xFF,0xFF,0xFF,0xFF,0xFF,0xFF,0xFF,0xFF,0xFF,0xFF,0xFF,0xFF,0xFF,0xFF,0xFF,0xFF,
  0xFF,0xFF,0xFF,0xFF,0xFF,0xFF,0xFF,0xFF,0xFF,0xFF,0xFF,0xFF,0xFF,0xFF,0xFF,0xFF,0xFF,0xFF,0xFF,0xFF,0xFF,0xFF,0xFF,0xFF,
  0xFF,0xFF,0xFF,0xFF,0xFF,0xFF,0xFF,0xFF,0xFF,0xFF,0xFF,0xFF,0xFF,0xFF,0xFF,0xFF,0xFF,0xFF,0xFF,0xFF,0xFF,0xFF,0xFF,0xFF,
  0xFF,0xFF,0xFF,0xFF,0xFF,0xFF,0xFF,0xFF,0xFF,0xFF,0xFF,0xFF,0xFF,0xFF,0xFF,0xFF,0xFF,0xFF,0xFF,0xFF,0xFF,0xFF,0xFF,0xFF,
  0xFF,0xFF,0xFF,0xFF,0xFF,0xFF,0xFF,0xFF,0xFF,0xFF,0xFF,0xFF,0xFF,0xFF,0xFF,0xFF,0xFF,0xFF,0xFF,0xFF,0xFF,0xFF,0xFF,0xFF,
  0xFF,0xFF,0xFF,0xFF,0xFF,0xFF,0xFF,0xFF,0xFF,0xFF,0xFF,0xFF,0xFF,0xFF,0xFF,0xFF,0xFF,0xFF,0xFF,0xFF,0xFF,0xFF,0xFF,0xFF,
  0xFF,0xFF,0xFF,0xFF,0xFF,0xFF,0xFF,0xFF,0xFF,0xFF,0xFF,0xFF,0xFF,0xFF,0xFF,0xFF,0xFF,0xFF,0xFF,0xFF,0xFF,0xFF,0xFF,0xFF,
  0xFF,0xFF,0xFF,0xFF,0xFF,0xFF,0xFF,0xFF,0xFF,0xFF,0xFF,0xFF,0xFF,0xFF,0xFF,0xFF,0xFF,0xFF,0xFF,0xFF,0xFF,0xFF,0xFF,0xFF,
  0xDF,0xFF,0xDF,0xFF,0xDF,0xFF,0xFF,0xFF,0xDF,0xFF,0xDF,0xFF,0xDF,0xFF,0xFF,0xFF,0xFB,0xBD,0x72,0x3A,0xB2,0x4A,0x28,0xA1,
  0x84,0xB0,0x92,0xEC,0xEB,0xFA,0x24,0xF1,0x27,0xB9,0xE6,0xB0,0x30,0x52,0x72,0x42,0x59,0xA5,0xFF,0xFF,0xDF,0xFF,0xDF,0xFF,
  0xDF,0xFF,0xDF,0xFF,0xDF,0xFF,0xDF,0xFF,0xDF,0xFF,0xFF,0xFF,0xFF,0xFF,0xFF,0xFF,0xFF,0xFF,0xFF,0xFF,0xFF,0xFF,0xFF,0xFF,
  0xFF,0xFF,0xFF,0xFF,0xFF,0xFF,0xFF,0xFF,0xFF,0xFF,0xFF,0xFF,0xFF,0xFF,0xFF,0xFF,0xFF,0xFF,0xFF,0xFF,0xFF,0xFF,0xFF,0xFF,
  0xFF,0xFF,0xFF,0xFF,0xFF,0xFF,0xFF,0xFF,0xFF,0xFF,0xFF,0xFF,0xFF,0xFF,0xFF,0xFF,0xFF,0xFF,0xFF,0xFF,0xFF,0xFF,0xFF,0xFF,
  0xFF,0xFF,0xFF,0xFF,0xFF,0xFF,0xFF,0xFF,0xFF,0xFF,0xFF,0xFF,0xFF,0xFF,0xFF,0xFF,0xFF,0xFF,0xFF,0xFF,0xFF,0xFF,0xFF,0xFF,
  0xFF,0xFF,0xFF,0xFF,0xFF,0xFF,0xFF,0xFF,0xFF,0xFF,0xFF,0xFF,0xFF,0xFF,0xFF,0xFF,0xFF,0xFF,0xFF,0xFF,0xFF,0xFF,0xFF,0xFF,
  0xFF,0xFF,0xFF,0xFF,0xFF,0xFF,0xFF,0xFF,0xFF,0xFF,0xFF,0xFF,0xFF,0xFF,0xFF,0xFF,0xFF,0xFF,0xFF,0xFF,0xFF,0xFF,0xFF,0xFF,
  0xFF,0xFF,0xFF,0xFF,0xFF,0xFF,0xFF,0xFF,0xFF,0xFF,0xFF,0xFF,0xFF,0xFF,0xFF,0xFF,0xFF,0xFF,0xFF,0xFF,0xFF,0xFF,0xFF,0xFF,
  0xFF,0xFF,0xFF,0xFF,0xFF,0xFF,0xFF,0xFF,0xFF,0xFF,0xFF,0xFF,0xFF,0xFF,0xFF,0xFF,0xFF,0xFF,0xFF,0xFF,0xFF,0xFF,0xFF,0xFF,
  0xFF,0xFF,0xFF,0xFF,0xFF,0xFF,0xFF,0xFF,0xFF,0xFF,0xFF,0xFF,0xFF,0xFF,0xFF,0xFF,0xFF,0xFF,0xFF,0xFF,0xFF,0xFF,0xFF,0xFF,
  0xFF,0xFF,0xFF,0xFF,0xFF,0xFF,0xFF,0xFF,0xFF,0xFF,0xFF,0xFF,0xFF,0xFF,0xFF,0xFF,0xFF,0xFF,0xFF,0xFF,0xFF,0xFF,0xFF,0xFF,
  0xFF,0xFF,0xFF,0xFF,0xFF,0xFF,0xFF,0xFF,0xFF,0xFF,0xFF,0xFF,0xFF,0xFF,0xFF,0xFF,0x9A,0xAD,0x2C,0x00,0xCC,0x08,0xC4,0xE8,
  0x62,0xF8,0x79,0xFE,0x0F,0xFC,0xC2,0xF8,0x24,0xF9,0xE3,0xF8,0xCC,0x20,0x2C,0x00,0x76,0x84,0xFF,0xFF,0xFF,0xFF,0xFF,0xFF,
  0xFF,0xFF,0xFF,0xFF,0xFF,0xFF,0xFF,0xFF,0xFF,0xFF,0xFF,0xFF,0xFF,0xFF,0xFF,0xFF,0xFF,0xFF,0xFF,0xFF,0xFF,0xFF,0xFF,0xFF,
  0xFF,0xFF,0xFF,0xFF,0xFF,0xFF,0xFF,0xFF,0xFF,0xFF,0xFF,0xFF,0xFF,0xFF,0xFF,0xFF,0xFF,0xFF,0xFF,0xFF,0xFF,0xFF,0xFF,0xFF,
  0xFF,0xFF,0xFF,0xFF,0xFF,0xFF,0xFF,0xFF,0xFF,0xFF,0xFF,0xFF,0xFF,0xFF,0xFF,0xFF,0xFF,0xFF,0xFF,0xFF,0xFF,0xFF,0xFF,0xFF,
  0xFF,0xFF,0xFF,0xFF,0xFF,0xFF,0xFF,0xFF,0xFF,0xFF,0xFF,0xFF,0xFF,0xFF,0xFF,0xFF,0xFF,0xFF,0xFF,0xFF,0xFF,0xFF,0xFF,0xFF,
  0xFF,0xFF,0xFF,0xFF,0xFF,0xFF,0xFF,0xFF,0xFF,0xFF,0xFF,0xFF,0xFF,0xFF,0xFF,0xFF,0xFF,0xFF,0xFF,0xFF,0xFF,0xFF,0xFF,0xFF,
  0xFF,0xFF,0xFF,0xFF,0xFF,0xFF,0xFF,0xFF,0xFF,0xFF,0xFF,0xFF,0xFF,0xFF,0xFF,0xFF,0xFF,0xFF,0xFF,0xFF,0xFF,0xFF,0xFF,0xFF,
  0xFF,0xFF,0xFF,0xFF,0xFF,0xFF,0xFF,0xFF,0xFF,0xFF,0xFF,0xFF,0xFF,0xFF,0xFF,0xFF,0xFF,0xFF,0xFF,0xFF,0xFF,0xFF,0xFF,0xFF,
  0xFF,0xFF,0xFF,0xFF,0xFF,0xFF,0xFF,0xFF,0xFF,0xFF,0xFF,0xFF,0xFF,0xFF,0xFF,0xFF,0xFF,0xFF,0xFF,0xFF,0xFF,0xFF,0xFF,0xFF,
  0xFF,0xFF,0xFF,0xFF,0xFF,0xFF,0xFF,0xFF,0xFF,0xFF,0xFF,0xFF,0xFF,0xFF,0xFF,0xFF,0xFF,0xFF,0xFF,0xFF,0xFF,0xFF,0xFF,0xFF,
  0xFF,0xFF,0xFF,0xFF,0xFF,0xFF,0xFF,0xFF,0xFF,0xFF,0xFF,0xFF,0xFF,0xFF,0xFF,0xFF,0xFF,0xFF,0xFF,0xFF,0xFF,0xFF,0x9E,0xF7,
  0xDA,0xB5,0xBA,0xB5,0xBA,0xB5,0xB9,0xAD,0xB9,0xAD,0xB9,0xAD,0x99,0xAD,0xBA,0xB5,0xF6,0x73,0xAD,0x00,0xEC,0x18,0xC4,0xE0,
  0xC3,0xF0,0x18,0xFE,0x75,0xFD,0xAA,0xFA,0xE4,0xF0,0x04,0xF1,0xE9,0x60,0x88,0x48,0x52,0x6B,0xDA,0xAD,0xBA,0xAD,0xBA,0xB5,
  0xB9,0xAD,0xB9,0xAD,0xBA,0xAD,0xBA,0xB5,0x99,0xAD,0xBC,0xD6,0xFF,0xFF,0xFF,0xFF,0xFF,0xFF,0xFF,0xFF,0xFF,0xFF,0xFF,0xFF,
  0xFF,0xFF,0xFF,0xFF,0xFF,0xFF,0xFF,0xFF,0xFF,0xFF,0xFF,0xFF,0xFF,0xFF,0xFF,0xFF,0xFF,0xFF,0xFF,0xFF,0xFF,0xFF,0xFF,0xFF,
  0xFF,0xFF,0xFF,0xFF,0xFF,0xFF,0xFF,0xFF,0xFF,0xFF,0xFF,0xFF,0xFF,0xFF,0xFF,0xFF,0xFF,0xFF,0xFF,0xFF,0xFF,0xFF,0xFF,0xFF,
  0xFF,0xFF,0xFF,0xFF,0xFF,0xFF,0xFF,0xFF,0xFF,0xFF,0xFF,0xFF,0xFF,0xFF,0xFF,0xFF,0xFF,0xFF,0xFF,0xFF,0xFF,0xFF,0xFF,0xFF,
  0xFF,0xFF,0xFF,0xFF,0xFF,0xFF,0xFF,0xFF,0xFF,0xFF,0xFF,0xFF,0xFF,0xFF,0xFF,0xFF,0xFF,0xFF,0xFF,0xFF,0xFF,0xFF,0xFF,0xFF,
  0xFF,0xFF,0xFF,0xFF,0xFF,0xFF,0xFF,0xFF,0xFF,0xFF,0xFF,0xFF,0xFF,0xFF,0xFF,0xFF,0xFF,0xFF,0xFF,0xFF,0xFF,0xFF,0xFF,0xFF,
  0xFF,0xFF,0xFF,0xFF,0xFF,0xFF,0xFF,0xFF,0xFF,0xFF,0xFF,0xFF,0xFF,0xFF,0xFF,0xFF,0xFF,0xFF,0xFF,0xFF,0xFF,0xFF,0xFF,0xFF,
  0xFF,0xFF,0xFF,0xFF,0xFF,0xFF,0xFF,0xFF,0xFF,0xFF,0xFF,0xFF,0xFF,0xFF,0xFF,0xFF,0xFF,0xFF,0xFF,0xFF,0xFF,0xFF,0xFF,0xFF,
  0xFF,0xFF,0xFF,0xFF,0xFF,0xFF,0xFF,0xFF,0xFF,0xFF,0xFF,0xFF,0xFF,0xFF,0xFF,0xFF,0xFF,0xFF,0xFF,0xFF,0xFF,0xFF,0xFF,0xFF,
  0xFF,0xFF,0xFF,0xFF,0xFF,0xFF,0xFF,0xFF,0xFF,0xFF,0xFF,0xFF,0xFF,0xFF,0xFF,0xFF,0xFF,0xFF,0xFF,0xFF,0xFF,0xFF,0xBC,0xD6,
  0xAD,0x00,0x8D,0x00,0x8D,0x00,0x8D,0x00,0x8D,0x00,0x8C,0x00,0x6C,0x00,0x6C,0x00,0xAD,0x00,0xEF,0x00,0xED,0x10,0x66,0xE9,
  0x24,0xF9,0xD7,0xFD,0xFF,0xFF,0xBA,0xFE,0xC4,0xF8,0x04,0xF9,0xA3,0xE8,0xC2,0xF0,0xCC,0x30,0xAF,0x00,0x8D,0x00,0x8D,0x00,
  0x8D,0x00,0x8D,0x00,0x8D,0x00,0xAD,0x00,0x0B,0x00,0xF5,0x73,0xFF,0xFF,0xFF,0xFF,0xFF,0xFF,0xFF,0xFF,0xFF,0xFF,0xFF,0xFF,
  0xFF,0xFF,0xFF,0xFF,0xFF,0xFF,0xFF,0xFF,0xFF,0xFF,0xFF,0xFF,0xFF,0xFF,0xFF,0xFF,0xFF,0xFF,0xFF,0xFF,0xFF,0xFF,0xFF,0xFF,
  0xFF,0xFF,0xFF,0xFF,0xFF,0xFF,0xFF,0xFF,0xFF,0xFF,0xFF,0xFF,0xFF,0xFF,0xFF,0xFF,0xFF,0xFF,0xFF,0xFF,0xFF,0xFF,0xFF,0xFF,
  0xFF,0xFF,0xFF,0xFF,0xFF,0xFF,0xFF,0xFF,0xFF,0xFF,0xFF,0xFF,0xFF,0xFF,0xFF,0xFF,0xFF,0xFF,0xFF,0xFF,0xFF,0xFF,0xFF,0xFF,
  0xFF,0xFF,0xFF,0xFF,0xFF,0xFF,0xFF,0xFF,0xFF,0xFF,0xFF,0xFF,0xFF,0xFF,0xFF,0xFF,0xFF,0xFF,0xFF,0xFF,0xFF,0xFF,0xFF,0xFF,
  0xFF,0xFF,0xFF,0xFF,0xFF,0xFF,0xFF,0xFF,0xFF,0xFF,0xFF,0xFF,0xFF,0xFF,0xFF,0xFF,0xFF,0xFF,0xFF,0xFF,0xFF,0xFF,0xFF,0xFF,
  0xFF,0xFF,0xFF,0xFF,0xFF,0xFF,0xFF,0xFF,0xFF,0xFF,0xFF,0xFF,0xFF,0xFF,0xFF,0xFF,0xFF,0xFF,0xFF,0xFF,0xFF,0xFF,0xFF,0xFF,
  0xFF,0xFF,0xFF,0xFF,0xFF,0xFF,0xFF,0xFF,0xFF,0xFF,0xFF,0xFF,0xFF,0xFF,0xFF,0xFF,0xFF,0xFF,0xFF,0xFF,0xFF,0xFF,0xFF,0xFF,
  0xFF,0xFF,0xFF,0xFF,0xFF,0xFF,0xFF,0xFF,0xFF,0xFF,0xFF,0xFF,0xFF,0xFF,0xFF,0xFF,0xFF,0xFF,0xFF,0xFF,0xFF,0xFF,0xFF,0xFF,
  0xFF,0xFF,0xFF,0xFF,0xFF,0xFF,0xFF,0xFF,0xFF,0xFF,0xFF,0xFF,0xFF,0xFF,0xFF,0xFF,0xFF,0xFF,0xDF,0xFF,0xDF,0xF7,0xBC,0xD6,
  0x2F,0x09,0x0F,0x01,0x0E,0x01,0x0E,0x01,0x0E,0x01,0x0F,0x01,0xEF,0x00,0xEE,0x00,0xEE,0x00,0xEF,0x00,0x0E,0x11,0x25,0xE9,
  0x82,0xF8,0x96,0xFD,0xFF,0xFF,0x79,0xFE,0x24,0xF9,0x65,0xF9,0x04,0xE1,0xE3,0xE8,0xED,0x38,0x0F,0x01,0xEE,0x00,0xEE,0x00,
  0xEE,0x00,0x0E,0x01,0x0F,0x01,0x2F,0x01,0x8D,0x00,0x36,0x7C,0xDF,0xFF,0xBF,0xF7,0xFF,0xFF,0xFF,0xFF,0xFF,0xFF,0xFF,0xFF,
  0xFF,0xFF,0xFF,0xFF,0xFF,0xFF,0xFF,0xFF,0xFF,0xFF,0xFF,0xFF,0xFF,0xFF,0xFF,0xFF,0xFF,0xFF,0xFF,0xFF,0xFF,0xFF,0xFF,0xFF,
  0xFF,0xFF,0xFF,0xFF,0xFF,0xFF,0xFF,0xFF,0xFF,0xFF,0xFF,0xFF,0xFF,0xFF,0xFF,0xFF,0xFF,0xFF,0xFF,0xFF,0xFF,0xFF,0xFF,0xFF,
  0xFF,0xFF,0xFF,0xFF,0xFF,0xFF,0xFF,0xFF,0xFF,0xFF,0xFF,0xFF,0xFF,0xFF,0xFF,0xFF,0xFF,0xFF,0xFF,0xFF,0xFF,0xFF,0xFF,0xFF,
  0xFF,0xFF,0xFF,0xFF,0xFF,0xFF,0xFF,0xFF,0xFF,0xFF,0xFF,0xFF,0xFF,0xFF,0xFF,0xFF,0xFF,0xFF,0xFF,0xFF,0xFF,0xFF,0xFF,0xFF,
  0xFF,0xFF,0xFF,0xFF,0xFF,0xFF,0xFF,0xFF,0xFF,0xFF,0xFF,0xFF,0xFF,0xFF,0xFF,0xFF,0xFF,0xFF,0xFF,0xFF,0xFF,0xFF,0xFF,0xFF,
  0xFF,0xFF,0xFF,0xFF,0xFF,0xFF,0xFF,0xFF,0xFF,0xFF,0xFF,0xFF,0xFF,0xFF,0xFF,0xFF,0xFF,0xFF,0xFF,0xFF,0xFF,0xFF,0xFF,0xFF,
  0xFF,0xFF,0xFF,0xFF,0xFF,0xFF,0xFF,0xFF,0xFF,0xFF,0xFF,0xFF,0xFF,0xFF,0xFF,0xFF,0xFF,0xFF,0xFF,0xFF,0xFF,0xFF,0xFF,0xFF,
  0xFF,0xFF,0xFF,0xFF,0xFF,0xFF,0xFF,0xFF,0xFF,0xFF,0xFF,0xFF,0xFF,0xFF,0xFF,0xFF,0xFF,0xFF,0xFF,0xFF,0xFF,0xFF,0xFF,0xFF,
  0xFF,0xFF,0xFF,0xFF,0xDF,0xFF,0xFF,0xFF,0xBC,0xD6,0x31,0x32,0x51,0x32,0x72,0x32,0x72,0x32,0x31,0x2A,0xD0,0x21,0xF2,0x19,
  0x9B,0x02,0x9A,0x02,0xDB,0x1B,0x3C,0x24,0x3C,0x24,0x7D,0x2C,0x7C,0x2C,0x7C,0x24,0x79,0x1B,0xCE,0x00,0xEC,0x10,0x83,0xC8,
  0x62,0xE0,0xA7,0xF1,0x6D,0xFB,0x7D,0xFF,0xDB,0xFE,0x38,0xFE,0x45,0xF1,0xE4,0xF8,0xEB,0x38,0xAD,0x00,0xB7,0x12,0xFC,0x13,
  0xBB,0x13,0xDC,0x13,0xFC,0x13,0xFC,0x1B,0x1D,0x14,0xB5,0x1A,0xAF,0x21,0x11,0x22,0x72,0x32,0x52,0x32,0x51,0x32,0xF0,0x29,
  0xB5,0x6B,0xDF,0xFF,0xDF,0xFF,0xFF,0xFF,0xFF,0xFF,0xFF,0xFF,0xFF,0xFF,0xFF,0xFF,0xFF,0xFF,0xFF,0xFF,0xFF,0xFF,0xFF,0xFF,
  0xFF,0xFF,0xFF,0xFF,0xFF,0xFF,0xFF,0xFF,0xFF,0xFF,0xFF,0xFF,0xFF,0xFF,0xFF,0xFF,0xFF,0xFF,0xFF,0xFF,0xFF,0xFF,0xFF,0xFF,
  0xFF,0xFF,0xFF,0xFF,0xFF,0xFF,0xFF,0xFF,0xFF,0xFF,0xFF,0xFF,0xFF,0xFF,0xFF,0xFF,0xFF,0xFF,0xFF,0xFF,0xFF,0xFF,0xFF,0xFF,
  0xFF,0xFF,0xFF,0xFF,0xFF,0xFF,0xFF,0xFF,0xFF,0xFF,0xFF,0xFF,0xFF,0xFF,0xFF,0xFF,0xFF,0xFF,0xFF,0xFF,0xFF,0xFF,0xFF,0xFF,
  0xFF,0xFF,0xFF,0xFF,0xFF,0xFF,0xFF,0xFF,0xFF,0xFF,0xFF,0xFF,0xFF,0xFF,0xFF,0xFF,0xFF,0xFF,0xFF,0xFF,0xFF,0xFF,0xFF,0xFF,
  0xFF,0xFF,0xFF,0xFF,0xFF,0xFF,0xFF,0xFF,0xFF,0xFF,0xFF,0xFF,0xFF,0xFF,0xFF,0xFF,0xFF,0xFF,0xFF,0xFF,0xFF,0xFF,0xFF,0xFF,
  0xFF,0xFF,0xFF,0xFF,0xFF,0xFF,0xFF,0xFF,0xFF,0xFF,0xFF,0xFF,0xFF,0xFF,0xFF,0xFF,0xFF,0xFF,0xFF,0xFF,0xFF,0xFF,0xFF,0xFF,
  0xFF,0xFF,0xFF,0xFF,0xFF,0xFF,0xFF,0xFF,0xFF,0xFF,0xFF,0xFF,0xFF,0xFF,0xFF,0xFF,0xFF,0xFF,0xFF,0xFF,0xFF,0xFF,0xFF,0xFF,
  0xFF,0xFF,0xFF,0xFF,0xFF,0xFF,0xFF,0xFF,0x1D,0xDF,0x8D,0x00,0x8D,0x00,0x8D,0x00,0x6D,0x00,0x8D,0x00,0x6D,0x00,0xCF,0x00,
  0xBB,0x02,0xDC,0x02,0xDF,0x2C,0x5F,0x3D,0x1F,0x2D,0xFF,0x24,0x3F,0x2D,0x7F,0x25,0x1D,0x0C,0xAE,0x00,0xCD,0x08,0x82,0xD8,
  0xA2,0xF0,0x04,0xF1,0x48,0xFA,0xFF,0xFF,0xFF,0xFF,0x3C,0xFF,0x83,0xF8,0xC3,0xF8,0x0C,0x31,0xAF,0x00,0x7A,0x13,0x1F,0x25,
  0xBF,0x1C,0xBF,0x1C,0xBF,0x1C,0x9F,0x1C,0x1F,0x25,0x75,0x0A,0x2C,0x00,0x8D,0x00,0x6D,0x00,0x6D,0x00,0x8D,0x00,0x2C,0x00,
  0x92,0x42,0xFF,0xFF,0xFF,0xFF,0xFF,0xFF,0xFF,0xFF,0xFF,0xFF,0xFF,0xFF,0xFF,0xFF,0xFF,0xFF,0xFF,0xFF,0xFF,0xFF,0xFF,0xFF,
  0xFF,0xFF,0xFF,0xFF,0xFF,0xFF,0xFF,0xFF,0xFF,0xFF,0xFF,0xFF,0xFF,0xFF,0xFF,0xFF,0xFF,0xFF,0xFF,0xFF,0xFF,0xFF,0xFF,0xFF,
  0xFF,0xFF,0xFF,0xFF,0xFF,0xFF,0xFF,0xFF,0xFF,0xFF,0xFF,0xFF,0xFF,0xFF,0xFF,0xFF,0xFF,0xFF,0xFF,0xFF,0xFF,0xFF,0xFF,0xFF,
  0xFF,0xFF,0xFF,0xFF,0xFF,0xFF,0xFF,0xFF,0xFF,0xFF,0xFF,0xFF,0xFF,0xFF,0xFF,0xFF,0xFF,0xFF,0xFF,0xFF,0xFF,0xFF,0xFF,0xFF,
  0xFF,0xFF,0xFF,0xFF,0xFF,0xFF,0xFF,0xFF,0xFF,0xFF,0xFF,0xFF,0xFF,0xFF,0xFF,0xFF,0xFF,0xFF,0xFF,0xFF,0xFF,0xFF,0xFF,0xFF,
  0xFF,0xFF,0xFF,0xFF,0xFF,0xFF,0xFF,0xFF,0xFF,0xFF,0xFF,0xFF,0xFF,0xFF,0xFF,0xFF,0xFF,0xFF,0xFF,0xFF,0xFF,0xFF,0xFF,0xFF,
  0xFF,0xFF,0xFF,0xFF,0xFF,0xFF,0xFF,0xFF,0xFF,0xFF,0xFF,0xFF,0xFF,0xFF,0xFF,0xFF,0xFF,0xFF,0xFF,0xFF,0xFF,0xFF,0xFF,0xFF,
  0xFF,0xFF,0xFF,0xFF,0xFF,0xFF,0xFF,0xFF,0xFF,0xFF,0xFF,0xFF,0xFF,0xFF,0xFF,0xFF,0xFF,0xFF,0xFF,0xFF,0xFF,0xFF,0xBF,0xF7,
  0xFD,0xDE,0xFD,0xDE,0xDC,0xD6,0xB9,0xAD,0x57,0x7C,0xB4,0x01,0x94,0x01,0x13,0x0A,0x94,0x1A,0x95,0x1A,0xB5,0x1A,0xB6,0x12,
  0xBC,0x02,0xBC,0x02,0xDD,0x1B,0x1E,0x1C,0x1F,0x4D,0x1F,0x7E,0x79,0x1B,0x14,0x4B,0xB2,0x62,0xCA,0x40,0x0A,0x49,0xE8,0x88,
  0xC7,0x98,0x45,0xE9,0xC7,0xF9,0x92,0xFC,0xDB,0xFE,0x5D,0xFF,0x6D,0xFB,0x86,0xF9,0x09,0x81,0xEA,0x60,0x74,0x32,0x59,0x13,
  0x7B,0x13,0xFF,0x13,0xBD,0x0B,0xBD,0x0B,0xFE,0x13,0x39,0x13,0x95,0x12,0x95,0x12,0x74,0x12,0x54,0x0A,0xD5,0x01,0xB5,0x01,
  0x95,0x2A,0xB6,0x8C,0xDA,0xB5,0xFD,0xDE,0xFD,0xDE,0xFD,0xDE,0xDF,0xFF,0xFF,0xFF,0xFF,0xFF,0xFF,0xFF,0xFF,0xFF,0xFF,0xFF,
  0xFF,0xFF,0xFF,0xFF,0xFF,0xFF,0xFF,0xFF,0xFF,0xFF,0xFF,0xFF,0xFF,0xFF,0xFF,0xFF,0xFF,0xFF,0xFF,0xFF,0xFF,0xFF,0xFF,0xFF,
  0xFF,0xFF,0xFF,0xFF,0xFF,0xFF,0xFF,0xFF,0xFF,0xFF,0xFF,0xFF,0xFF,0xFF,0xFF,0xFF,0xFF,0xFF,0xFF,0xFF,0xFF,0xFF,0xFF,0xFF,
  0xFF,0xFF,0xFF,0xFF,0xFF,0xFF,0xFF,0xFF,0xFF,0xFF,0xFF,0xFF,0xFF,0xFF,0xFF,0xFF,0xFF,0xFF,0xFF,0xFF,0xFF,0xFF,0xFF,0xFF,
  0xFF,0xFF,0xFF,0xFF,0xFF,0xFF,0xFF,0xFF,0xFF,0xFF,0xFF,0xFF,0xFF,0xFF,0xFF,0xFF,0xFF,0xFF,0xFF,0xFF,0xFF,0xFF,0xFF,0xFF,
  0xFF,0xFF,0xFF,0xFF,0xFF,0xFF,0xFF,0xFF,0xFF,0xFF,0xFF,0xFF,0xFF,0xFF,0xFF,0xFF,0xFF,0xFF,0xFF,0xFF,0xFF,0xFF,0xFF,0xFF,
  0xFF,0xFF,0xFF,0xFF,0xFF,0xFF,0xFF,0xFF,0xFF,0xFF,0xFF,0xFF,0xFF,0xFF,0xFF,0xFF,0xFF,0xFF,0xFF,0xFF,0xFF,0xFF,0xFF,0xFF,
  0xFF,0xFF,0xFF,0xFF,0xFF,0xFF,0xFF,0xFF,0xFF,0xFF,0xFF,0xFF,0xFF,0xFF,0xFF,0xFF,0xDF,0xFF,0xDF,0xFF,0xDF,0xFF,0x3B,0xC6,
  0xEF,0x00,0x2F,0x09,0x2F,0x01,0x8C,0x00,0xAE,0x00,0x9B,0x02,0x7B,0x02,0x3E,0x24,0xDF,0x45,0x9F,0x3D,0xBF,0x45,0x3F,0x35,
  0xDD,0x02,0xDD,0x02,0xDC,0x02,0x5C,0x02,0x5E,0x85,0xFF,0xFF,0xB2,0x19,0x86,0x80,0xC2,0xF8,0xC3,0xF0,0xE5,0xC8,0x0F,0x01,
  0xCF,0x00,0x05,0xD9,0x44,0xF9,0x41,0xF0,0x75,0xFD,0xFF,0xFF,0xFF,0xFF,0x69,0xFA,0xE3,0xF8,0xE2,0xF8,0xA9,0x58,0x8D,0x00,
  0x94,0x01,0xFE,0x02,0xBD,0x02,0xDD,0x02,0x9D,0x02,0x5F,0x1C,0x9F,0x3D,0x5F,0x35,0x5F,0x35,0xBF,0x24,0x1E,0x03,0x3F,0x03,
  0x37,0x02,0x4B,0x00,0xCE,0x00,0x2F,0x09,0x0E,0x01,0x0D,0x09,0xBC,0xD6,0xFF,0xFF,0xDF,0xFF,0xDF,0xFF,0xFF,0xFF,0xFF,0xFF,
  0xFF,0xFF,0xFF,0xFF,0xFF,0xFF,0xFF,0xFF,0xFF,0xFF,0xFF,0xFF,0xFF,0xFF,0xFF,0xFF,0xFF,0xFF,0xFF,0xFF,0xFF,0xFF,0xFF,0xFF,
  0xFF,0xFF,0xFF,0xFF,0xFF,0xFF,0xFF,0xFF,0xFF,0xFF,0xFF,0xFF,0xFF,0xFF,0xFF,0xFF,0xFF,0xFF,0xFF,0xFF,0xFF,0xFF,0xFF,0xFF,
  0xFF,0xFF,0xFF,0xFF,0xFF,0xFF,0xFF,0xFF,0xFF,0xFF,0xFF,0xFF,0xFF,0xFF,0xFF,0xFF,0xFF,0xFF,0xFF,0xFF,0xFF,0xFF,0xFF,0xFF,
  0xFF,0xFF,0xFF,0xFF,0xFF,0xFF,0xFF,0xFF,0xFF,0xFF,0xFF,0xFF,0xFF,0xFF,0xFF,0xFF,0xFF,0xFF,0xFF,0xFF,0xFF,0xFF,0xFF,0xFF,
  0xFF,0xFF,0xFF,0xFF,0xFF,0xFF,0xFF,0xFF,0xFF,0xFF,0xFF,0xFF,0xFF,0xFF,0xFF,0xFF,0xFF,0xFF,0xFF,0xFF,0xFF,0xFF,0xFF,0xFF,
  0xFF,0xFF,0xFF,0xFF,0xFF,0xFF,0xFF,0xFF,0xFF,0xFF,0xFF,0xFF,0xFF,0xFF,0xFF,0xFF,0xFF,0xFF,0xFF,0xFF,0xFF,0xFF,0xFF,0xFF,
  0xFF,0xFF,0xFF,0xFF,0xFF,0xFF,0xFF,0xFF,0xFF,0xFF,0xFF,0xFF,0xFF,0xFF,0xFF,0xFF,0xFF,0xFF,0xFF,0xFF,0xFF,0xFF,0xBC,0xD6,
  0xAD,0x00,0xEE,0x00,0xCE,0x00,0xEE,0x00,0x30,0x01,0x79,0x02,0x39,0x02,0xDC,0x1B,0x5F,0x3D,0x1F,0x35,0x3F,0x3D,0xDE,0x34,
  0xDD,0x02,0xDD,0x02,0xFD,0x02,0x5C,0x02,0x3D,0x7D,0xFF,0xFF,0x12,0x1A,0xC9,0x60,0x04,0xF1,0xE3,0xE8,0xC5,0xC8,0xCE,0x08,
  0xCD,0x18,0x25,0xE1,0x45,0xF9,0xE3,0xF8,0x75,0xFD,0xDF,0xFF,0xBE,0xFF,0x28,0xF2,0x83,0xF0,0x82,0xF8,0xC9,0x58,0xCD,0x00,
  0xB4,0x01,0x1E,0x03,0xFD,0x02,0xFE,0x02,0xBD,0x02,0xFE,0x1B,0xFF,0x2C,0xDF,0x2C,0xDF,0x2C,0x5E,0x1C,0xDD,0x02,0x1E,0x03,
  0x59,0x02,0xEE,0x00,0xEE,0x00,0xAD,0x00,0xCD,0x00,0xED,0x00,0x3D,0xE7,0xFF,0xFF,0xFF,0xFF,0xFF,0xFF,0xFF,0xFF,0xFF,0xFF,
  0xFF,0xFF,0xFF,0xFF,0xFF,0xFF,0xFF,0xFF,0xFF,0xFF,0xFF,0xFF,0xFF,0xFF,0xFF,0xFF,0xFF,0xFF,0xFF,0xFF,0xFF,0xFF,0xFF,0xFF,
  0xFF,0xFF,0xFF,0xFF,0xFF,0xFF,0xFF,0xFF,0xFF,0xFF,0xFF,0xFF,0xFF,0xFF,0xFF,0xFF,0xFF,0xFF,0xFF,0xFF,0xFF,0xFF,0xFF,0xFF,
  0xFF,0xFF,0xFF,0xFF,0xFF,0xFF,0xFF,0xFF,0xFF,0xFF,0xFF,0xFF,0xFF,0xFF,0xFF,0xFF,0xFF,0xFF,0xFF,0xFF,0xFF,0xFF,0xFF,0xFF,
  0xFF,0xFF,0xFF,0xFF,0xFF,0xFF,0xFF,0xFF,0xFF,0xFF,0xFF,0xFF,0xFF,0xFF,0xFF,0xFF,0xFF,0xFF,0xFF,0xFF,0xFF,0xFF,0xFF,0xFF,
  0xFF,0xFF,0xFF,0xFF,0xFF,0xFF,0xFF,0xFF,0xFF,0xFF,0xFF,0xFF,0xFF,0xFF,0xFF,0xFF,0xFF,0xFF,0xFF,0xFF,0xFF,0xFF,0xFF,0xFF,
  0xFF,0xFF,0xFF,0xFF,0xFF,0xFF,0xFF,0xFF,0xFF,0xFF,0xFF,0xFF,0xFF,0xFF,0xFF,0xFF,0xFF,0xFF,0xFF,0xFF,0xFF,0xFF,0xFF,0xFF,
  0xFF,0xFF,0xFF,0xFF,0xFF,0xFF,0xFF,0xFF,0xFF,0xFF,0xFF,0xFF,0xFF,0xFF,0x5E,0xEF,0x56,0x7C,0x36,0x7C,0x56,0x84,0xD6,0x63,
  0xF7,0x01,0xB5,0x01,0xB8,0x0A,0x9B,0x13,0xDB,0x1B,0x9E,0x5D,0xDE,0x6D,0x5D,0x34,0xDC,0x02,0xFC,0x02,0x1C,0x03,0xDA,0x02,
  0x51,0x01,0x52,0x01,0x92,0x01,0xF1,0x00,0xB8,0x84,0xFF,0xFF,0xF7,0x94,0x6B,0x08,0x08,0x79,0x4E,0xFC,0x4B,0xF3,0xE5,0xD8,
  0x26,0xD9,0x25,0xF9,0x24,0xF9,0x24,0xF9,0x86,0xF9,0x6A,0xFA,0x7D,0xFF,0x1C,0xFF,0x8A,0xFA,0xE3,0xF8,0x45,0xE9,0xEB,0x48,
  0x30,0x01,0x72,0x01,0x51,0x01,0x51,0x01,0x30,0x01,0x17,0x02,0xDC,0x02,0xBA,0x02,0x9A,0x02,0xDC,0x02,0x1E,0x03,0x1E,0x03,
  0xDD,0x13,0x5C,0x2C,0x1B,0x24,0xDA,0x1B,0xF6,0x01,0xB6,0x01,0x55,0x53,0x94,0x63,0x94,0x63,0x77,0x84,0xBF,0xF7,0xFF,0xFF,
  0xFF,0xFF,0xFF,0xFF,0xFF,0xFF,0xFF,0xFF,0xFF,0xFF,0xFF,0xFF,0xFF,0xFF,0xFF,0xFF,0xFF,0xFF,0xFF,0xFF,0xFF,0xFF,0xFF,0xFF,
  0xFF,0xFF,0xFF,0xFF,0xFF,0xFF,0xFF,0xFF,0xFF,0xFF,0xFF,0xFF,0xFF,0xFF,0xFF,0xFF,0xFF,0xFF,0xFF,0xFF,0xFF,0xFF,0xFF,0xFF,
  0xFF,0xFF,0xFF,0xFF,0xFF,0xFF,0xFF,0xFF,0xFF,0xFF,0xFF,0xFF,0xFF,0xFF,0xFF,0xFF,0xFF,0xFF,0xFF,0xFF,0xFF,0xFF,0xFF,0xFF,
  0xFF,0xFF,0xFF,0xFF,0xFF,0xFF,0xFF,0xFF,0xFF,0xFF,0xFF,0xFF,0xFF,0xFF,0xFF,0xFF,0xFF,0xFF,0xFF,0xFF,0xFF,0xFF,0xFF,0xFF,
  0xFF,0xFF,0xFF,0xFF,0xFF,0xFF,0xFF,0xFF,0xFF,0xFF,0xFF,0xFF,0xFF,0xFF,0xFF,0xFF,0xFF,0xFF,0xFF,0xFF,0xFF,0xFF,0xFF,0xFF,
  0xFF,0xFF,0xFF,0xFF,0xFF,0xFF,0xFF,0xFF,0xFF,0xFF,0xFF,0xFF,0xFF,0xFF,0xFF,0xFF,0xFF,0xFF,0xFF,0xFF,0xFF,0xFF,0xFF,0xFF,
  0xFF,0xFF,0xFF,0xFF,0xFF,0xFF,0xFF,0xFF,0xFF,0xFF,0xFF,0xFF,0xFF,0xFF,0x3D,0xE7,0xAC,0x00,0x2C,0x00,0x2B,0x00,0x8E,0x00,
  0x19,0x02,0xD9,0x01,0x7D,0x0B,0xBF,0x1C,0x9F,0x1C,0x7F,0x6E,0x1F,0x87,0xFF,0x44,0x9E,0x02,0xFE,0x02,0xFE,0x02,0x7A,0x02,
  0x6C,0x00,0x6C,0x00,0x8C,0x00,0x0A,0x00,0x15,0x74,0xFF,0xFF,0xBA,0xB5,0x8E,0x00,0xEA,0x60,0x0D,0xFC,0x8F,0xFC,0xE3,0xF8,
  0x04,0xF9,0x04,0xF9,0x04,0xF9,0x25,0xF9,0xA3,0xF8,0x86,0xF9,0xDF,0xFF,0xFF,0xFF,0x2C,0xFB,0xE3,0xF8,0x24,0xF9,0xCA,0x50,
  0xCE,0x00,0x6D,0x00,0x6D,0x00,0x6C,0x00,0x2A,0x00,0x94,0x01,0xDD,0x02,0x7B,0x02,0x7B,0x02,0xDD,0x02,0x5F,0x03,0x1E,0x03,
  0x1E,0x14,0x7F,0x35,0x7F,0x3D,0x5F,0x35,0x19,0x02,0x97,0x01,0xAE,0x00,0x6C,0x00,0x4D,0x00,0x90,0x11,0xFF,0xFF,0xFF,0xFF,
  0xFF,0xFF,0xFF,0xFF,0xFF,0xFF,0xFF,0xFF,0xFF,0xFF,0xFF,0xFF,0xFF,0xFF,0xFF,0xFF,0xFF,0xFF,0xFF,0xFF,0xFF,0xFF,0xFF,0xFF,
  0xFF,0xFF,0xFF,0xFF,0xFF,0xFF,0xFF,0xFF,0xFF,0xFF,0xFF,0xFF,0xFF,0xFF,0xFF,0xFF,0xFF,0xFF,0xFF,0xFF,0xFF,0xFF,0xFF,0xFF,
  0xFF,0xFF,0xFF,0xFF,0xFF,0xFF,0xFF,0xFF,0xFF,0xFF,0xFF,0xFF,0xFF,0xFF,0xFF,0xFF,0xFF,0xFF,0xFF,0xFF,0xFF,0xFF,0xFF,0xFF,
  0xFF,0xFF,0xFF,0xFF,0xFF,0xFF,0xFF,0xFF,0xFF,0xFF,0xFF,0xFF,0xFF,0xFF,0xFF,0xFF,0xFF,0xFF,0xFF,0xFF,0xFF,0xFF,0xFF,0xFF,
  0xFF,0xFF,0xFF,0xFF,0xFF,0xFF,0xFF,0xFF,0xFF,0xFF,0xFF,0xFF,0xFF,0xFF,0xFF,0xFF,0xFF,0xFF,0xFF,0xFF,0xFF,0xFF,0xFF,0xFF,
  0xFF,0xFF,0xFF,0xFF,0xFF,0xFF,0xFF,0xFF,0xFF,0xFF,0xFF,0xFF,0xFF,0xFF,0xFF,0xFF,0xFF,0xFF,0xFF,0xFF,0xFF,0xFF,0xFF,0xFF,
  0xFF,0xFF,0xFF,0xFF,0xFF,0xFF,0xFF,0xFF,0xFF,0xFF,0x5E,0xE7,0x1A,0xBE,0x78,0xA5,0x71,0x09,0x52,0x01,0x51,0x01,0x92,0x01,
  0x3A,0x13,0x3A,0x13,0x7D,0x13,0xBE,0x0B,0x9D,0x0B,0x99,0x23,0x1A,0x34,0xF8,0x22,0xB5,0x01,0xF5,0x01,0xD5,0x01,0x96,0x22,
  0xF8,0x94,0xF8,0x94,0xF8,0x94,0xB7,0x94,0x5B,0xC6,0xFF,0xFF,0xB9,0xB5,0x8E,0x00,0x0A,0x69,0xC6,0xF9,0x28,0xF2,0xA6,0xF9,
  0x86,0xF9,0x45,0xF9,0x04,0xF9,0x24,0xF9,0x24,0xF9,0xA6,0xF9,0x8D,0xFB,0x13,0xFD,0x38,0xFE,0x30,0xF4,0xE3,0xF8,0xAA,0x48,
  0xF1,0x21,0xD8,0x94,0xD8,0x94,0xB7,0x8C,0xD7,0x94,0xB4,0x3A,0xF2,0x00,0xB3,0x01,0xB4,0x01,0xD6,0x01,0x17,0x02,0xB5,0x01,
  0xD9,0x0A,0x5F,0x1C,0x3F,0x1C,0x1E,0x1C,0xFA,0x12,0xFA,0x12,0xF5,0x01,0xB3,0x01,0x31,0x01,0xB0,0x19,0xB9,0xB5,0xFA,0xBD,
  0x9E,0xF7,0xFF,0xFF,0xFF,0xFF,0xFF,0xFF,0xFF,0xFF,0xFF,0xFF,0xFF,0xFF,0xFF,0xFF,0xFF,0xFF,0xFF,0xFF,0xFF,0xFF,0xFF,0xFF,
  0xFF,0xFF,0xFF,0xFF,0xFF,0xFF,0xFF,0xFF,0xFF,0xFF,0xFF,0xFF,0xFF,0xFF,0xFF,0xFF,0xFF,0xFF,0xFF,0xFF,0xFF,0xFF,0xFF,0xFF,
  0xFF,0xFF,0xFF,0xFF,0xFF,0xFF,0xFF,0xFF,0xFF,0xFF,0xFF,0xFF,0xFF,0xFF,0xFF,0xFF,0xFF,0xFF,0xFF,0xFF,0xFF,0xFF,0xFF,0xFF,
  0xFF,0xFF,0xFF,0xFF,0xFF,0xFF,0xFF,0xFF,0xFF,0xFF,0xFF,0xFF,0xFF,0xFF,0xFF,0xFF,0xFF,0xFF,0xFF,0xFF,0xFF,0xFF,0xFF,0xFF,
  0xFF,0xFF,0xFF,0xFF,0xFF,0xFF,0xFF,0xFF,0xFF,0xFF,0xFF,0xFF,0xFF,0xFF,0xFF,0xFF,0xFF,0xFF,0xFF,0xFF,0xFF,0xFF,0xFF,0xFF,
  0xFF,0xFF,0xFF,0xFF,0xFF,0xFF,0xFF,0xFF,0xFF,0xFF,0xFF,0xFF,0xFF,0xFF,0xFF,0xFF,0xFF,0xFF,0xFF,0xFF,0xFF,0xFF,0xFF,0xFF,
  0xFF,0xFF,0xFF,0xFF,0xFF,0xFF,0xFF,0xFF,0xFF,0xFF,0xBA,0xB5,0x4C,0x00,0xCE,0x00,0x39,0x02,0x5A,0x02,0x3A,0x02,0xDA,0x0A,
  0x9F,0x45,0xDF,0x4D,0xDF,0x1B,0xBE,0x02,0x9B,0x02,0xF1,0x00,0x12,0x01,0xD0,0x00,0x4C,0x00,0x6C,0x00,0x2B,0x00,0xEF,0x29,
  0xFF,0xFF,0xFF,0xFF,0xFF,0xFF,0xFF,0xFF,0xFF,0xFF,0xFF,0xFF,0xBA,0xB5,0x8D,0x00,0xE9,0x68,0x82,0xF8,0xA3,0xF0,0xE6,0xF9,
  0x68,0xFA,0x85,0xF9,0x03,0xF9,0x44,0xF9,0x44,0xF9,0x45,0xF9,0x61,0xF8,0x8A,0xFA,0xFF,0xFF,0x79,0xFE,0xA2,0xF8,0xAB,0x38,
  0x14,0x33,0xFF,0xFF,0xFF,0xFF,0xFF,0xFF,0xFF,0xFF,0xDA,0xB5,0x13,0x5B,0xED,0x00,0x4C,0x00,0xAD,0x00,0xEF,0x00,0xCD,0x00,
  0xD6,0x01,0x1F,0x03,0xBD,0x02,0xFD,0x02,0x3F,0x35,0x7F,0x3D,0x1D,0x0B,0xBD,0x02,0xF7,0x01,0x52,0x01,0xAD,0x00,0xAD,0x00,
  0xBC,0xD6,0xFF,0xFF,0xDF,0xFF,0xFF,0xFF,0xFF,0xFF,0xFF,0xFF,0xFF,0xFF,0xFF,0xFF,0xFF,0xFF,0xFF,0xFF,0xFF,0xFF,0xFF,0xFF,
  0xFF,0xFF,0xFF,0xFF,0xFF,0xFF,0xFF,0xFF,0xFF,0xFF,0xFF,0xFF,0xFF,0xFF,0xFF,0xFF,0xFF,0xFF,0xFF,0xFF,0xFF,0xFF,0xFF,0xFF,
  0xFF,0xFF,0xFF,0xFF,0xFF,0xFF,0xFF,0xFF,0xFF,0xFF,0xFF,0xFF,0xFF,0xFF,0xFF,0xFF,0xFF,0xFF,0xFF,0xFF,0xFF,0xFF,0xFF,0xFF,
  0xFF,0xFF,0xFF,0xFF,0xFF,0xFF,0xFF,0xFF,0xFF,0xFF,0xFF,0xFF,0xFF,0xFF,0xFF,0xFF,0xFF,0xFF,0xFF,0xFF,0xFF,0xFF,0xFF,0xFF,
  0xFF,0xFF,0xFF,0xFF,0xFF,0xFF,0xFF,0xFF,0xFF,0xFF,0xFF,0xFF,0xFF,0xFF,0xFF,0xFF,0xFF,0xFF,0xFF,0xFF,0xFF,0xFF,0xFF,0xFF,
  0xFF,0xFF,0xFF,0xFF,0xFF,0xFF,0xFF,0xFF,0xFF,0xFF,0xFF,0xFF,0xFF,0xFF,0xFF,0xFF,0xFF,0xFF,0xFF,0xFF,0xFF,0xFF,0xFF,0xFF,
  0xFF,0xFF,0xFF,0xFF,0xFF,0xFF,0x5E,0xEF,0x3D,0xE7,0x59,0xA5,0xAE,0x00,0x30,0x01,0x19,0x02,0xF9,0x01,0xF9,0x01,0x9A,0x0A,
  0x3F,0x3D,0x5F,0x3D,0x9D,0x13,0xBD,0x02,0xBB,0x02,0x51,0x01,0x31,0x01,0x53,0x32,0x95,0x63,0x95,0x63,0x74,0x63,0x76,0x84,
  0xDF,0xFF,0xDF,0xFF,0xDF,0xFF,0xDF,0xFF,0xDF,0xF7,0xDF,0xFF,0x59,0xA5,0x8E,0x00,0x2B,0x69,0x24,0xF9,0x08,0xF2,0x50,0xFC,
  0x89,0xFA,0x45,0xF9,0x08,0xA1,0x28,0xA1,0x25,0xF1,0x25,0xF9,0xE4,0xF8,0x28,0xFA,0x3C,0xFF,0xFB,0xFE,0x4C,0xFB,0x29,0x89,
  0xED,0x69,0xF8,0x94,0xBA,0xAD,0xDF,0xFF,0xDF,0xFF,0xFF,0xFF,0xFF,0xFF,0x57,0x7C,0x74,0x63,0x52,0x32,0x6D,0x00,0x6C,0x00,
  0x93,0x01,0xFD,0x02,0xBB,0x02,0xFC,0x02,0xDF,0x2C,0xFF,0x34,0xFD,0x02,0xBE,0x02,0xF9,0x01,0x74,0x01,0x10,0x01,0x0F,0x01,
  0xDD,0xD6,0xFF,0xFF,0xFF,0xFF,0xFF,0xFF,0xFF,0xFF,0xFF,0xFF,0xFF,0xFF,0xFF,0xFF,0xFF,0xFF,0xFF,0xFF,0xFF,0xFF,0xFF,0xFF,
  0xFF,0xFF,0xFF,0xFF,0xFF,0xFF,0xDF,0xFF,0xFF,0xFF,0x57,0x7C,0xF1,0x29,0xD3,0x42,0x7E,0xEF,0xFF,0xFF,0xFF,0xFF,0xFF,0xFF,
  0xFF,0xFF,0xFF,0xFF,0xFF,0xFF,0xFF,0xFF,0xFF,0xFF,0xFF,0xFF,0xFF,0xFF,0xFF,0xFF,0xFF,0xFF,0xFF,0xFF,0xFF,0xFF,0xFF,0xFF,
  0xFF,0xFF,0xFF,0xFF,0xFF,0xFF,0xFF,0xFF,0xFF,0xFF,0xFF,0xFF,0xFF,0xFF,0xFF,0xFF,0xFF,0xFF,0xFF,0xFF,0xFF,0xFF,0xFF,0xFF,
  0xFF,0xFF,0xFF,0xFF,0xFF,0xFF,0xFF,0xFF,0xFF,0xFF,0xFF,0xFF,0xFF,0xFF,0xFF,0xFF,0xFF,0xFF,0xFF,0xFF,0xFF,0xFF,0xFF,0xFF,
  0xFF,0xFF,0xFF,0xFF,0xFF,0xFF,0xFF,0xFF,0xFF,0xFF,0xFF,0xFF,0xFF,0xFF,0xFF,0xFF,0xFF,0xFF,0xFF,0xFF,0xFF,0xFF,0xFF,0xFF,
  0xFF,0xFF,0xDF,0xFF,0xFF,0xFF,0x54,0x53,0xEE,0x08,0x70,0x09,0x95,0x01,0xF4,0x11,0xBD,0x85,0x3E,0x96,0x5E,0x65,0x1D,0x1C,
  0x9B,0x02,0xDC,0x02,0xF5,0x01,0x51,0x01,0x92,0x01,0x50,0x09,0x0B,0x00,0xF5,0x73,0xFF,0xFF,0xFF,0xFF,0xFF,0xFF,0xFF,0xFF,
  0xFF,0xFF,0xFF,0xFF,0xFF,0xFF,0xFF,0xFF,0xFF,0xFF,0xFF,0xFF,0xF8,0x94,0x6E,0x00,0x4C,0x61,0xE2,0xF8,0x0C,0xFB,0xFF,0xFF,
  0x08,0xFA,0xC4,0xF8,0xED,0x10,0xED,0x00,0x04,0xF1,0x04,0xF9,0x45,0xF1,0xE3,0xF8,0xB6,0xFD,0xFF,0xFF,0xFF,0xFF,0x08,0xFA,
  0xC4,0xE0,0x4C,0x00,0x92,0x3A,0xFF,0xFF,0xFF,0xFF,0xFF,0xFF,0xFF,0xFF,0xFF,0xFF,0xFF,0xFF,0x3D,0xE7,0x79,0xAD,0xDA,0xB5,
  0x74,0x5B,0x0F,0x01,0x50,0x01,0x72,0x01,0xDC,0x02,0xDD,0x0A,0x9E,0x03,0x9F,0x03,0x7E,0x2C,0x3C,0x34,0xB6,0x01,0xB5,0x01,
  0x52,0x32,0x50,0x3A,0x59,0xA5,0xFF,0xFF,0xDF,0xFF,0xFF,0xFF,0xFF,0xFF,0xFF,0xFF,0xFF,0xFF,0xFF,0xFF,0xFF,0xFF,0xFF,0xFF,
  0xFF,0xFF,0xFF,0xFF,0xFF,0xFF,0xFF,0xFF,0xFF,0xFF,0x75,0x5B,0x2D,0x00,0x6F,0x11,0x5E,0xEF,0xFF,0xFF,0xFF,0xFF,0xFF,0xFF,
  0xFF,0xFF,0xFF,0xFF,0xFF,0xFF,0xFF,0xFF,0xFF,0xFF,0xFF,0xFF,0xFF,0xFF,0xFF,0xFF,0xFF,0xFF,0xFF,0xFF,0xFF,0xFF,0xFF,0xFF,
  0xFF,0xFF,0xFF,0xFF,0xFF,0xFF,0xFF,0xFF,0xFF,0xFF,0xFF,0xFF,0xFF,0xFF,0xFF,0xFF,0xFF,0xFF,0xFF,0xFF,0xFF,0xFF,0xFF,0xFF,
  0xFF,0xFF,0xFF,0xFF,0xFF,0xFF,0xFF,0xFF,0xFF,0xFF,0xFF,0xFF,0xFF,0xFF,0xFF,0xFF,0xFF,0xFF,0xFF,0xFF,0xFF,0xFF,0xFF,0xFF,
  0xFF,0xFF,0xFF,0xFF,0xFF,0xFF,0xFF,0xFF,0xFF,0xFF,0xFF,0xFF,0xFF,0xFF,0xFF,0xFF,0xFF,0xFF,0xFF,0xFF,0xFF,0xFF,0xFF,0xFF,
  0xFF,0xFF,0xFF,0xFF,0xFF,0xFF,0x13,0x53,0x2B,0x00,0x0E,0x01,0xB6,0x01,0x36,0x12,0x3F,0xBF,0xDF,0xD7,0xBF,0x8E,0xFF,0x2C,
  0x7C,0x02,0x9D,0x02,0x52,0x01,0x4C,0x00,0x4F,0x09,0x9C,0xCE,0x59,0x9D,0x1B,0xBE,0xFF,0xFF,0xDF,0xFF,0xDF,0xFF,0xDF,0xFF,
  0xFF,0xFF,0xFF,0xFF,0xFF,0xFF,0xFF,0xFF,0xBC,0xD6,0x97,0x8C,0x12,0x6B,0x89,0x30,0x29,0x89,0x45,0xF9,0x8D,0xFB,0x9D,0xFF,
  0xC7,0xF9,0xA4,0xD8,0xEC,0x18,0xCC,0x10,0xE4,0xE0,0x24,0xF9,0x65,0xF9,0xE3,0xF8,0x34,0xFD,0xDF,0xFF,0x9E,0xFF,0x08,0xFA,
  0x05,0xD9,0xCD,0x00,0xF3,0x42,0xFF,0xFF,0xFF,0xFF,0xFF,0xFF,0xFF,0xFF,0xDF,0xFF,0xDF,0xFF,0xFF,0xFF,0xFF,0xFF,0xFF,0xFF,
  0x77,0x84,0x2C,0x00,0xCE,0x00,0x10,0x01,0x9C,0x02,0x9C,0x02,0xDE,0x03,0x1F,0x04,0x7F,0x3D,0x5F,0x45,0x97,0x01,0x96,0x01,
  0xCE,0x00,0x0A,0x00,0x96,0x84,0xFF,0xFF,0xFF,0xFF,0xFF,0xFF,0xFF,0xFF,0xFF,0xFF,0xFF,0xFF,0xFF,0xFF,0xFF,0xFF,0xFF,0xFF,
  0xFF,0xFF,0xFF,0xFF,0xDF,0xFF,0x7E,0xEF,0xBF,0xF7,0x95,0x5B,0x8F,0x00,0xB0,0x19,0xFD,0xDE,0x9E,0xF7,0x9F,0xF7,0xFF,0xFF,
  0xFF,0xFF,0xFF,0xFF,0xFF,0xFF,0xFF,0xFF,0xFF,0xFF,0xFF,0xFF,0xFF,0xFF,0xFF,0xFF,0xFF,0xFF,0xFF,0xFF,0xFF,0xFF,0xFF,0xFF,
  0xFF,0xFF,0xFF,0xFF,0xFF,0xFF,0xFF,0xFF,0xFF,0xFF,0xFF,0xFF,0xFF,0xFF,0xFF,0xFF,0xFF,0xFF,0xFF,0xFF,0xFF,0xFF,0xFF,0xFF,
  0xFF,0xFF,0xFF,0xFF,0xFF,0xFF,0xFF,0xFF,0xFF,0xFF,0xFF,0xFF,0xFF,0xFF,0xFF,0xFF,0xFF,0xFF,0xFF,0xFF,0xFF,0xFF,0xFF,0xFF,
  0xFF,0xFF,0xFF,0xFF,0xFF,0xFF,0xFF,0xFF,0xFF,0xFF,0xFF,0xFF,0xFF,0xFF,0xFF,0xFF,0xFF,0xFF,0xFF,0xFF,0xFF,0xFF,0xFF,0xFF,
  0x1D,0xDF,0x3B,0xBE,0x7B,0xC6,0xD3,0x42,0xF1,0x00,0x93,0x01,0x59,0x02,0xDA,0x12,0x7F,0xDF,0xFF,0xFF,0xFF,0x85,0x1C,0x0B,
  0x94,0x01,0x32,0x01,0x75,0x53,0x58,0xA5,0x79,0xAD,0xFF,0xFF,0xFF,0xFF,0xFF,0xFF,0xFF,0xFF,0xFF,0xFF,0xFF,0xFF,0xFF,0xFF,
  0xFF,0xFF,0xFF,0xFF,0xDF,0xFF,0xFF,0xFF,0x19,0x9D,0x2D,0x00,0x09,0x69,0xC2,0xF8,0x6A,0xFA,0x7D,0xFF,0x3C,0xFF,0x49,0xFA,
  0x45,0xF9,0xEA,0x58,0x37,0x02,0xF6,0x01,0x66,0x78,0xA2,0xE0,0x24,0xF9,0x24,0xF9,0x24,0xF9,0x96,0xFD,0xFF,0xFF,0x08,0xFA,
  0xE5,0xD8,0xAC,0x00,0xB2,0x42,0xFF,0xFF,0xFF,0xFF,0xFF,0xFF,0xFF,0xFF,0xFF,0xFF,0xFF,0xFF,0xFF,0xFF,0xDF,0xFF,0xFF,0xFF,
  0x9C,0xCE,0x39,0x9D,0x79,0xA5,0x92,0x3A,0x11,0x01,0x93,0x01,0x1C,0x03,0x5D,0x03,0x1D,0x24,0x3D,0x2C,0xD9,0x0A,0xD9,0x0A,
  0x72,0x01,0xF0,0x00,0x17,0x6C,0x9C,0xCE,0xFD,0xDE,0xFF,0xFF,0xFF,0xFF,0xFF,0xFF,0xFF,0xFF,0xFF,0xFF,0xFF,0xFF,0xFF,0xFF,
  0xDF,0xFF,0xFF,0xFF,0x18,0x95,0x6F,0x19,0xD0,0x21,0x16,0x0A,0x5A,0x02,0x38,0x02,0xB1,0x19,0x90,0x19,0x72,0x3A,0x9F,0xF7,
  0xFF,0xFF,0xFF,0xFF,0xFF,0xFF,0xFF,0xFF,0xFF,0xFF,0xFF,0xFF,0xFF,0xFF,0xFF,0xFF,0xFF,0xFF,0xFF,0xFF,0xFF,0xFF,0xFF,0xFF,
  0xFF,0xFF,0xFF,0xFF,0xFF,0xFF,0xFF,0xFF,0xFF,0xFF,0xFF,0xFF,0xFF,0xFF,0xFF,0xFF,0xFF,0xFF,0xFF,0xFF,0xFF,0xFF,0xFF,0xFF,
  0xFF,0xFF,0xFF,0xFF,0xFF,0xFF,0xFF,0xFF,0xFF,0xFF,0xFF,0xFF,0xFF,0xFF,0xFF,0xFF,0xFF,0xFF,0xFF,0xFF,0xFF,0xFF,0xFF,0xFF,
  0xFF,0xFF,0xFF,0xFF,0xFF,0xFF,0xFF,0xFF,0xFF,0xFF,0xFF,0xFF,0xFF,0xFF,0xFF,0xFF,0xFF,0xFF,0xFF,0xFF,0xFF,0xFF,0xFF,0xFF,
  0x16,0x7C,0x2C,0x00,0xEF,0x00,0x73,0x01,0xD8,0x01,0x18,0x02,0xBE,0x03,0xDE,0x0B,0x9E,0x4C,0xDE,0x54,0x5A,0x2B,0x75,0x01,
  0x30,0x09,0xCD,0x08,0x18,0x95,0xFF,0xFF,0xFF,0xFF,0xFF,0xFF,0xDF,0xFF,0xFF,0xFF,0xFF,0xFF,0xFF,0xFF,0xFF,0xFF,0xFF,0xFF,
  0xFF,0xFF,0xFF,0xFF,0xFF,0xFF,0xFF,0xFF,0x59,0xA5,0xAE,0x00,0x6A,0x79,0x23,0xF9,0x2C,0xF3,0xFF,0xFF,0x59,0xFE,0xC4,0xF8,
  0xE4,0xE8,0xEB,0x40,0x7A,0x23,0x19,0x1B,0xA9,0x58,0xA4,0xB8,0x25,0xF1,0x24,0xF9,0x82,0xF8,0x34,0xFD,0x7D,0xFF,0x07,0xFA,
  0x26,0xD9,0xAD,0x00,0xD2,0x42,0xFF,0xFF,0xFF,0xFF,0xFF,0xFF,0xFF,0xFF,0xFF,0xFF,0xFF,0xFF,0xFF,0xFF,0xFF,0xFF,0xFF,0xFF,
  0xFF,0xFF,0xFF,0xFF,0xFF,0xFF,0x15,0x74,0xAD,0x00,0x0F,0x01,0xD8,0x01,0xF9,0x01,0xFA,0x01,0xBC,0x02,0x3F,0x35,0x3F,0x35,
  0x5A,0x02,0x1A,0x02,0x94,0x01,0x6D,0x00,0xF2,0x4A,0xFF,0xFF,0xFF,0xFF,0xFF,0xFF,0xFF,0xFF,0xFF,0xFF,0xFF,0xFF,0xFF,0xFF,
  0xDF,0xFF,0xFF,0xFF,0x77,0x84,0x2D,0x00,0x8E,0x00,0xF7,0x01,0xDE,0x02,0x7B,0x02,0x8F,0x00,0x2D,0x00,0x2F,0x09,0x9E,0xEF,
  0xFF,0xFF,0xFF,0xFF,0xFF,0xFF,0xFF,0xFF,0xFF,0xFF,0xFF,0xFF,0xFF,0xFF,0xFF,0xFF,0xFF,0xFF,0xFF,0xFF,0xFF,0xFF,0xFF,0xFF,
  0xFF,0xFF,0xFF,0xFF,0xFF,0xFF,0xFF,0xFF,0xFF,0xFF,0xFF,0xFF,0xFF,0xFF,0xFF,0xFF,0xFF,0xFF,0xFF,0xFF,0xFF,0xFF,0xFF,0xFF,
  0xFF,0xFF,0xFF,0xFF,0xFF,0xFF,0xFF,0xFF,0xFF,0xFF,0xFF,0xFF,0xFF,0xFF,0xFF,0xFF,0xFF,0xFF,0xFF,0xFF,0xFF,0xFF,0xFF,0xFF,
  0xFF,0xFF,0xFF,0xFF,0xFF,0xFF,0xFF,0xFF,0xFF,0xFF,0xFF,0xFF,0xFF,0xFF,0xFF,0xFF,0xFF,0xFF,0xFF,0xFF,0x3D,0xE7,0x3D,0xE7,
  0xD5,0x6B,0x6C,0x00,0x73,0x01,0x97,0x01,0x75,0x01,0xD6,0x01,0xDD,0x0B,0x1E,0x14,0xBC,0x02,0x9D,0x02,0xB5,0x01,0x6A,0x00,
  0xAE,0x21,0x5E,0xE7,0xFF,0xFF,0xFF,0xFF,0xDF,0xFF,0xFF,0xFF,0xFF,0xFF,0xFF,0xFF,0xFF,0xFF,0xFF,0xFF,0xFF,0xFF,0xFF,0xFF,
  0xFF,0xFF,0xFF,0xFF,0xDF,0xFF,0xFF,0xFF,0x39,0x9D,0x8C,0x00,0x4A,0x71,0xE2,0xF8,0x71,0xF4,0xFF,0xFF,0x28,0xF2,0xA3,0xF0,
  0xCA,0x30,0x8F,0x11,0x9E,0xF7,0xDE,0xBE,0x51,0x01,0xCC,0x10,0x25,0xE1,0x24,0xF9,0xC2,0xF8,0xF7,0xFD,0x92,0xFC,0xE3,0xF8,
  0x67,0xD9,0x8C,0x00,0xD2,0x42,0xFF,0xFF,0xFF,0xFF,0xFF,0xFF,0xFF,0xFF,0xFF,0xFF,0xFF,0xFF,0xFF,0xFF,0xFF,0xFF,0xFF,0xFF,
  0xFF,0xFF,0xDF,0xFF,0xFF,0xFF,0xFF,0xFF,0xB3,0x3A,0xAE,0x00,0xB6,0x01,0xD7,0x01,0xF8,0x01,0xBB,0x02,0x1F,0x35,0x3F,0x3D,
  0x3A,0x02,0xB8,0x01,0x52,0x01,0x8C,0x00,0x91,0x42,0x3D,0xE7,0x3D,0xE7,0xFF,0xFF,0xFF,0xFF,0xFF,0xFF,0xFF,0xFF,0xFF,0xFF,
  0xFF,0xFF,0xFF,0xFF,0x9A,0xA5,0x71,0x3A,0xD2,0x4A,0x76,0x1A,0x18,0x02,0x37,0x0A,0xB3,0x42,0xB2,0x42,0x54,0x5B,0x9E,0xF7,
  0xFF,0xFF,0xFF,0xFF,0xFF,0xFF,0xFF,0xFF,0xFF,0xFF,0xFF,0xFF,0xFF,0xFF,0xFF,0xFF,0xFF,0xFF,0xFF,0xFF,0xFF,0xFF,0xFF,0xFF,
  0xFF,0xFF,0xFF,0xFF,0xFF,0xFF,0xFF,0xFF,0xFF,0xFF,0xFF,0xFF,0xFF,0xFF,0xFF,0xFF,0xFF,0xFF,0xFF,0xFF,0xFF,0xFF,0xFF,0xFF,
  0xFF,0xFF,0xFF,0xFF,0xFF,0xFF,0xFF,0xFF,0xFF,0xFF,0xFF,0xFF,0xDF,0xFF,0xFF,0xFF,0xFF,0xFF,0xFF,0xFF,0xFF,0xFF,0xFF,0xFF,
  0xFF,0xFF,0xFF,0xFF,0xFF,0xFF,0xFF,0xFF,0xFF,0xFF,0xFF,0xFF,0xFF,0xFF,0xFF,0xFF,0xFF,0xFF,0xFF,0xFF,0x91,0x42,0xCD,0x08,
  0x0E,0x09,0xEF,0x00,0xD3,0x11,0x78,0x22,0x38,0x12,0xD6,0x01,0x73,0x01,0x73,0x01,0x51,0x01,0x72,0x01,0x51,0x01,0xEF,0x00,
  0xAF,0x19,0x9C,0xCE,0xBC,0xD6,0xBF,0xF7,0xFF,0xFF,0xFF,0xFF,0xFF,0xFF,0xFF,0xFF,0xFF,0xFF,0xFF,0xFF,0xFF,0xFF,0xFF,0xFF,
  0xFF,0xFF,0xFF,0xFF,0xDF,0xFF,0xFF,0xFF,0x39,0x9D,0x8D,0x00,0x6A,0x71,0xA2,0xF8,0xAE,0xF3,0xFF,0xFF,0xC7,0xF1,0xE4,0xF0,
  0xCD,0x20,0xB1,0x11,0xBF,0xF7,0xFF,0xBE,0x32,0x01,0xCD,0x18,0x25,0xE9,0x04,0xF9,0x61,0xF8,0xF3,0xFC,0xCF,0xFB,0xC3,0xF8,
  0x26,0xD9,0xAC,0x00,0xD3,0x42,0xFF,0xFF,0xFF,0xFF,0xFF,0xFF,0xFF,0xFF,0xFF,0xFF,0xFF,0xFF,0xFF,0xFF,0xFF,0xFF,0xFF,0xFF,
  0xFF,0xFF,0xBF,0xF7,0xBC,0xD6,0xDC,0xD6,0x11,0x2A,0xAD,0x00,0x10,0x01,0x30,0x01,0x0F,0x01,0x92,0x01,0x9E,0x0B,0x9E,0x0B,
  0x9A,0x0A,0x59,0x0A,0xB4,0x01,0x10,0x01,0x2F,0x01,0xED,0x08,0x71,0x3A,0xFF,0xFF,0xFF,0xFF,0xFF,0xFF,0xFF,0xFF,0xFF,0xFF,
  0xFF,0xFF,0xFF,0xFF,0xFF,0xFF,0xFF,0xFF,0xFF,0xFF,0xD6,0x63,0x8F,0x00,0xD0,0x19,0x9E,0xEF,0xFF,0xFF,0xFF,0xFF,0xFF,0xFF,
  0xFF,0xFF,0xFF,0xFF,0xFF,0xFF,0xFF,0xFF,0xFF,0xFF,0xFF,0xFF,0xFF,0xFF,0xFF,0xFF,0xFF,0xFF,0xFF,0xFF,0xFF,0xFF,0xFF,0xFF,
  0xFF,0xFF,0xFF,0xFF,0xFF,0xFF,0xFF,0xFF,0xFF,0xFF,0xFF,0xFF,0xFF,0xFF,0xFF,0xFF,0xFF,0xFF,0xFF,0xFF,0xFF,0xFF,0xFF,0xFF,
  0xFF,0xFF,0xFF,0xFF,0xFF,0xFF,0xFF,0xFF,0xFF,0xFF,0xFF,0xFF,0xFF,0xFF,0xFF,0xFF,0xFF,0xFF,0xFF,0xFF,0xFF,0xFF,0xFF,0xFF,
  0xFF,0xFF,0xFF,0xFF,0xFF,0xFF,0xFF,0xFF,0xFF,0xFF,0xFF,0xFF,0xFF,0xFF,0xFF,0xFF,0xDF,0xFF,0xDF,0xFF,0x51,0x32,0x8D,0x00,
  0xF6,0x01,0x3A,0x02,0x1C,0x7D,0xBF,0xF7,0xFF,0x85,0xBB,0x02,0x11,0x01,0x10,0x01,0xB6,0x01,0xD8,0x01,0xF8,0x01,0x19,0x02,
  0xD7,0x01,0x0F,0x01,0x0E,0x01,0x9C,0xCE,0xFF,0xFF,0xFF,0xFF,0xFF,0xFF,0xFF,0xFF,0xFF,0xFF,0xFF,0xFF,0xFF,0xFF,0xFF,0xFF,
  0xFF,0xFF,0xFF,0xFF,0xDF,0xFF,0xFF,0xFF,0x39,0xA5,0x8D,0x00,0x09,0x71,0x61,0xF8,0x0C,0xF3,0xFF,0xFF,0xEB,0xFA,0xA6,0xB0,
  0xCF,0x00,0x11,0x32,0xDF,0xFF,0x1F,0xC7,0xB3,0x09,0xEF,0x00,0xA6,0xA8,0xA2,0xE0,0x04,0xF1,0x45,0xF9,0x04,0xF1,0xE3,0xF8,
  0x05,0xD9,0xAE,0x00,0xF3,0x42,0xFF,0xFF,0xFF,0xFF,0xFF,0xFF,0xFF,0xFF,0xFF,0xFF,0xFF,0xFF,0xFF,0xFF,0xFF,0xFF,0xFF,0xFF,
  0xFF,0xFF,0x9C,0xCE,0x0F,0x01,0x0F,0x01,0x94,0x01,0xB5,0x01,0x95,0x01,0x95,0x01,0x96,0x01,0xD7,0x01,0x7B,0x02,0x7B,0x02,
  0x1E,0x45,0xFF,0x55,0x9B,0x1B,0x19,0x02,0x94,0x01,0x8D,0x00,0x31,0x2A,0xDF,0xFF,0xDF,0xFF,0xFF,0xFF,0xFF,0xFF,0xFF,0xFF,
  0xFF,0xFF,0xFF,0xFF,0xFF,0xFF,0xDF,0xFF,0xFF,0xFF,0x75,0x53,0x0D,0x00,0x2E,0x09,0x3D,0xE7,0xFF,0xFF,0xFF,0xFF,0xFF,0xFF,
  0xFF,0xFF,0xFF,0xFF,0xFF,0xFF,0xFF,0xFF,0xFF,0xFF,0xFF,0xFF,0xFF,0xFF,0xFF,0xFF,0xFF,0xFF,0xFF,0xFF,0xFF,0xFF,0xFF,0xFF,
  0xFF,0xFF,0xFF,0xFF,0xFF,0xFF,0xFF,0xFF,0xFF,0xFF,0xFF,0xFF,0xFF,0xFF,0xFF,0xFF,0xFF,0xFF,0xFF,0xFF,0xFF,0xFF,0xFF,0xFF,
  0xFF,0xFF,0xFF,0xFF,0xFF,0xFF,0xFF,0xFF,0xFF,0xFF,0xDD,0xD6,0x5C,0xC6,0xBD,0xD6,0xFF,0xFF,0xFF,0xFF,0xFF,0xFF,0xFF,0xFF,
  0xFF,0xFF,0xFF,0xFF,0xFF,0xFF,0xFF,0xFF,0xFF,0xFF,0xFF,0xFF,0xFF,0xFF,0xFF,0xFF,0xFF,0xFF,0xFF,0xFF,0x51,0x3A,0x8D,0x00,
  0xF6,0x01,0x3B,0x02,0x7D,0x8D,0xFF,0xFF,0x7F,0x96,0xBB,0x02,0x10,0x01,0x31,0x01,0xD7,0x01,0xF8,0x01,0xF8,0x01,0x19,0x02,
  0xF8,0x01,0xAF,0x00,0x8D,0x00,0x7C,0xCE,0xFF,0xFF,0xFF,0xFF,0xFF,0xFF,0xFF,0xFF,0xFF,0xFF,0xFF,0xFF,0xFF,0xFF,0xFF,0xFF,
  0xFF,0xFF,0xFF,0xFF,0xDF,0xFF,0xFF,0xFF,0x18,0x9D,0x6C,0x00,0x29,0x71,0x81,0xF8,0x8D,0xF3,0xFF,0xFF,0xAA,0xFA,0x64,0xB0,
  0x6C,0x00,0xAF,0x29,0xFF,0xFF,0x5F,0xCF,0x72,0x01,0xAE,0x00,0x85,0xB0,0x81,0xE8,0x45,0xF9,0x24,0xF9,0xE3,0xF0,0xC3,0xF8,
  0xE4,0xE0,0x6C,0x00,0x51,0x32,0xFF,0xFF,0xFF,0xFF,0xFF,0xFF,0xFF,0xFF,0xFF,0xFF,0xFF,0xFF,0xFF,0xFF,0xFF,0xFF,0xFF,0xFF,
  0xFF,0xFF,0x5B,0xC6,0x4C,0x00,0x6D,0x00,0x95,0x01,0xD7,0x01,0xB6,0x01,0xB6,0x01,0x96,0x01,0xD7,0x01,0x9B,0x02,0x9B,0x02,
  0x5F,0x45,0x3F,0x56,0xBC,0x1B,0xDA,0x01,0x95,0x01,0x8C,0x00,0x30,0x32,0xFF,0xFF,0xFF,0xFF,0xFF,0xFF,0xFF,0xFF,0xFF,0xFF,
  0xFF,0xFF,0xFF,0xFF,0xFF,0xFF,0xFF,0xFF,0xFF,0xFF,0xD8,0x8C,0x92,0x4A,0x74,0x5B,0x7E,0xEF,0xFF,0xFF,0xFF,0xFF,0xFF,0xFF,
  0xFF,0xFF,0xFF,0xFF,0xFF,0xFF,0xFF,0xFF,0xFF,0xFF,0xFF,0xFF,0xFF,0xFF,0xFF,0xFF,0xFF,0xFF,0xFF,0xFF,0xFF,0xFF,0xFF,0xFF,
  0xFF,0xFF,0xFF,0xFF,0xFF,0xFF,0xFF,0xFF,0xFF,0xFF,0xFF,0xFF,0xFF,0xFF,0xFF,0xFF,0xFF,0xFF,0xFF,0xFF,0xFF,0xFF,0xFF,0xFF,
  0xFF,0xFF,0xFF,0xFF,0xFF,0xFF,0xDF,0xFF,0xFF,0xFF,0xB2,0x3A,0x6D,0x00,0x72,0x32,0xFF,0xFF,0xDF,0xFF,0xFF,0xFF,0xFF,0xFF,
  0xFF,0xFF,0xFF,0xFF,0xFF,0xFF,0xFF,0xFF,0xFF,0xFF,0xFF,0xFF,0xFF,0xFF,0x5E,0xEF,0x59,0xA5,0x58,0xA5,0xD0,0x21,0xAD,0x00,
  0x76,0x0A,0x5D,0x0B,0x9E,0x7D,0x5E,0x75,0x3F,0x34,0x79,0x02,0x74,0x01,0x95,0x01,0xB7,0x01,0xD7,0x01,0x95,0x01,0x51,0x01,
  0xB2,0x11,0xB8,0x8C,0x18,0x95,0x5E,0xEF,0xFF,0xFF,0xFF,0xFF,0xFF,0xFF,0xFF,0xFF,0xFF,0xFF,0xFF,0xFF,0xFF,0xFF,0xFF,0xFF,
  0xFF,0xFF,0xFF,0xFF,0xFF,0xFF,0xFF,0xFF,0x7C,0xCE,0x70,0x09,0x0A,0x61,0xA2,0xF0,0xC7,0xE1,0xAE,0xFB,0x27,0xB9,0xA9,0x40,
  0xD5,0x1A,0xD9,0x74,0xFF,0xFF,0x1F,0xC7,0xDA,0x33,0xD9,0x3B,0x4D,0x41,0xCA,0x50,0x05,0xE1,0x04,0xF9,0xA3,0xE0,0x82,0xE0,
  0x86,0x90,0xD0,0x19,0xBA,0xAD,0xFF,0xFF,0xFF,0xFF,0xFF,0xFF,0xFF,0xFF,0xFF,0xFF,0xFF,0xFF,0xFF,0xFF,0xFF,0xFF,0xFF,0xFF,
  0xFF,0xFF,0x3E,0xE7,0xD7,0x8C,0x97,0x84,0xB2,0x11,0x32,0x01,0xB6,0x01,0xB6,0x01,0xB6,0x01,0xB7,0x01,0xF8,0x01,0xD6,0x01,
  0x5B,0x1B,0xDD,0x1B,0xDD,0x1B,0x1D,0x1C,0xD9,0x0A,0x75,0x01,0x76,0x22,0x59,0x9D,0x79,0xA5,0xBF,0xF7,0xFF,0xFF,0xFF,0xFF,
  0xFF,0xFF,0xFF,0xFF,0xFF,0xFF,0xFF,0xFF,0xFF,0xFF,0xFF,0xFF,0xFF,0xFF,0xFF,0xFF,0xFF,0xFF,0xFF,0xFF,0xFF,0xFF,0xFF,0xFF,
  0xFF,0xFF,0xFF,0xFF,0xFF,0xFF,0xFF,0xFF,0xFF,0xFF,0xFF,0xFF,0xFF,0xFF,0xFF,0xFF,0xFF,0xFF,0xFF,0xFF,0xFF,0xFF,0xFF,0xFF,
  0xFF,0xFF,0xFF,0xFF,0xFF,0xFF,0xFF,0xFF,0xFF,0xFF,0xFF,0xFF,0xFF,0xFF,0xFF,0xFF,0xFF,0xFF,0xFF,0xFF,0xFF,0xFF,0xFF,0xFF,
  0xFF,0xFF,0xFF,0xFF,0xFF,0xFF,0xFF,0xFF,0xFF,0xFF,0xB2,0x42,0x6C,0x00,0x92,0x3A,0xFF,0xFF,0xFF,0xFF,0xFF,0xFF,0xFF,0xFF,
  0xFF,0xFF,0xFF,0xFF,0xFF,0xFF,0xFF,0xFF,0xFF,0xFF,0xFF,0xFF,0xFF,0xFF,0x1B,0xBE,0x6C,0x00,0x8D,0x00,0xEF,0x00,0xCE,0x00,
  0xD7,0x0A,0x1E,0x04,0xDF,0x6D,0x5E,0x13,0xDF,0x02,0x17,0x02,0x96,0x01,0xD9,0x01,0xB7,0x01,0xD8,0x01,0x74,0x01,0x4B,0x00,
  0x2D,0x11,0xDF,0xFF,0xFF,0xFF,0xFF,0xFF,0xFF,0xFF,0xFF,0xFF,0xFF,0xFF,0xFF,0xFF,0xFF,0xFF,0xFF,0xFF,0xFF,0xFF,0xFF,0xFF,
  0xFF,0xFF,0xFF,0xFF,0xFF,0xFF,0xFF,0xFF,0xFF,0xFF,0xB0,0x09,0x47,0x48,0x41,0xE8,0x82,0xD8,0xA2,0xF8,0xC8,0x90,0xEF,0x00,
  0x9C,0x2C,0x3F,0xAF,0xFF,0xFF,0xFF,0xBE,0x7F,0x4D,0x5F,0x4D,0x70,0x01,0xCD,0x00,0xA4,0xD8,0xE3,0xF8,0xA2,0xE0,0x61,0xE8,
  0x27,0x58,0xD4,0x32,0xFF,0xFF,0xDF,0xFF,0xFF,0xFF,0xFF,0xFF,0xFF,0xFF,0xFF,0xFF,0xFF,0xFF,0xFF,0xFF,0xFF,0xFF,0xFF,0xFF,
  0xFF,0xFF,0xFF,0xFF,0xFF,0xFF,0xFF,0xFF,0x6E,0x11,0x4C,0x00,0xB6,0x01,0xD7,0x01,0xB6,0x01,0xB6,0x01,0xB5,0x01,0x95,0x01,
  0x5A,0x02,0x7D,0x02,0x1E,0x1C,0xBF,0x3D,0x9D,0x13,0x1B,0x02,0xF7,0x01,0x6C,0x00,0x0E,0x09,0x3D,0xE7,0xFF,0xFF,0xFF,0xFF,
  0xFF,0xFF,0xFF,0xFF,0xFF,0xFF,0xFF,0xFF,0xFF,0xFF,0xFF,0xFF,0xFF,0xFF,0xFF,0xFF,0xFF,0xFF,0xFF,0xFF,0xFF,0xFF,0xFF,0xFF,
  0xFF,0xFF,0xFF,0xFF,0xFF,0xFF,0xFF,0xFF,0xFF,0xFF,0xFF,0xFF,0xFF,0xFF,0xFF,0xFF,0xFF,0xFF,0xFF,0xFF,0xFF,0xFF,0xFF,0xFF,
  0xFF,0xFF,0xFF,0xFF,0xFF,0xFF,0xFF,0xFF,0xFF,0xFF,0xFF,0xFF,0xFF,0xFF,0xFF,0xFF,0xFF,0xFF,0xFF,0xFF,0xFF,0xFF,0xFF,0xFF,
  0xFF,0xFF,0xFF,0xFF,0xFD,0xDE,0xBA,0xAD,0xDA,0xB5,0x74,0x2A,0x33,0x01,0x75,0x22,0xDA,0xB5,0x9A,0xAD,0x9C,0xCE,0xFF,0xFF,
  0xFF,0xFF,0xFF,0xFF,0xFF,0xFF,0xFF,0xFF,0xFF,0xFF,0xDF,0xFF,0xFF,0xFF,0x3B,0xC6,0xEE,0x00,0x0F,0x01,0x93,0x01,0x52,0x01,
  0x79,0x23,0xDF,0x2C,0xDD,0x4C,0xFB,0x12,0x7A,0x02,0xF6,0x01,0x96,0x01,0xD8,0x01,0xB6,0x01,0x96,0x01,0xB4,0x09,0xB2,0x42,
  0x54,0x5B,0x7E,0xEF,0xDF,0xFF,0xFF,0xFF,0xFF,0xFF,0xFF,0xFF,0xFF,0xFF,0xFF,0xFF,0xFF,0xFF,0xFF,0xFF,0xFF,0xFF,0xFF,0xFF,
  0xFF,0xFF,0xFF,0xFF,0xFF,0xFF,0xFF,0xFF,0xDF,0xFF,0xB5,0x5B,0xCC,0x61,0x64,0x90,0xC4,0xB0,0x23,0xF9,0xE8,0x98,0xEF,0x00,
  0x1B,0x6D,0x5F,0xCF,0xFF,0xFF,0xFF,0xB6,0x9F,0x5D,0xDE,0x7D,0x90,0x11,0xEE,0x08,0xC5,0xD0,0xA2,0xF0,0x84,0xA0,0xC5,0xA0,
  0xEC,0x79,0xD5,0x5B,0xFF,0xFF,0xDF,0xFF,0xFF,0xFF,0xFF,0xFF,0xFF,0xFF,0xFF,0xFF,0xFF,0xFF,0xFF,0xFF,0xFF,0xFF,0xFF,0xFF,
  0xFF,0xFF,0xFF,0xFF,0xDF,0xFF,0x9E,0xEF,0x74,0x63,0xB2,0x42,0xB3,0x09,0x73,0x01,0x95,0x01,0xB6,0x01,0xB6,0x01,0xB5,0x01,
  0x59,0x02,0x7C,0x02,0xFD,0x23,0x5F,0x35,0x5C,0x13,0xF8,0x01,0xF6,0x01,0xEE,0x00,0x8F,0x19,0x3D,0xE7,0xFF,0xFF,0xFF,0xFF,
  0xFF,0xFF,0xFF,0xFF,0xFF,0xFF,0xFF,0xFF,0xFF,0xFF,0xFF,0xFF,0xFF,0xFF,0xFF,0xFF,0xFF,0xFF,0xFF,0xFF,0xFF,0xFF,0xFF,0xFF,
  0xFF,0xFF,0xFF,0xFF,0xFF,0xFF,0xFF,0xFF,0xFF,0xFF,0xFF,0xFF,0xFF,0xFF,0xFF,0xFF,0xFF,0xFF,0xFF,0xFF,0xFF,0xFF,0xFF,0xFF,
  0xFF,0xFF,0xFF,0xFF,0xFF,0xFF,0xFF,0xFF,0xFF,0xFF,0xFF,0xFF,0xFF,0xFF,0xFF,0xFF,0xFF,0xFF,0xFF,0xFF,0xFF,0xFF,0xFF,0xFF,
  0xDF,0xFF,0xFF,0xFF,0x57,0x7C,0x2D,0x00,0xCF,0x00,0x19,0x02,0x9C,0x02,0x39,0x02,0xF0,0x00,0x4D,0x00,0x74,0x5B,0xFF,0xFF,
  0xDF,0xFF,0xFF,0xFF,0xFF,0xFF,0xFF,0xFF,0xFF,0xFF,0xDF,0xFF,0xFF,0xFF,0xFA,0xBD,0xAC,0x00,0xEE,0x00,0x9B,0x02,0xBE,0x02,
  0x3E,0x55,0xDF,0x7E,0x5C,0x13,0xB8,0x01,0x73,0x01,0xD6,0x01,0xD7,0x01,0xD8,0x01,0x73,0x01,0xCF,0x00,0x32,0x2A,0xFF,0xFF,
  0xFF,0xFF,0xFF,0xFF,0xFF,0xFF,0xFF,0xFF,0xFF,0xFF,0xFF,0xFF,0xFF,0xFF,0xFF,0xFF,0xFF,0xFF,0xFF,0xFF,0xFF,0xFF,0xFF,0xFF,
  0xFF,0xFF,0xFF,0xFF,0xFF,0xFF,0xFF,0xFF,0xFF,0xFF,0xFF,0xFF,0xBA,0xAD,0xAF,0x00,0xEA,0x60,0x61,0xF0,0x87,0x80,0xEE,0x00,
  0xBC,0xD6,0xFF,0xFF,0x7F,0xDF,0x7F,0x96,0x9F,0x9E,0xFF,0xFF,0x12,0x22,0xEF,0x00,0x84,0xB0,0x41,0xE0,0x89,0x38,0x11,0x12,
  0xDF,0xFF,0xFF,0xFF,0xFF,0xFF,0xFF,0xFF,0xFF,0xFF,0xFF,0xFF,0xFF,0xFF,0xFF,0xFF,0xFF,0xFF,0xFF,0xFF,0xFF,0xFF,0xFF,0xFF,
  0xFF,0xFF,0xFF,0xFF,0xFF,0xFF,0xFF,0xFF,0xFF,0xFF,0xFF,0xFF,0x11,0x2A,0xAD,0x00,0x94,0x01,0xD7,0x01,0xB6,0x01,0xB6,0x01,
  0xB6,0x01,0x75,0x01,0x9B,0x1B,0x7F,0x35,0x7C,0x13,0x1A,0x02,0x18,0x02,0xCE,0x00,0x4D,0x11,0x1D,0xE7,0xFF,0xFF,0xFF,0xFF,
  0xFF,0xFF,0xFF,0xFF,0xFF,0xFF,0xFF,0xFF,0xFF,0xFF,0xFF,0xFF,0xFF,0xFF,0xFF,0xFF,0xFF,0xFF,0xFF,0xFF,0xFF,0xFF,0xFF,0xFF,
  0xFF,0xFF,0xFF,0xFF,0xFF,0xFF,0xFF,0xFF,0xFF,0xFF,0xFF,0xFF,0xFF,0xFF,0xFF,0xFF,0xFF,0xFF,0xFF,0xFF,0xFF,0xFF,0xFF,0xFF,
  0xFF,0xFF,0xFF,0xFF,0xFF,0xFF,0xFF,0xFF,0xFF,0xFF,0xFF,0xFF,0xFF,0xFF,0xFF,0xFF,0xFF,0xFF,0xFF,0xFF,0xFF,0xFF,0xFF,0xFF,
  0xDF,0xFF,0xFF,0xFF,0x36,0x7C,0x0B,0x00,0x8C,0x00,0xF7,0x01,0x9C,0x02,0x19,0x02,0xAE,0x00,0x2C,0x00,0x74,0x5B,0xFF,0xFF,
  0xDF,0xFF,0xFF,0xFF,0xFF,0xFF,0xFF,0xFF,0xFF,0xFF,0xFF,0xFF,0xFF,0xFF,0x3B,0xC6,0x8C,0x00,0xCD,0x00,0x7A,0x02,0x9D,0x02,
  0x3E,0x55,0xBF,0x7E,0x7D,0x1B,0xF8,0x01,0x73,0x01,0xB6,0x01,0xB6,0x01,0xB6,0x01,0x51,0x01,0xAE,0x00,0x11,0x2A,0xBF,0xF7,
  0xFF,0xFF,0xFF,0xFF,0xFF,0xFF,0xFF,0xFF,0xFF,0xFF,0xFF,0xFF,0xFF,0xFF,0xFF,0xFF,0xFF,0xFF,0xFF,0xFF,0xFF,0xFF,0xFF,0xFF,
  0xFF,0xFF,0xFF,0xFF,0xFF,0xFF,0xDF,0xFF,0xBF,0xFF,0xFF,0xFF,0x78,0xAD,0x6C,0x00,0xA8,0x58,0x40,0xE0,0x66,0x78,0xED,0x00,
  0x9C,0xCE,0xFF,0xFF,0x9F,0xE7,0x9F,0xA6,0xDF,0xAE,0xDF,0xFF,0xF1,0x21,0xCD,0x00,0x63,0xA8,0x40,0xD8,0x48,0x38,0xB0,0x19,
  0xBF,0xFF,0xFF,0xFF,0xDF,0xFF,0xFF,0xFF,0xFF,0xFF,0xFF,0xFF,0xDF,0xFF,0xDF,0xFF,0xFF,0xFF,0xFF,0xFF,0xFF,0xFF,0xFF,0xFF,
  0xFF,0xFF,0xFF,0xFF,0xFF,0xFF,0xFF,0xFF,0xFF,0xFF,0xDF,0xFF,0x32,0x2A,0xEF,0x00,0x94,0x01,0xB6,0x01,0xB5,0x01,0xB6,0x01,
  0xB6,0x01,0x75,0x01,0x7A,0x1B,0x5F,0x35,0x5C,0x13,0xFA,0x01,0x18,0x02,0xCE,0x00,0x4E,0x11,0x5D,0xEF,0xFF,0xFF,0xFF,0xFF,
  0xFF,0xFF,0xFF,0xFF,0xFF,0xFF,0xFF,0xFF,0xFF,0xFF,0xFF,0xFF,0xFF,0xFF,0xFF,0xFF,0xFF,0xFF,0xFF,0xFF,0xFF,0xFF,0xFF,0xFF,
  0xFF,0xFF,0xFF,0xFF,0xFF,0xFF,0xFF,0xFF,0xFF,0xFF,0xFF,0xFF,0xFF,0xFF,0xFF,0xFF,0xFF,0xFF,0xFF,0xFF,0xFF,0xFF,0xFF,0xFF,
  0xFF,0xFF,0xFF,0xFF,0xFF,0xFF,0xFF,0xFF,0xFF,0xFF,0xFF,0xFF,0xFF,0xFF,0xFF,0xFF,0xFF,0xFF,0xFF,0xFF,0xFF,0xFF,0xFF,0xFF,
  0xFF,0xFF,0xFF,0xFF,0xBC,0xD6,0x38,0x9D,0x79,0xA5,0x74,0x2A,0x32,0x01,0x54,0x22,0x79,0xA5,0x38,0x9D,0x5B,0xC6,0xFF,0xFF,
  0xFF,0xFF,0xFF,0xFF,0xFF,0xFF,0xDF,0xFF,0xFF,0xFF,0x9A,0xAD,0x51,0x3A,0x51,0x32,0x10,0x01,0x0F,0x01,0xDB,0x23,0xBF,0x2C,
  0xDE,0x1B,0xBF,0x1B,0x59,0x02,0x74,0x01,0xB7,0x01,0xD8,0x01,0x52,0x01,0x30,0x01,0x8D,0x00,0x53,0x5B,0xFD,0xDE,0xDF,0xFF,
  0xFF,0xFF,0xFF,0xFF,0xFF,0xFF,0xFF,0xFF,0xFF,0xFF,0xFF,0xFF,0xFF,0xFF,0xDF,0xFF,0xFF,0xFF,0xBA,0xFE,0x08,0xFA,0x69,0xFA,
  0x69,0xFA,0x69,0xFA,0x49,0xFA,0x29,0xFA,0x69,0xFA,0x08,0xF2,0x8F,0xE3,0x1E,0xD7,0x73,0x6B,0x4A,0x20,0xED,0x10,0x0F,0x01,
  0xBC,0xD6,0xFF,0xFF,0x7F,0xDF,0xBF,0xA6,0x1F,0x7E,0xBF,0xA6,0xB0,0x19,0xAD,0x00,0xEC,0x18,0x8A,0x20,0xD6,0x9C,0x5E,0xD7,
  0xD6,0xF5,0x28,0xFA,0x69,0xFA,0x49,0xFA,0x69,0xFA,0x69,0xFA,0x29,0xFA,0x49,0xFA,0x3C,0xFF,0xFF,0xFF,0xDF,0xFF,0xFF,0xFF,
  0xFF,0xFF,0xFF,0xFF,0xFF,0xFF,0xFF,0xFF,0xFF,0xFF,0xFF,0xFF,0xFD,0xDE,0xDC,0xD6,0xD3,0x42,0xCD,0x00,0x73,0x01,0xB6,0x01,
  0xB6,0x01,0x96,0x01,0x9A,0x02,0x5F,0x0B,0xDE,0x1B,0xDF,0x34,0xBC,0x1B,0x95,0x01,0xD4,0x01,0x52,0x32,0xB2,0x42,0x1D,0xDF,
  0xFF,0xFF,0xFF,0xFF,0xFF,0xFF,0xFF,0xFF,0xFF,0xFF,0xFF,0xFF,0xFF,0xFF,0xFF,0xFF,0xFF,0xFF,0xFF,0xFF,0xFF,0xFF,0xFF,0xFF,
  0xFF,0xFF,0xFF,0xFF,0xFF,0xFF,0xFF,0xFF,0xFF,0xFF,0xFF,0xFF,0xFF,0xFF,0xFF,0xFF,0xFF,0xFF,0xFF,0xFF,0xFF,0xFF,0xFF,0xFF,
  0xFF,0xFF,0xFF,0xFF,0xFF,0xFF,0xFF,0xFF,0xFF,0xFF,0xFF,0xFF,0xFF,0xFF,0xFF,0xFF,0xFF,0xFF,0xFF,0xFF,0xFF,0xFF,0xFF,0xFF,
  0xFF,0xFF,0xFF,0xFF,0xFF,0xFF,0xFF,0xFF,0xFF,0xFF,0xD2,0x42,0x4C,0x00,0x71,0x3A,0xFF,0xFF,0xFF,0xFF,0xFF,0xFF,0xFF,0xFF,
  0xFF,0xFF,0xFF,0xFF,0xFF,0xFF,0xDF,0xFF,0xFF,0xFF,0xD8,0x8C,0x0C,0x00,0xEF,0x00,0x52,0x01,0x31,0x01,0x9D,0x34,0x9F,0x45,
  0x3D,0x0B,0x9D,0x02,0xD6,0x01,0x31,0x01,0xB6,0x01,0xD8,0x01,0x52,0x01,0x10,0x01,0x2C,0x00,0x16,0x74,0xFF,0xFF,0xDF,0xFF,
  0xFF,0xFF,0xFF,0xFF,0xFF,0xFF,0xFF,0xFF,0xFF,0xFF,0xFF,0xFF,0xFF,0xFF,0xFF,0xFF,0xFF,0xFF,0x99,0xFE,0x21,0xF8,0x82,0xF8,
  0x82,0xF8,0xA2,0xF8,0xA2,0xF8,0xA2,0xF0,0xA2,0xF0,0x00,0xF0,0x66,0xF1,0xD2,0xFC,0x90,0x6A,0xCF,0x00,0x0F,0x01,0x0F,0x01,
  0xDC,0xD6,0xFF,0xFF,0x5F,0xCF,0x7F,0x96,0xDF,0x65,0x5F,0x86,0xB0,0x11,0xCE,0x00,0xCF,0x00,0xAF,0x00,0xAE,0xAA,0x8D,0xFB,
  0x08,0xF2,0x41,0xF8,0xA2,0xF8,0xC3,0xF8,0xE3,0xF8,0xE3,0xF8,0x82,0xF8,0x82,0xF8,0xFB,0xFE,0xFF,0xFF,0xFF,0xFF,0xFF,0xFF,
  0xFF,0xFF,0xFF,0xFF,0xFF,0xFF,0xFF,0xFF,0xFF,0xFF,0xFF,0xFF,0xFF,0xFF,0xFF,0xFF,0xF2,0x52,0x2A,0x00,0x72,0x01,0xB6,0x01,
  0xB6,0x01,0xB5,0x01,0x5A,0x02,0x9E,0x02,0xFE,0x1B,0xBF,0x45,0x7E,0x24,0x1A,0x02,0x39,0x02,0xCF,0x00,0xAD,0x00,0xBC,0xCE,
  0xFF,0xFF,0xFF,0xFF,0xFF,0xFF,0xFF,0xFF,0xFF,0xFF,0xFF,0xFF,0xFF,0xFF,0xFF,0xFF,0xFF,0xFF,0xFF,0xFF,0xFF,0xFF,0xFF,0xFF,
  0xFF,0xFF,0xFF,0xFF,0xFF,0xFF,0xFF,0xFF,0xFF,0xFF,0xFF,0xFF,0xFF,0xFF,0xFF,0xFF,0xFF,0xFF,0xFF,0xFF,0xFF,0xFF,0xFF,0xFF,
  0xFF,0xFF,0xFF,0xFF,0xFF,0xFF,0xFF,0xFF,0xFF,0xFF,0xFF,0xFF,0xFF,0xFF,0xFF,0xFF,0xFF,0xFF,0xFF,0xFF,0xFF,0xFF,0xFF,0xFF,
  0xFF,0xFF,0xFF,0xFF,0xFF,0xFF,0xDF,0xFF,0xFF,0xFF,0x72,0x32,0x2D,0x00,0x31,0x2A,0xFF,0xFF,0xDF,0xFF,0xFF,0xFF,0xFF,0xFF,
  0xFF,0xFF,0xFF,0xFF,0xFF,0xFF,0xDF,0xFF,0xFF,0xFF,0xF8,0x94,0x6D,0x00,0x71,0x01,0xBB,0x02,0xBB,0x02,0x9E,0x55,0x9F,0x24,
  0x5A,0x02,0xF7,0x01,0xB5,0x01,0x74,0x01,0x53,0x01,0x73,0x01,0xEF,0x00,0x95,0x5B,0x1B,0xBE,0xFD,0xDE,0xFF,0xFF,0xFF,0xFF,
  0xFF,0xFF,0xFF,0xFF,0xFF,0xFF,0xDF,0xFF,0xDF,0xFF,0xDB,0xFE,0xCB,0xF2,0x0C,0xF3,0xEB,0xF2,0x4D,0xF3,0xD7,0xFD,0xF7,0xFD,
  0x18,0xFE,0x38,0xFE,0x38,0xFE,0x38,0xFE,0x18,0xFE,0x18,0xFE,0xD7,0xF5,0xB7,0xF5,0xF7,0xB4,0x0F,0x09,0xEE,0x00,0xCD,0x00,
  0x9B,0x85,0x7F,0xD7,0x3F,0xC7,0x7F,0x96,0x9F,0x5D,0xDE,0x6D,0xB2,0x11,0xAF,0x00,0x17,0x64,0x5B,0x8D,0x77,0xCD,0x95,0xF5,
  0x96,0xF5,0xF7,0xFD,0xF7,0xFD,0x38,0xFE,0x58,0xFE,0x38,0xFE,0x18,0xFE,0xB6,0xFD,0x2C,0xFB,0x2C,0xFB,0x2C,0xFB,0x6D,0xFB,
  0x9E,0xFF,0xFF,0xFF,0xDF,0xFF,0xFF,0xFF,0xFF,0xFF,0xFF,0xFF,0xFF,0xFF,0xDF,0xFF,0xBC,0xD6,0x99,0xAD,0xB0,0x19,0x10,0x01,
  0x94,0x01,0xD7,0x01,0xF7,0x01,0xF8,0x01,0xDB,0x02,0xDF,0x0B,0x7D,0x0B,0xBD,0x02,0x7A,0x02,0x0F,0x01,0xED,0x00,0xBC,0xD6,
  0xFF,0xFF,0xFF,0xFF,0xFF,0xFF,0xFF,0xFF,0xFF,0xFF,0xFF,0xFF,0xFF,0xFF,0xFF,0xFF,0xFF,0xFF,0xFF,0xFF,0xFF,0xFF,0xFF,0xFF,
  0xFF,0xFF,0xFF,0xFF,0xFF,0xFF,0xFF,0xFF,0xFF,0xFF,0xFF,0xFF,0xFF,0xFF,0xFF,0xFF,0xFF,0xFF,0xFF,0xFF,0xFF,0xFF,0xFF,0xFF,
  0xFF,0xFF,0xFF,0xFF,0xFF,0xFF,0xFF,0xFF,0xFF,0xFF,0xFF,0xFF,0xFF,0xFF,0xFF,0xFF,0xFF,0xFF,0xFF,0xFF,0xFF,0xFF,0xFF,0xFF,
  0xFF,0xFF,0xFF,0xFF,0xFF,0xFF,0xFF,0xFF,0xFF,0xFF,0x7C,0xCE,0xFB,0xBD,0x7C,0xCE,0xFF,0xFF,0xFF,0xFF,0xFF,0xFF,0xFF,0xFF,
  0xFF,0xFF,0xFF,0xFF,0xFF,0xFF,0xDF,0xFF,0xFF,0xFF,0xF8,0x94,0x6D,0x00,0x72,0x01,0x3F,0x03,0x1E,0x03,0xDF,0x55,0xFF,0x1B,
  0xD8,0x01,0xB5,0x01,0xB6,0x01,0xB6,0x01,0x53,0x01,0x52,0x01,0x2D,0x00,0xF5,0x73,0xFF,0xFF,0xFF,0xFF,0xFF,0xFF,0xFF,0xFF,
  0xFF,0xFF,0xFF,0xFF,0xFF,0xFF,0xFF,0xFF,0xFF,0xFF,0x1B,0xFF,0x61,0xF0,0x61,0xF0,0x00,0xF0,0x66,0xF1,0xFF,0xFF,0xFF,0xFF,
  0xFF,0xFF,0xFF,0xFF,0xFF,0xFF,0xFF,0xFF,0xFF,0xFF,0xFF,0xFF,0xFF,0xF7,0xFF,0xF7,0xDD,0xCE,0x8C,0x00,0x8D,0x00,0xCD,0x00,
  0x9D,0x75,0xDF,0xDF,0x7F,0xD7,0x9F,0x9E,0xBF,0x5D,0xBF,0x65,0x70,0x09,0x8D,0x00,0x3A,0x85,0x3F,0xC7,0xBF,0xDF,0xFF,0xF7,
  0xFF,0xFF,0xFF,0xFF,0xFF,0xFF,0xFF,0xFF,0xFF,0xFF,0xFF,0xFF,0xFF,0xFF,0xDF,0xFF,0x24,0xF1,0x41,0xF0,0x41,0xF0,0xC3,0xF0,
  0xBE,0xFF,0xFF,0xFF,0xFF,0xFF,0xFF,0xFF,0xFF,0xFF,0xFF,0xFF,0xFF,0xFF,0xFF,0xFF,0xFF,0xFF,0xDF,0xFF,0xB0,0x19,0xEF,0x00,
  0x94,0x01,0xD7,0x01,0xB6,0x01,0x95,0x01,0x7A,0x02,0x3E,0x03,0x1E,0x03,0xFE,0x02,0xBC,0x02,0xEF,0x00,0xCD,0x00,0x9C,0xCE,
  0xFF,0xFF,0xDF,0xFF,0xFF,0xFF,0xFF,0xFF,0xFF,0xFF,0xFF,0xFF,0xFF,0xFF,0xFF,0xFF,0xFF,0xFF,0xFF,0xFF,0xFF,0xFF,0xFF,0xFF,
  0xFF,0xFF,0xFF,0xFF,0xFF,0xFF,0xFF,0xFF,0xFF,0xFF,0xFF,0xFF,0xFF,0xFF,0xFF,0xFF,0xFF,0xFF,0xFF,0xFF,0xFF,0xFF,0xFF,0xFF,
  0xFF,0xFF,0xFF,0xFF,0xFF,0xFF,0xFF,0xFF,0xFF,0xFF,0xFF,0xFF,0xFF,0xFF,0xFF,0xFF,0xFF,0xFF,0xFF,0xFF,0xFF,0xFF,0xFF,0xFF,
  0xFF,0xFF,0xFF,0xFF,0xFF,0xFF,0xFF,0xFF,0xFF,0xFF,0xFF,0xFF,0xFF,0xFF,0xFF,0xFF,0xFF,0xFF,0xFF,0xFF,0xFF,0xFF,0xFF,0xFF,
  0xFF,0xFF,0xFF,0xFF,0xFF,0xFF,0xFF,0xFF,0xFF,0xFF,0x18,0x9D,0x4C,0x00,0x71,0x01,0x1E,0x03,0xFE,0x02,0x1E,0x1C,0x7F,0x0B,
  0x19,0x02,0xB6,0x01,0xD7,0x01,0xD7,0x01,0x52,0x01,0xEF,0x00,0x54,0x5B,0x5B,0xC6,0xDF,0xFF,0xFF,0xFF,0xFF,0xFF,0xFF,0xFF,
  0xFF,0xFF,0xDF,0xFF,0x5D,0xFF,0xCF,0xEB,0xAE,0xF3,0x4D,0xFB,0x71,0xFC,0x75,0xFD,0x14,0xFD,0x96,0xFD,0xDF,0xFF,0xDF,0xFF,
  0xDF,0xFF,0xFF,0xFF,0xFF,0xFF,0xFF,0xFF,0xDF,0xFF,0xDF,0xFF,0xBF,0xFF,0xBF,0xF7,0x3E,0xDF,0xD8,0x94,0x74,0x5B,0xCE,0x00,
  0xF5,0x3A,0x3D,0xA6,0x9F,0xDF,0x9F,0x9E,0x5B,0x3C,0xB4,0x22,0x2E,0x09,0x6C,0x00,0x9A,0xA5,0x7F,0xE7,0x9F,0xEF,0xDF,0xFF,
  0xDF,0xFF,0xDF,0xFF,0xDF,0xFF,0xFF,0xFF,0xFF,0xFF,0xDF,0xFF,0xFF,0xFF,0xBE,0xFF,0x75,0xFD,0x14,0xFD,0x14,0xFD,0xD3,0xFC,
  0xAE,0xFB,0xAF,0xF3,0x6D,0xF3,0xDB,0xFE,0xDF,0xFF,0xFF,0xFF,0xFF,0xFF,0xFF,0xFF,0xDF,0xFF,0xBF,0xF7,0x33,0x53,0xAD,0x00,
  0x72,0x01,0xD6,0x01,0xD6,0x01,0xB6,0x01,0x9B,0x02,0x5F,0x03,0x1E,0x03,0xFE,0x02,0xBC,0x02,0xEF,0x00,0xCD,0x00,0xDC,0xD6,
  0xFF,0xFF,0xFF,0xFF,0xFF,0xFF,0xFF,0xFF,0xFF,0xFF,0xFF,0xFF,0xFF,0xFF,0xFF,0xFF,0xFF,0xFF,0xFF,0xFF,0xFF,0xFF,0xFF,0xFF,
  0xFF,0xFF,0xFF,0xFF,0xFF,0xFF,0xFF,0xFF,0xFF,0xFF,0xFF,0xFF,0xFF,0xFF,0xFF,0xFF,0xFF,0xFF,0xFF,0xFF,0xFF,0xFF,0xFF,0xFF,
  0xFF,0xFF,0xFF,0xFF,0xFF,0xFF,0xFF,0xFF,0xFF,0xFF,0xFF,0xFF,0xFF,0xFF,0xFF,0xFF,0xFF,0xFF,0xFF,0xFF,0xFF,0xFF,0xFF,0xFF,
  0xFF,0xFF,0xFF,0xFF,0xFF,0xFF,0xFF,0xFF,0xFF,0xFF,0xFF,0xFF,0xDF,0xFF,0xFF,0xFF,0xFF,0xFF,0xFF,0xFF,0xFF,0xFF,0xFF,0xFF,
  0xFF,0xFF,0xFF,0xFF,0xFF,0xFF,0x9C,0xCE,0x5B,0xC6,0xF5,0x73,0x6C,0x00,0x30,0x01,0xDC,0x02,0xDD,0x02,0xDE,0x02,0x1F,0x03,
  0x5A,0x02,0xD7,0x01,0xD7,0x01,0xD7,0x01,0xF0,0x00,0x0A,0x00,0xFA,0xB5,0xFF,0xFF,0xDF,0xFF,0xFF,0xFF,0xFF,0xFF,0xFF,0xFF,
  0xFF,0xFF,0xFF,0xFF,0x5D,0xFF,0x61,0xD8,0x00,0xE8,0x20,0xF0,0x9A,0xFE,0xFF,0xFF,0xFF,0xFF,0xFF,0xFF,0xFF,0xFF,0xFF,0xFF,
  0xFF,0xFF,0xFF,0xFF,0xFF,0xFF,0xFF,0xFF,0xFF,0xFF,0xFF,0xFF,0xFF,0xFF,0xFF,0xFF,0xFF,0xFF,0xFF,0xFF,0xDA,0xB5,0x8D,0x00,
  0x4C,0x00,0xDA,0x6C,0xFF,0xDF,0xFF,0x9E,0x59,0x23,0x6D,0x00,0x0F,0x01,0x6F,0x19,0x9C,0xCE,0xFF,0xFF,0xFF,0xFF,0xFF,0xFF,
  0xFF,0xFF,0xFF,0xFF,0xFF,0xFF,0xFF,0xFF,0xFF,0xFF,0xFF,0xFF,0xFF,0xFF,0xFF,0xFF,0xFF,0xFF,0xFF,0xFF,0xFF,0xFF,0x9D,0xFF,
  0xC3,0xF0,0x61,0xE8,0x61,0xE0,0x79,0xFE,0xFF,0xFF,0xFF,0xFF,0xFF,0xFF,0xFF,0xFF,0xDF,0xFF,0xFF,0xFF,0x16,0x74,0x0A,0x00,
  0x52,0x01,0xD7,0x01,0xD7,0x01,0xB7,0x01,0xBB,0x02,0x7F,0x03,0x1E,0x03,0xDD,0x02,0x9A,0x02,0xCE,0x00,0xCD,0x00,0xDA,0xB5,
  0xFD,0xDE,0x7E,0xEF,0xFF,0xFF,0xFF,0xFF,0xFF,0xFF,0xFF,0xFF,0xFF,0xFF,0xFF,0xFF,0xFF,0xFF,0xFF,0xFF,0xFF,0xFF,0xFF,0xFF,
  0xFF,0xFF,0xFF,0xFF,0xFF,0xFF,0xFF,0xFF,0xFF,0xFF,0xFF,0xFF,0xFF,0xFF,0xFF,0xFF,0xFF,0xFF,0xFF,0xFF,0xFF,0xFF,0xFF,0xFF,
  0xFF,0xFF,0xFF,0xFF,0xFF,0xFF,0xFF,0xFF,0xFF,0xFF,0xFF,0xFF,0xFF,0xFF,0xFF,0xFF,0xFF,0xFF,0xFF,0xFF,0xFF,0xFF,0xFF,0xFF,
  0xFF,0xFF,0xFF,0xFF,0xFF,0xFF,0xFF,0xFF,0xFF,0xFF,0xFF,0xFF,0xFF,0xFF,0xFF,0xFF,0xFF,0xFF,0xFF,0xFF,0xFF,0xFF,0xFF,0xFF,
  0xFF,0xFF,0xFF,0xFF,0xDF,0xFF,0xF1,0x29,0x6C,0x00,0x10,0x01,0x95,0x01,0x17,0x02,0x5E,0x24,0x7E,0x24,0xBB,0x0A,0x39,0x02,
  0xF7,0x01,0xD7,0x01,0x94,0x01,0x32,0x01,0xD6,0x63,0x58,0xA5,0x1D,0xDF,0xFF,0xFF,0xFF,0xFF,0xFF,0xFF,0xDF,0xFF,0xFF,0xFF,
  0x38,0xFE,0x0F,0xF4,0x6D,0xEB,0x82,0xD8,0xCF,0xF3,0x34,0xFD,0x3C,0xFF,0xDF,0xFF,0xDF,0xFF,0xDF,0xFF,0xFF,0xFF,0xFF,0xFF,
  0xFF,0xFF,0xFF,0xFF,0xFF,0xFF,0xFF,0xFF,0xDF,0xFF,0xBF,0xF7,0xBF,0xF7,0xDF,0xFF,0xDF,0xFF,0xFD,0xDE,0xFA,0xBD,0x6E,0x19,
  0xAC,0x00,0xB4,0x32,0x18,0x5C,0x97,0x43,0x34,0x12,0xCF,0x00,0x32,0x22,0x59,0xA5,0xFD,0xDE,0xDF,0xFF,0x9E,0xF7,0x9E,0xEF,
  0xBF,0xF7,0xDF,0xFF,0xFF,0xFF,0xFF,0xFF,0xFF,0xFF,0xFF,0xFF,0xFF,0xFF,0xFF,0xFF,0xDF,0xFF,0xDF,0xFF,0xDF,0xFF,0x7D,0xFF,
  0x55,0xFD,0x8E,0xF3,0xA2,0xE0,0x2C,0xF3,0x10,0xFC,0x38,0xFE,0xDF,0xFF,0xDF,0xFF,0xFF,0xFF,0xFF,0xFF,0x5B,0xC6,0x18,0x9D,
  0xF5,0x42,0x32,0x01,0xB5,0x01,0xB7,0x01,0x18,0x02,0x59,0x02,0x9B,0x02,0x1E,0x03,0xDC,0x02,0x39,0x02,0x39,0x02,0x50,0x01,
  0x8C,0x00,0xD7,0x8C,0xFF,0xFF,0xDF,0xFF,0xFF,0xFF,0xFF,0xFF,0xFF,0xFF,0xFF,0xFF,0xFF,0xFF,0xFF,0xFF,0xFF,0xFF,0xFF,0xFF,
  0xFF,0xFF,0xFF,0xFF,0xFF,0xFF,0xFF,0xFF,0xFF,0xFF,0xFF,0xFF,0xFF,0xFF,0xFF,0xFF,0xFF,0xFF,0xFF,0xFF,0xFF,0xFF,0xFF,0xFF,
  0xFF,0xFF,0xFF,0xFF,0xFF,0xFF,0xFF,0xFF,0xFF,0xFF,0xFF,0xFF,0xFF,0xFF,0xFF,0xFF,0xFF,0xFF,0xFF,0xFF,0xFF,0xFF,0xFF,0xFF,
  0xFF,0xFF,0xFF,0xFF,0xFF,0xFF,0xFF,0xFF,0xFF,0xFF,0xFF,0xFF,0xFF,0xFF,0xFF,0xFF,0xFF,0xFF,0xFF,0xFF,0xFF,0xFF,0xFF,0xFF,
  0xFF,0xFF,0xFF,0xFF,0xDF,0xFF,0x32,0x2A,0xAE,0x00,0x73,0x01,0xF9,0x01,0x9A,0x0A,0x7F,0x45,0x9F,0x45,0x79,0x0A,0x96,0x01,
  0xB6,0x01,0xD7,0x01,0x51,0x01,0x8B,0x00,0x99,0xAD,0xFF,0xFF,0xFF,0xFF,0xFF,0xFF,0xFF,0xFF,0xFF,0xFF,0xDF,0xFF,0xFF,0xFF,
  0xD2,0xF4,0x00,0xE0,0x00,0xD8,0x00,0xD0,0x79,0xF6,0xFF,0xFF,0xFF,0xFF,0xFF,0xFF,0xFF,0xFF,0xFF,0xFF,0xFF,0xFF,0xFF,0xFF,
  0xFF,0xFF,0xFF,0xFF,0xFF,0xFF,0xFF,0xFF,0xFF,0xFF,0xF3,0x4A,0x0E,0x19,0xFA,0xBD,0xFF,0xFF,0xB0,0x21,0xAD,0x00,0xED,0x00,
  0xCD,0x00,0x11,0x01,0xD2,0x00,0xD0,0x00,0xCE,0x00,0xEE,0x00,0xEE,0x00,0x6C,0x00,0x1A,0xBE,0xFF,0xFF,0xD5,0x6B,0xCD,0x10,
  0x35,0x7C,0xFF,0xFF,0xDF,0xFF,0xFF,0xFF,0xFF,0xFF,0xFF,0xFF,0xFF,0xFF,0xFF,0xFF,0xFF,0xFF,0xFF,0xFF,0xFF,0xFF,0xFF,0xFF,
  0xFF,0xFF,0x38,0xF6,0x00,0xE0,0x21,0xE0,0x00,0xE8,0xD2,0xFC,0xFF,0xFF,0xFF,0xFF,0xFF,0xFF,0xFF,0xFF,0xFF,0xFF,0xFF,0xFF,
  0xF6,0x73,0x8C,0x00,0x93,0x01,0xD7,0x01,0xD6,0x01,0x96,0x01,0x3A,0x02,0x3F,0x03,0xFE,0x02,0xFE,0x02,0xFD,0x02,0x50,0x01,
  0x6B,0x00,0xB7,0x8C,0xFF,0xFF,0xDF,0xFF,0xFF,0xFF,0xFF,0xFF,0xFF,0xFF,0xFF,0xFF,0xFF,0xFF,0xFF,0xFF,0xFF,0xFF,0xFF,0xFF,
  0xFF,0xFF,0xFF,0xFF,0xFF,0xFF,0xFF,0xFF,0xFF,0xFF,0xFF,0xFF,0xFF,0xFF,0xFF,0xFF,0xFF,0xFF,0xFF,0xFF,0xFF,0xFF,0xFF,0xFF,
  0xFF,0xFF,0xFF,0xFF,0xFF,0xFF,0xFF,0xFF,0xFF,0xFF,0xFF,0xFF,0xFF,0xFF,0xFF,0xFF,0xFF,0xFF,0xFF,0xFF,0xFF,0xFF,0xFF,0xFF,
  0xFF,0xFF,0xFF,0xFF,0xFF,0xFF,0xFF,0xFF,0xFF,0xFF,0xFF,0xFF,0xFF,0xFF,0xFF,0xFF,0xFF,0xFF,0xFF,0xFF,0xFF,0xFF,0xFF,0xFF,
  0xFF,0xFF,0xFF,0xFF,0xDF,0xFF,0x11,0x2A,0xAD,0x00,0x94,0x01,0x7C,0x02,0xBB,0x02,0x9F,0x24,0x7E,0x24,0x38,0x02,0xB7,0x01,
  0xB6,0x01,0xB6,0x01,0x72,0x01,0xAD,0x00,0x38,0x9D,0xFF,0xFF,0xDF,0xFF,0xFF,0xFF,0xFF,0xFF,0xFF,0xFF,0xFF,0xFF,0x3C,0xFF,
  0x10,0xFC,0xEF,0xF3,0xCF,0xEB,0xE7,0xE1,0xCF,0xFB,0x55,0xFD,0x5D,0xFF,0xFF,0xFF,0xFF,0xFF,0xFF,0xFF,0xFF,0xFF,0xFF,0xFF,
  0xFF,0xFF,0xFF,0xFF,0xFF,0xFF,0x9E,0xEF,0xBA,0xB5,0x13,0x22,0x8F,0x00,0xB5,0x63,0xDA,0xB5,0xB5,0x22,0x14,0x0A,0xF5,0x01,
  0xB5,0x01,0xB4,0x01,0xF6,0x01,0xB4,0x01,0x10,0x01,0x10,0x01,0x72,0x01,0x53,0x01,0x17,0x6C,0x58,0xAD,0x73,0x32,0x90,0x00,
  0xD4,0x3A,0x1B,0xBE,0xBF,0xF7,0xFF,0xFF,0xFF,0xFF,0xFF,0xFF,0xFF,0xFF,0xFF,0xFF,0xFF,0xFF,0xFF,0xFF,0xFF,0xFF,0x7D,0xFF,
  0x76,0xFD,0xAE,0xFB,0x86,0xE9,0xEF,0xF3,0xCF,0xFB,0x51,0xFC,0xD3,0xFC,0x5D,0xFF,0xFF,0xFF,0xFF,0xFF,0xDF,0xFF,0xFF,0xFF,
  0x74,0x5B,0x0A,0x00,0x52,0x01,0xB6,0x01,0xD7,0x01,0xB7,0x01,0x39,0x02,0x1E,0x03,0xFD,0x02,0xDD,0x02,0xDD,0x02,0x52,0x01,
  0x8C,0x00,0xD7,0x8C,0xFF,0xFF,0xDF,0xFF,0xFF,0xFF,0xFF,0xFF,0xFF,0xFF,0xFF,0xFF,0xFF,0xFF,0xFF,0xFF,0xFF,0xFF,0xFF,0xFF,
  0xFF,0xFF,0xFF,0xFF,0xFF,0xFF,0xFF,0xFF,0xFF,0xFF,0xFF,0xFF,0xFF,0xFF,0xFF,0xFF,0xFF,0xFF,0xFF,0xFF,0xFF,0xFF,0xFF,0xFF,
  0xFF,0xFF,0xFF,0xFF,0xFF,0xFF,0xFF,0xFF,0xFF,0xFF,0xFF,0xFF,0xFF,0xFF,0xFF,0xFF,0xFF,0xFF,0xFF,0xFF,0xFF,0xFF,0xFF,0xFF,
  0xFF,0xFF,0xFF,0xFF,0xFF,0xFF,0xFF,0xFF,0xFF,0xFF,0xFF,0xFF,0xFF,0xFF,0xFF,0xFF,0xFF,0xFF,0xFF,0xFF,0xFF,0xFF,0xFF,0xFF,
  0xFF,0xFF,0xFF,0xFF,0xDF,0xFF,0x11,0x2A,0x8C,0x00,0xD4,0x01,0x1F,0x03,0x1E,0x03,0xDF,0x03,0xDE,0x03,0x18,0x02,0xB7,0x01,
  0x95,0x01,0x74,0x01,0x10,0x01,0x6C,0x00,0x18,0x95,0xFF,0xFF,0xDF,0xFF,0xFF,0xFF,0xFF,0xFF,0xFF,0xFF,0xFF,0xFF,0xD7,0xFD,
  0x4A,0xF2,0xFF,0xFF,0xFF,0xFF,0x18,0xFE,0x41,0xF8,0xE3,0xF8,0x9A,0xFE,0xFF,0xFF,0xFF,0xFF,0xFF,0xFF,0xFF,0xFF,0xFF,0xFF,
  0xFF,0xFF,0xFF,0xFF,0xFF,0xFF,0x5B,0xC6,0x0C,0x00,0xB6,0x01,0xF7,0x01,0xD0,0x00,0x52,0x01,0x3F,0x2D,0xFF,0x2C,0x5F,0x03,
  0xFE,0x02,0xF7,0x01,0xBC,0x02,0x39,0x02,0x54,0x01,0xB6,0x01,0xDE,0x02,0x1F,0x03,0x95,0x01,0x8E,0x00,0x32,0x01,0xF7,0x01,
  0x34,0x01,0x0E,0x09,0x7E,0xEF,0xFF,0xFF,0xFF,0xFF,0xFF,0xFF,0xFF,0xFF,0xFF,0xFF,0xFF,0xFF,0xFF,0xFF,0xFF,0xFF,0xBA,0xFE,
  0xC3,0xF8,0x01,0xF8,0x4D,0xFB,0xFF,0xFF,0xFF,0xFF,0x71,0xFC,0x00,0xE8,0x39,0xFE,0xFF,0xFF,0xFF,0xFF,0xFF,0xFF,0xFF,0xFF,
  0x59,0xA5,0x75,0x63,0xF1,0x21,0xCE,0x00,0x74,0x01,0xB6,0x01,0x39,0x02,0x3E,0x03,0xFE,0x02,0xDD,0x02,0xFE,0x02,0x51,0x01,
  0x6B,0x00,0xB7,0x8C,0xFF,0xFF,0xDF,0xFF,0xFF,0xFF,0xFF,0xFF,0xFF,0xFF,0xFF,0xFF,0xFF,0xFF,0xFF,0xFF,0xFF,0xFF,0xFF,0xFF,
  0xFF,0xFF,0xFF,0xFF,0xFF,0xFF,0xFF,0xFF,0xFF,0xFF,0xFF,0xFF,0xFF,0xFF,0xFF,0xFF,0xFF,0xFF,0xFF,0xFF,0xFF,0xFF,0xFF,0xFF,
  0xFF,0xFF,0xFF,0xFF,0xFF,0xFF,0xFF,0xFF,0xFF,0xFF,0xFF,0xFF,0xFF,0xFF,0xFF,0xFF,0xFF,0xFF,0xFF,0xFF,0xFF,0xFF,0xFF,0xFF,
  0xFF,0xFF,0xFF,0xFF,0xFF,0xFF,0xFF,0xFF,0xFF,0xFF,0xFF,0xFF,0xFF,0xFF,0xFF,0xFF,0xFF,0xFF,0xFF,0xFF,0xFF,0xFF,0xFF,0xFF,
  0xFF,0xFF,0xDF,0xFF,0xBF,0xF7,0x32,0x2A,0x8D,0x00,0xD4,0x01,0xFE,0x02,0xFD,0x02,0xDE,0x03,0x9E,0x03,0xF8,0x01,0xD7,0x01,
  0x95,0x01,0x73,0x01,0xD1,0x19,0xCF,0x29,0x9A,0xAD,0xFF,0xFF,0xFF,0xFF,0xFF,0xFF,0xFF,0xFF,0xFF,0xFF,0xFF,0xFF,0x38,0xFE,
  0x29,0xF2,0x59,0xFE,0x5D,0xFF,0x38,0xFE,0x85,0xF9,0xC6,0xF9,0x9A,0xFE,0xFF,0xFF,0xFF,0xFF,0xFF,0xFF,0xFF,0xFF,0xFF,0xFF,
  0xFF,0xFF,0xFF,0xFF,0xFF,0xFF,0xBC,0xD6,0xAF,0x29,0xD5,0x01,0xB5,0x01,0xD3,0x09,0x3A,0x13,0x1D,0x14,0x79,0x02,0x75,0x01,
  0x76,0x01,0xB6,0x01,0xBC,0x02,0x39,0x02,0x34,0x01,0x13,0x01,0x39,0x02,0x59,0x02,0x9B,0x02,0xDC,0x02,0xD6,0x01,0x53,0x01,
  0x92,0x09,0xB2,0x42,0x9E,0xEF,0xFF,0xFF,0xFF,0xFF,0xFF,0xFF,0xFF,0xFF,0xFF,0xFF,0xFF,0xFF,0xFF,0xFF,0xFF,0xFF,0xDA,0xFE,
  0xA6,0xF9,0x65,0xF9,0x51,0xFC,0xBE,0xFF,0xBA,0xFE,0xCF,0xFB,0xC7,0xF1,0xDB,0xFE,0xFF,0xFF,0xDF,0xFF,0xFF,0xFF,0xFF,0xFF,
  0xFF,0xFF,0xFF,0xFF,0x33,0x53,0x8C,0x00,0x93,0x01,0xD7,0x01,0x5A,0x02,0x3F,0x03,0xFE,0x02,0xDD,0x02,0xDD,0x02,0x51,0x01,
  0x6C,0x00,0xB7,0x8C,0xFF,0xFF,0xDF,0xFF,0xFF,0xFF,0xFF,0xFF,0xFF,0xFF,0xFF,0xFF,0xFF,0xFF,0xFF,0xFF,0xFF,0xFF,0xFF,0xFF,
  0xFF,0xFF,0xFF,0xFF,0xFF,0xFF,0xFF,0xFF,0xFF,0xFF,0xFF,0xFF,0xFF,0xFF,0xFF,0xFF,0xFF,0xFF,0xFF,0xFF,0xFF,0xFF,0xFF,0xFF,
  0xFF,0xFF,0xFF,0xFF,0xFF,0xFF,0xFF,0xFF,0xFF,0xFF,0xFF,0xFF,0xFF,0xFF,0xFF,0xFF,0xFF,0xFF,0xFF,0xFF,0xFF,0xFF,0xFF,0xFF,
  0xFF,0xFF,0xFF,0xFF,0xFF,0xFF,0xFF,0xFF,0xFF,0xFF,0xFF,0xFF,0xFF,0xFF,0xFF,0xFF,0xFF,0xFF,0xFF,0xFF,0xFF,0xFF,0xFF,0xFF,
  0xFF,0xFF,0xFF,0xFF,0xFF,0xFF,0x11,0x2A,0x8D,0x00,0xD5,0x01,0x1E,0x03,0xFD,0x02,0x3E,0x03,0x5F,0x03,0x18,0x02,0xB7,0x01,
  0x52,0x01,0xAE,0x00,0xF8,0x94,0xFF,0xFF,0xDF,0xFF,0xFF,0xFF,0xFF,0xFF,0xFF,0xFF,0xFF,0xFF,0xFF,0xFF,0xFF,0xFF,0x59,0xFE,
  0xA3,0xE8,0xC3,0xF0,0xD3,0xFC,0xFF,0xFF,0x8A,0xFA,0x83,0xF8,0x9A,0xFE,0xFF,0xFF,0xFF,0xFF,0xFF,0xFF,0xFF,0xFF,0xFF,0xFF,
  0xFF,0xFF,0xFF,0xFF,0xFF,0xFF,0xFF,0xFF,0x9F,0xEF,0x4F,0x11,0x74,0x12,0x7F,0x35,0x5B,0x0B,0x11,0x01,0xAE,0x00,0x71,0x3A,
  0xD2,0x42,0xB3,0x11,0xBD,0x02,0xF8,0x01,0x91,0x19,0x34,0x53,0x0E,0x09,0x8C,0x00,0xF6,0x01,0xFD,0x02,0x3E,0x03,0x75,0x01,
  0x94,0x5B,0xFF,0xFF,0xDF,0xFF,0xFF,0xFF,0xFF,0xFF,0xFF,0xFF,0xFF,0xFF,0xFF,0xFF,0xFF,0xFF,0xFF,0xFF,0xFF,0xFF,0xBA,0xFE,
  0x04,0xF9,0x2C,0xFB,0xFF,0xFF,0xFB,0xFE,0xE4,0xF0,0xA3,0xF0,0xDB,0xFE,0xFF,0xFF,0xFF,0xFF,0xFF,0xFF,0xFF,0xFF,0xFF,0xFF,
  0xDF,0xFF,0xFF,0xFF,0x34,0x53,0xAE,0x00,0xB5,0x01,0xD8,0x01,0x39,0x02,0x1E,0x03,0xFD,0x02,0xFE,0x02,0xFE,0x02,0x73,0x01,
  0x8D,0x00,0xF8,0x94,0xFF,0xFF,0xFF,0xFF,0xFF,0xFF,0xFF,0xFF,0xFF,0xFF,0xFF,0xFF,0xFF,0xFF,0xFF,0xFF,0xFF,0xFF,0xFF,0xFF,
  0xFF,0xFF,0xFF,0xFF,0xFF,0xFF,0xFF,0xFF,0xFF,0xFF,0xFF,0xFF,0xFF,0xFF,0xFF,0xFF,0xFF,0xFF,0xFF,0xFF,0xFF,0xFF,0xFF,0xFF,
  0xFF,0xFF,0xFF,0xFF,0xFF,0xFF,0xFF,0xFF,0xFF,0xFF,0xFF,0xFF,0xFF,0xFF,0xFF,0xFF,0xFF,0xFF,0xDF,0xFF,0x9E,0xFF,0x7D,0xFF,
  0xBE,0xFF,0xFF,0xFF,0xFF,0xFF,0xBE,0xFF,0x9E,0xFF,0x9D,0xFF,0xDF,0xFF,0xFF,0xFF,0xFF,0xFF,0xFF,0xFF,0xFF,0xFF,0xFF,0xFF,
  0x9E,0xF7,0xB7,0x8C,0x56,0x7C,0x4E,0x11,0xAD,0x00,0xD5,0x01,0x3F,0x03,0xFE,0x02,0x3E,0x03,0x1E,0x03,0xF8,0x01,0xB6,0x01,
  0x51,0x01,0x8C,0x00,0xF8,0x94,0xFF,0xFF,0xFF,0xFF,0xFF,0xFF,0xFF,0xFF,0xFF,0xFF,0xFF,0xFF,0xFF,0xFF,0xFF,0xFF,0x38,0xF6,
  0xE3,0xE0,0xE3,0xE8,0xB2,0xFC,0x9E,0xFF,0x6A,0xFA,0xA4,0xF8,0x38,0xFE,0xBE,0xFF,0xDF,0xFF,0xFF,0xFF,0xFF,0xFF,0xFF,0xFF,
  0xFF,0xFF,0xFF,0xFF,0xFF,0xFF,0xFF,0xFF,0x5E,0xE7,0x90,0x11,0x96,0x12,0x3F,0x14,0x39,0x02,0x50,0x09,0x6F,0x11,0x1D,0xDF,
  0xFF,0xFF,0x14,0x4B,0x3B,0x02,0x96,0x01,0xD2,0x4A,0xFF,0xFF,0x51,0x3A,0x0E,0x11,0x16,0x0A,0x9B,0x02,0x1E,0x03,0x75,0x01,
  0x53,0x5B,0xBF,0xF7,0xDF,0xFF,0xFF,0xFF,0xFF,0xFF,0xFF,0xFF,0xFF,0xFF,0xFF,0xFF,0xFF,0xFF,0xDF,0xFF,0x9E,0xFF,0x59,0xFE,
  0xE4,0xF8,0x0C,0xFB,0xDF,0xFF,0xBA,0xFE,0x45,0xF1,0x65,0xF1,0x1C,0xFF,0xFF,0xFF,0xFF,0xFF,0xFF,0xFF,0xFF,0xFF,0xFF,0xFF,
  0xFF,0xFF,0xFF,0xFF,0x34,0x4B,0xCE,0x00,0xB4,0x01,0xF7,0x01,0x39,0x02,0xFE,0x02,0xFD,0x02,0xDD,0x02,0xFD,0x02,0x72,0x01,
  0xEF,0x00,0x52,0x32,0x13,0x53,0x77,0x84,0xFF,0xFF,0xFF,0xFF,0xFF,0xFF,0xFF,0xFF,0xFF,0xFF,0xFF,0xFF,0xFF,0xFF,0xFF,0xFF,
  0xFF,0xFF,0xFF,0xFF,0xFF,0xFF,0xFF,0xFF,0xFF,0xFF,0xFF,0xFF,0xFF,0xFF,0xFF,0xFF,0xFF,0xFF,0xFF,0xFF,0xFF,0xFF,0xFF,0xFF,
  0xFF,0xFF,0xFF,0xFF,0xFF,0xFF,0xFF,0xFF,0xFF,0xFF,0xFF,0xFF,0xFF,0xFF,0xFF,0xFF,0xFF,0xFF,0x38,0xFE,0xA7,0xF9,0xA6,0xF9,
  0x30,0xFC,0xFF,0xFF,0x1B,0xFF,0x28,0xFA,0xE7,0xF9,0x25,0xF1,0xB6,0xFD,0xFF,0xFF,0xFF,0xFF,0xFF,0xFF,0xFF,0xFF,0xFF,0xFF,
  0x3D,0xE7,0x0E,0x01,0x6D,0x00,0x95,0x01,0xD6,0x01,0x59,0x02,0x3F,0x03,0xDD,0x02,0x19,0x02,0x19,0x02,0xD8,0x01,0xF8,0x01,
  0x32,0x01,0x0B,0x00,0xB7,0x8C,0xFF,0xFF,0xDF,0xFF,0xFF,0xFF,0xFF,0xFF,0xFF,0xFF,0xFF,0xFF,0xFF,0xFF,0xFF,0xFF,0xDF,0xFF,
  0xF7,0xF5,0x82,0xD0,0x86,0xF1,0x86,0xF1,0xF7,0xFD,0x3C,0xFF,0x49,0xFA,0xC7,0xF9,0xFB,0xFE,0xFF,0xFF,0xFF,0xFF,0xFF,0xFF,
  0xFF,0xFF,0xFF,0xFF,0xFF,0xFF,0x9C,0xCE,0x6F,0x19,0x5B,0x0B,0x5C,0x03,0xD7,0x01,0xB1,0x19,0xDC,0xD6,0x5E,0xEF,0xBF,0xF7,
  0xFF,0xFF,0xF4,0x4A,0x19,0x02,0x74,0x01,0x91,0x42,0xFF,0xFF,0x5E,0xE7,0x7E,0xEF,0xF7,0x6B,0xB0,0x00,0x9B,0x02,0xFE,0x02,
  0xF6,0x01,0x0F,0x32,0x7E,0xEF,0xFF,0xFF,0xFF,0xFF,0xFF,0xFF,0xFF,0xFF,0xDF,0xFF,0xFF,0xFF,0xF7,0xFD,0x65,0xF9,0x29,0xFA,
  0x7A,0xEE,0x5D,0xF7,0x8D,0xFB,0xC6,0xF1,0x24,0xF1,0xD3,0xFC,0xFF,0xFF,0xDF,0xFF,0xFF,0xFF,0xFF,0xFF,0xFF,0xFF,0xFF,0xFF,
  0xFF,0xFF,0xFF,0xFF,0xB2,0x42,0x0A,0x00,0x52,0x01,0x39,0x02,0x19,0x02,0xF8,0x01,0x3A,0x02,0xFE,0x02,0xFD,0x02,0x7A,0x02,
  0x9B,0x02,0x94,0x01,0x2C,0x00,0xB3,0x42,0xFF,0xFF,0xFF,0xFF,0xFF,0xFF,0xFF,0xFF,0xFF,0xFF,0xFF,0xFF,0xFF,0xFF,0xFF,0xFF,
  0xFF,0xFF,0xFF,0xFF,0xFF,0xFF,0xFF,0xFF,0xFF,0xFF,0xFF,0xFF,0xFF,0xFF,0xFF,0xFF,0xFF,0xFF,0xFF,0xFF,0xFF,0xFF,0xFF,0xFF,
  0xFF,0xFF,0xFF,0xFF,0xFF,0xFF,0xFF,0xFF,0xFF,0xFF,0xFF,0xFF,0xFF,0xFF,0xDF,0xFF,0xBE,0xFF,0xD6,0xFD,0xC3,0xF8,0xC3,0xF0,
  0xCF,0xFB,0xFF,0xFF,0xFB,0xFE,0xE4,0xF8,0x04,0xF1,0xA2,0xF0,0x34,0xFD,0xFF,0xFF,0xFF,0xFF,0xFF,0xFF,0xFF,0xFF,0xFF,0xFF,
  0x3E,0xE7,0x6E,0x11,0xEE,0x00,0xD7,0x01,0xD8,0x01,0x39,0x02,0x1E,0x03,0xBC,0x02,0xB7,0x01,0xD7,0x01,0xD7,0x01,0x96,0x01,
  0x94,0x32,0xF6,0x73,0x5B,0xC6,0xFF,0xFF,0xDF,0xFF,0xFF,0xFF,0xFF,0xFF,0xFF,0xFF,0xFF,0xFF,0xFF,0xFF,0xFF,0xFF,0xFF,0xFF,
  0xBA,0xF6,0x00,0xC8,0xC4,0xE8,0xC3,0xF0,0x9A,0xFE,0xFF,0xFF,0x48,0xFA,0x45,0xF9,0xFB,0xFE,0xFF,0xFF,0xFF,0xFF,0xFF,0xFF,
  0xFF,0xFF,0xDF,0xFF,0xFF,0xFF,0x5B,0xC6,0x8D,0x00,0x9C,0x03,0x7E,0x03,0xD7,0x01,0xCF,0x21,0x9E,0xF7,0xFF,0xFF,0xFF,0xFF,
  0xFF,0xFF,0x14,0x4B,0x1A,0x02,0x75,0x01,0xB2,0x42,0xFF,0xFF,0xFF,0xFF,0xFF,0xFF,0x56,0x7C,0xAD,0x08,0x9A,0x02,0x1F,0x03,
  0xB6,0x01,0x2D,0x11,0x3E,0xE7,0xFF,0xFF,0xDF,0xFF,0xFF,0xFF,0xFF,0xFF,0xFF,0xFF,0xFF,0xFF,0xD7,0xFD,0xE3,0xF8,0x28,0xFA,
  0x9E,0xF7,0xFF,0xFF,0x0C,0xFB,0x62,0xF0,0x01,0xF0,0xD3,0xFC,0xFF,0xFF,0xDF,0xFF,0xFF,0xFF,0xFF,0xFF,0xFF,0xFF,0xFF,0xFF,
  0xFF,0xFF,0xFF,0xFF,0x9A,0xAD,0x36,0x84,0xD1,0x19,0x53,0x01,0xB6,0x01,0xD8,0x01,0x19,0x02,0x1E,0x03,0xFE,0x02,0xBC,0x02,
  0xDD,0x02,0xF5,0x01,0x8D,0x00,0x13,0x4B,0xFF,0xFF,0xFF,0xFF,0xFF,0xFF,0xFF,0xFF,0xFF,0xFF,0xFF,0xFF,0xFF,0xFF,0xFF,0xFF,
  0xFF,0xFF,0xFF,0xFF,0xFF,0xFF,0xFF,0xFF,0xFF,0xFF,0xFF,0xFF,0xFF,0xFF,0xFF,0xFF,0xFF,0xFF,0xFF,0xFF,0xFF,0xFF,0xFF,0xFF,
  0xFF,0xFF,0xFF,0xFF,0xFF,0xFF,0xFF,0xFF,0xFF,0xFF,0xFF,0xFF,0xFF,0xFF,0xBE,0xFF,0xAA,0xFA,0xA6,0xF9,0xC7,0xF9,0xE7,0xF9,
  0x08,0xFA,0xCB,0xFA,0xAA,0xFA,0xA6,0xF9,0xC6,0xF9,0xA6,0xF9,0x85,0xF9,0xD2,0xFC,0xFF,0xFF,0xDF,0xFF,0xDF,0xFF,0xFF,0xFF,
  0x3E,0xE7,0x4F,0x11,0xCD,0x00,0x59,0x02,0xBD,0x02,0xBC,0x02,0x1E,0x03,0xBC,0x02,0xD8,0x01,0xD8,0x01,0x72,0x01,0xAF,0x00,
  0xD5,0x6B,0xFF,0xFF,0xFF,0xFF,0xFF,0xFF,0xFF,0xFF,0xFF,0xFF,0xFF,0xFF,0xFF,0xFF,0xFF,0xFF,0xFF,0xFF,0xFF,0xFF,0xFF,0xFF,
  0x9E,0xFF,0x30,0xEC,0x83,0xE0,0xC3,0xE8,0x79,0xFE,0xFF,0xFF,0x08,0xFA,0x24,0xF9,0xFB,0xFE,0xFF,0xFF,0xFF,0xFF,0xFF,0xFF,
  0xFF,0xFF,0xFF,0xFF,0xFF,0xFF,0xBC,0xD6,0x51,0x01,0x1F,0x0C,0xBA,0x02,0xB4,0x3A,0x5E,0xE7,0xDF,0xFF,0xFF,0xFF,0xFF,0xFF,
  0xFF,0xFF,0x35,0x4B,0x3B,0x02,0xB6,0x01,0xD3,0x4A,0xFF,0xFF,0xFF,0xFF,0xFF,0xFF,0x5E,0xEF,0x1D,0xE7,0x95,0x32,0x39,0x02,
  0x18,0x02,0x8E,0x19,0xDF,0xFF,0xFF,0xFF,0xFF,0xFF,0xFF,0xFF,0xFF,0xFF,0xFF,0xFF,0xFF,0xFF,0xD6,0xFD,0xA2,0xF8,0x28,0xFA,
  0xDF,0xFF,0xBA,0xFE,0xA7,0xE9,0xA3,0xE8,0x72,0xF4,0xFB,0xFE,0xFF,0xFF,0xFF,0xFF,0xFF,0xFF,0xFF,0xFF,0xFF,0xFF,0xFF,0xFF,
  0xFF,0xFF,0xFF,0xFF,0xFF,0xFF,0xFF,0xFF,0x92,0x3A,0xAD,0x00,0x73,0x01,0xD8,0x01,0x18,0x02,0xFE,0x02,0xFE,0x02,0xBC,0x02,
  0xDD,0x02,0xD5,0x01,0x6C,0x00,0xF3,0x4A,0xFF,0xFF,0xFF,0xFF,0xFF,0xFF,0xFF,0xFF,0xFF,0xFF,0xFF,0xFF,0xFF,0xFF,0xFF,0xFF,
  0xFF,0xFF,0xFF,0xFF,0xFF,0xFF,0xFF,0xFF,0xFF,0xFF,0xFF,0xFF,0xFF,0xFF,0xFF,0xFF,0xFF,0xFF,0xFF,0xFF,0xFF,0xFF,0xFF,0xFF,
  0xFF,0xFF,0xFF,0xFF,0xFF,0xFF,0xFF,0xFF,0xFF,0xFF,0xFF,0xFF,0xFF,0xFF,0x9E,0xFF,0xA7,0xF9,0xA3,0xF0,0x27,0xFA,0xC9,0xFA,
  0xC6,0xF9,0x82,0xF0,0xE3,0xF8,0xC6,0xF9,0xC6,0xF9,0x85,0xF9,0xA2,0xF8,0x10,0xFC,0xFF,0xFF,0xDF,0xFF,0xFF,0xFF,0xFF,0xFF,
  0x3E,0xE7,0x6F,0x11,0xCD,0x00,0x9A,0x02,0x1E,0x03,0xFD,0x02,0xFD,0x02,0xBC,0x02,0xD8,0x01,0xD8,0x01,0x51,0x01,0x8D,0x00,
  0xB5,0x63,0xDF,0xFF,0xDF,0xFF,0xFF,0xFF,0xFF,0xFF,0xFF,0xFF,0xB2,0xFC,0x28,0xF2,0x69,0xF2,0x49,0xF2,0x6A,0xF2,0xE8,0xF1,
  0xD7,0xFD,0x5D,0xFF,0x61,0xE0,0x82,0xD8,0x9A,0xF6,0xFF,0xFF,0x08,0xFA,0xA3,0xF8,0xDB,0xFE,0xFF,0xFF,0xFF,0xFF,0xFF,0xFF,
  0xFF,0xFF,0xBC,0xD6,0xB5,0x63,0x13,0x53,0xB3,0x01,0x1F,0x04,0x58,0x02,0x91,0x4A,0xFF,0xFF,0xFF,0xFF,0xFF,0xFF,0xFF,0xFF,
  0xFF,0xFF,0x35,0x4B,0x5B,0x02,0xB6,0x01,0xD3,0x4A,0xFF,0xFF,0xFF,0xFF,0xFF,0xFF,0xFF,0xFF,0xFF,0xFF,0x30,0x32,0xB5,0x01,
  0x7A,0x02,0xB4,0x09,0xB6,0x63,0xB5,0x6B,0x7C,0xCE,0xFF,0xFF,0xFF,0xFF,0xFF,0xFF,0xFF,0xFF,0xB6,0xFD,0x82,0xF8,0x29,0xFA,
  0xFF,0xFF,0xD7,0xFD,0x61,0xE8,0x04,0xE9,0x9E,0xFF,0x59,0xFE,0x28,0xFA,0x8A,0xFA,0x49,0xF2,0x29,0xF2,0x07,0xF2,0x17,0xFE,
  0xFF,0xFF,0xFF,0xFF,0xDF,0xFF,0xDF,0xFF,0x71,0x32,0xAD,0x00,0x52,0x01,0xF8,0x01,0x19,0x02,0x1E,0x03,0xFE,0x02,0xBD,0x02,
  0xBD,0x02,0xD5,0x01,0x6C,0x00,0xF3,0x4A,0xFF,0xFF,0xFF,0xFF,0xFF,0xFF,0xFF,0xFF,0xFF,0xFF,0xFF,0xFF,0xFF,0xFF,0xFF,0xFF,
  0xFF,0xFF,0xFF,0xFF,0xFF,0xFF,0xFF,0xFF,0xFF,0xFF,0xFF,0xFF,0xFF,0xFF,0xFF,0xFF,0xFF,0xFF,0xFF,0xFF,0xFF,0xFF,0xFF,0xFF,
  0xFF,0xFF,0xFF,0xFF,0xFF,0xFF,0xFF,0xFF,0xFF,0xFF,0xFF,0xFF,0xFF,0xFF,0x9E,0xFF,0x28,0xFA,0x45,0xF1,0x68,0xFA,0xC9,0xFA,
  0x07,0xFA,0x24,0xF9,0x45,0xF9,0xA6,0xF9,0x86,0xF9,0x65,0xF9,0xE4,0xF8,0x71,0xFC,0xFF,0xFF,0xFF,0xFF,0xFF,0xFF,0xFF,0xFF,
  0x3E,0xE7,0x4E,0x11,0xAD,0x00,0x7A,0x02,0x1E,0x03,0xFD,0x02,0xFE,0x02,0xDD,0x02,0xD8,0x01,0xD8,0x01,0x51,0x01,0x8D,0x00,
  0xB5,0x63,0xFF,0xFF,0xDF,0xFF,0xDF,0xFF,0x7D,0xFF,0xBE,0xFF,0x4D,0xF3,0x61,0xF0,0xE3,0xF0,0xC3,0xF0,0x04,0xF1,0x41,0xF0,
  0xF3,0xFC,0x3C,0xFF,0x03,0xE1,0xA2,0xD8,0x38,0xF6,0xDF,0xFF,0x08,0xFA,0x04,0xF9,0x9A,0xFE,0xBE,0xFF,0xDF,0xFF,0xDF,0xFF,
  0xFF,0xFF,0xDB,0xB5,0x8F,0x00,0xCF,0x00,0xD5,0x01,0x3F,0x0C,0x57,0x02,0x71,0x42,0xFF,0xFF,0xFF,0xFF,0xFF,0xFF,0xFF,0xFF,
  0xFF,0xFF,0x55,0x4B,0x7C,0x02,0xB7,0x01,0xD3,0x4A,0xFF,0xFF,0xDF,0xFF,0xFF,0xFF,0xFF,0xFF,0xFF,0xFF,0x0F,0x32,0x94,0x01,
  0xDE,0x02,0x3B,0x02,0xF1,0x00,0x4E,0x00,0x7A,0xA5,0xFF,0xFF,0xDF,0xFF,0xBE,0xFF,0xDE,0xFF,0x75,0xFD,0xE3,0xF8,0x69,0xFA,
  0x9E,0xFF,0x55,0xF5,0x62,0xE0,0x45,0xE1,0x3C,0xFF,0x96,0xFD,0x82,0xF0,0x25,0xF9,0xE3,0xF0,0xE3,0xE8,0x61,0xE8,0x13,0xFD,
  0xBE,0xFF,0xBE,0xFF,0xFF,0xFF,0xFF,0xFF,0x51,0x32,0xAD,0x00,0x52,0x01,0xF8,0x01,0x19,0x02,0x1E,0x03,0xFE,0x02,0xBC,0x02,
  0xBD,0x02,0xD5,0x01,0x6C,0x00,0xF3,0x4A,0xFF,0xFF,0xFF,0xFF,0xFF,0xFF,0xFF,0xFF,0xFF,0xFF,0xFF,0xFF,0xFF,0xFF,0xFF,0xFF,
  0xFF,0xFF,0xFF,0xFF,0xFF,0xFF,0xFF,0xFF,0xFF,0xFF,0xFF,0xFF,0xFF,0xFF,0xFF,0xFF,0xFF,0xFF,0xFF,0xFF,0xFF,0xFF,0xFF,0xFF,
  0xFF,0xFF,0xFF,0xFF,0xFF,0xFF,0xFF,0xFF,0xFF,0xFF,0xFF,0xFF,0xFF,0xFF,0xFF,0xFF,0x3C,0xFF,0x1C,0xFF,0xCA,0xFA,0x24,0xF9,
  0x65,0xF9,0x24,0xF9,0x24,0xF9,0x65,0xF9,0x44,0xF9,0xB6,0xFD,0x1C,0xFF,0x7D,0xFF,0xFF,0xFF,0xFF,0xFF,0xFF,0xFF,0xFF,0xFF,
  0x3E,0xE7,0x4F,0x11,0xAD,0x00,0x9A,0x02,0x1E,0x03,0xFD,0x02,0xFE,0x02,0xBC,0x02,0xD8,0x01,0xD7,0x01,0x31,0x01,0x8D,0x00,
  0xB5,0x63,0xFF,0xFF,0xFF,0xFF,0x5D,0xFF,0xE7,0xF9,0xE7,0xF9,0x86,0xF9,0x25,0xF9,0x66,0xF9,0x86,0xF9,0x04,0xF1,0x20,0xF0,
  0x71,0xFC,0xDF,0xFF,0x5D,0xFF,0xD3,0xEC,0x65,0xE9,0x28,0xF2,0xF7,0xFD,0xFB,0xFE,0x49,0xFA,0x08,0xFA,0x5D,0xFF,0xFF,0xFF,
  0xFF,0xFF,0xDA,0xB5,0x8D,0x00,0xEF,0x00,0xB3,0x01,0x1F,0x04,0x36,0x02,0x50,0x42,0xFF,0xFF,0xFF,0xFF,0xFF,0xFF,0xFF,0xFF,
  0xFF,0xFF,0x56,0x4B,0x5C,0x02,0xB7,0x01,0xD3,0x4A,0xFF,0xFF,0xDF,0xFF,0xFF,0xFF,0xDF,0xFF,0xDF,0xFF,0x10,0x32,0x94,0x01,
  0xDD,0x02,0x19,0x02,0x10,0x01,0x6D,0x00,0x99,0xA5,0xFF,0xFF,0xFF,0xFF,0x55,0xFD,0x04,0xF9,0xCF,0xFB,0x1C,0xFF,0x96,0xFD,
  0xE7,0xF9,0x65,0xF1,0x2C,0xF3,0x3C,0xFF,0xFF,0xFF,0xFB,0xFE,0x04,0xF1,0x04,0xF9,0x45,0xF9,0x45,0xF9,0x25,0xF9,0xA6,0xF9,
  0xC6,0xF9,0x8E,0xFB,0xFF,0xFF,0xDF,0xFF,0x31,0x32,0xAD,0x00,0x52,0x01,0xF8,0x01,0x19,0x02,0x1E,0x03,0xFE,0x02,0xBC,0x02,
  0xBD,0x02,0xB5,0x01,0x6C,0x00,0xF3,0x4A,0xFF,0xFF,0xFF,0xFF,0xFF,0xFF,0xFF,0xFF,0xFF,0xFF,0xFF,0xFF,0xFF,0xFF,0xFF,0xFF,
  0xFF,0xFF,0xFF,0xFF,0xFF,0xFF,0xFF,0xFF,0xFF,0xFF,0xFF,0xFF,0xFF,0xFF,0xFF,0xFF,0xFF,0xFF,0xFF,0xFF,0xFF,0xFF,0xFF,0xFF,
  0xFF,0xFF,0xFF,0xFF,0xFF,0xFF,0xFF,0xFF,0xFF,0xFF,0xFF,0xFF,0xFF,0xFF,0xFF,0xFF,0xFF,0xFF,0xFF,0xFF,0xAA,0xFA,0x61,0xF8,
  0xE4,0xF8,0x25,0xF9,0x24,0xF9,0x03,0xF9,0xC2,0xF8,0x59,0xFE,0xFF,0xFF,0xFF,0xFF,0xFF,0xFF,0xFF,0xFF,0xFF,0xFF,0xFF,0xFF,
  0x3E,0xE7,0x4F,0x11,0xAD,0x00,0x9A,0x02,0x1E,0x03,0xFD,0x02,0xFE,0x02,0xDD,0x02,0xD8,0x01,0xD7,0x01,0x31,0x01,0x8D,0x00,
  0xB4,0x63,0xFF,0xFF,0xF3,0xFC,0x6A,0xFA,0xC4,0xF8,0xE4,0xF8,0xC3,0xF8,0xC3,0xF8,0x24,0xF9,0xC2,0xF8,0xEF,0xFB,0xD7,0xFD,
  0xFB,0xFE,0xFF,0xFF,0xFF,0xFF,0x14,0xED,0x00,0xD8,0xC3,0xE8,0xBA,0xFE,0xFF,0xFF,0xE8,0xF9,0x86,0xF9,0x5C,0xFF,0xFF,0xFF,
  0xFF,0xFF,0x3D,0xE7,0xFA,0xBD,0xB7,0x94,0x72,0x01,0x3F,0x0C,0x57,0x02,0x90,0x4A,0xFF,0xFF,0xFF,0xFF,0xFF,0xFF,0xFF,0xFF,
  0xFF,0xFF,0x35,0x4B,0x5B,0x02,0x96,0x01,0xB3,0x4A,0xFF,0xFF,0xFF,0xFF,0xFF,0xFF,0xFF,0xFF,0xFF,0xFF,0x30,0x32,0xD6,0x01,
  0x9C,0x02,0xB3,0x11,0x9A,0xAD,0xFA,0xBD,0x3E,0xE7,0xFF,0xFF,0xFF,0xFF,0x14,0xFD,0x41,0xF8,0x30,0xFC,0xFF,0xFF,0x58,0xFE,
  0x24,0xF9,0x82,0xF0,0x4D,0xF3,0xFF,0xFF,0x4D,0xF3,0x6A,0xFA,0x96,0xFD,0x79,0xFE,0x69,0xFA,0x82,0xF8,0xE3,0xF8,0x44,0xF9,
  0xE3,0xF8,0x86,0xF9,0xBA,0xFE,0xFF,0xFF,0x51,0x32,0xAD,0x00,0x52,0x01,0xF8,0x01,0x19,0x02,0x1E,0x03,0xFE,0x02,0xBC,0x02,
  0xBD,0x02,0xD5,0x01,0x6C,0x00,0xF3,0x4A,0xFF,0xFF,0xFF,0xFF,0xFF,0xFF,0xFF,0xFF,0xFF,0xFF,0xFF,0xFF,0xFF,0xFF,0xFF,0xFF,
  0xFF,0xFF,0xFF,0xFF,0xFF,0xFF,0xFF,0xFF,0xFF,0xFF,0xFF,0xFF,0xFF,0xFF,0xFF,0xFF,0xFF,0xFF,0xFF,0xFF,0xFF,0xFF,0xFF,0xFF,
  0xFF,0xFF,0xFF,0xFF,0xFF,0xFF,0xFF,0xFF,0xFF,0xFF,0xFF,0xFF,0xFF,0xFF,0xFF,0xFF,0xDF,0xFF,0xFF,0xFF,0xB6,0xFD,0xD3,0xFC,
  0x2D,0xFB,0xC3,0xF8,0xC6,0xF9,0xF3,0xFC,0x14,0xFD,0x3C,0xFF,0xFF,0xFF,0xFF,0xFF,0xFF,0xFF,0xFF,0xFF,0xFF,0xFF,0xFF,0xFF,
  0x3E,0xE7,0x6F,0x11,0xCD,0x00,0x9A,0x02,0x1E,0x03,0xFD,0x02,0x1E,0x03,0xDC,0x02,0xD8,0x01,0xD7,0x01,0x31,0x01,0x8D,0x00,
  0x94,0x63,0xFF,0xFF,0x49,0xF2,0xA2,0xF0,0x45,0xF1,0xE4,0xF0,0x8E,0xFB,0x51,0xFC,0x13,0xFD,0xF3,0xFC,0xB2,0xFC,0x34,0xFD,
  0xB2,0xFC,0x8E,0xF3,0x7A,0xFE,0xBA,0xF6,0x25,0xE1,0xA3,0xE0,0x9A,0xFE,0xFF,0xFF,0x69,0xFA,0xC6,0xF9,0x5C,0xFF,0xFF,0xFF,
  0xFF,0xFF,0xFF,0xFF,0xFF,0xFF,0x9B,0xCE,0x0F,0x01,0x7D,0x03,0xDB,0x02,0xB7,0x22,0xD8,0x8C,0x7E,0xEF,0xFF,0xFF,0xFF,0xFF,
  0xFF,0xFF,0x35,0x4B,0x3B,0x02,0x95,0x01,0xB2,0x4A,0xFF,0xFF,0xDF,0xFF,0xFF,0xFF,0x7C,0xCE,0xF8,0x94,0x76,0x22,0x7B,0x02,
  0x39,0x02,0x90,0x19,0xBF,0xF7,0xFF,0xFF,0xFF,0xFF,0xDF,0xFF,0xFF,0xFF,0x14,0xFD,0x41,0xF0,0x30,0xFC,0xDF,0xFF,0xD7,0xFD,
  0x83,0xF0,0xA7,0xF1,0xF8,0xF5,0xDE,0xFF,0xEB,0xF2,0x49,0xFA,0x13,0xFD,0x54,0xFD,0xD2,0xFC,0x92,0xFC,0x71,0xFC,0xA6,0xF1,
  0x05,0xF9,0x82,0xF8,0x2C,0xFB,0xFF,0xFF,0x31,0x32,0xAD,0x00,0x52,0x01,0xF8,0x01,0x19,0x02,0x1E,0x03,0xFE,0x02,0xBC,0x02,
  0xBD,0x02,0xD5,0x01,0x6C,0x00,0xF3,0x4A,0xFF,0xFF,0xFF,0xFF,0xFF,0xFF,0xFF,0xFF,0xFF,0xFF,0xFF,0xFF,0xFF,0xFF,0xFF,0xFF,
  0xFF,0xFF,0xFF,0xFF,0xFF,0xFF,0xFF,0xFF,0xFF,0xFF,0xFF,0xFF,0xFF,0xFF,0xFF,0xFF,0xFF,0xFF,0xFF,0xFF,0xFF,0xFF,0xFF,0xFF,
  0xFF,0xFF,0xFF,0xFF,0xFF,0xFF,0xFF,0xFF,0xFF,0xFF,0xFF,0xFF,0xFF,0xFF,0xFF,0xFF,0xFF,0xFF,0xFF,0xFF,0xFF,0xFF,0xFF,0xFF,
  0x14,0xFD,0x41,0xF0,0xC7,0xF9,0xFF,0xFF,0xFF,0xFF,0xFF,0xFF,0xFF,0xFF,0xFF,0xFF,0xFF,0xFF,0xFF,0xFF,0xFF,0xFF,0xFF,0xFF,
  0x3E,0xE7,0x6F,0x11,0xCD,0x00,0x9A,0x02,0x1E,0x03,0xFD,0x02,0x1E,0x03,0xDD,0x02,0xD8,0x01,0xD7,0x01,0x31,0x01,0x8D,0x00,
  0x94,0x63,0xFF,0xFF,0x49,0xF2,0xA2,0xF0,0xE3,0xF0,0x41,0xF0,0x9A,0xFE,0xFF,0xFF,0xDF,0xFF,0xFF,0xFF,0xCA,0xFA,0x00,0xF8,
  0x61,0xF0,0x00,0xF0,0x96,0xFD,0xFF,0xFF,0xE7,0xE1,0x00,0xD8,0xBB,0xFE,0xFF,0xFF,0x87,0xF9,0xC4,0xF8,0x1C,0xFF,0xFF,0xFF,
  0xFF,0xFF,0xDF,0xFF,0xFF,0xFF,0x5B,0xC6,0x6D,0x00,0xFC,0x02,0x5E,0x03,0x7B,0x02,0xCE,0x00,0x5E,0xE7,0xFF,0xFF,0xFF,0xFF,
  0xFF,0xFF,0x35,0x4B,0xF9,0x01,0x75,0x01,0xD2,0x4A,0xFF,0xFF,0xDF,0xFF,0xFF,0xFF,0x56,0x7C,0x0B,0x00,0x9B,0x02,0x5F,0x03,
  0xF8,0x01,0x2F,0x09,0x5E,0xE7,0xFF,0xFF,0xFF,0xFF,0xDF,0xFF,0xFF,0xFF,0xD3,0xFC,0x00,0xF8,0xEF,0xFB,0xFF,0xFF,0xB6,0xFD,
  0x20,0xE8,0x0C,0xF3,0xFF,0xFF,0x3C,0xFF,0x37,0xFE,0xD5,0xFD,0x24,0xF1,0x00,0xF0,0xB6,0xFD,0xFF,0xFF,0xFF,0xFF,0xAB,0xF2,
  0x21,0xF8,0x82,0xF8,0x6D,0xFB,0xFF,0xFF,0x31,0x32,0xAD,0x00,0x52,0x01,0xF8,0x01,0x19,0x02,0x1E,0x03,0x1E,0x03,0xBC,0x02,
  0xBD,0x02,0xD5,0x01,0x6C,0x00,0xF3,0x4A,0xFF,0xFF,0xFF,0xFF,0xFF,0xFF,0xFF,0xFF,0xFF,0xFF,0xFF,0xFF,0xFF,0xFF,0xFF,0xFF,
  0xFF,0xFF,0xDF,0xFF,0xDF,0xFF,0xFF,0xFF,0xFF,0xFF,0xFF,0xFF,0xFF,0xFF,0xFF,0xFF,0xFF,0xFF,0xFF,0xFF,0xFF,0xFF,0xFF,0xFF,
  0xFF,0xFF,0xFF,0xFF,0xFF,0xFF,0xFF,0xFF,0xFF,0xFF,0xFF,0xFF,0xFF,0xFF,0xFF,0xFF,0xFF,0xFF,0xFF,0xFF,0xDF,0xFF,0xDF,0xFF,
  0x96,0xFD,0xE7,0xF9,0x0C,0xFB,0x9E,0xFF,0xDF,0xFF,0xFF,0xFF,0xFF,0xFF,0xFF,0xFF,0xFF,0xFF,0xFF,0xFF,0xFF,0xFF,0xFF,0xFF,
  0x3E,0xE7,0x6F,0x11,0xCD,0x00,0x9A,0x02,0x1E,0x03,0xFD,0x02,0x1E,0x03,0xDD,0x02,0xD8,0x01,0xD7,0x01,0x30,0x01,0x8D,0x00,
  0xB5,0x6B,0xFF,0xFF,0xAF,0xFB,0x6A,0xFA,0x2C,0xFB,0x4D,0xFB,0x69,0xF2,0xE8,0xE9,0xA7,0xF9,0xC7,0xF9,0x07,0xFA,0xC8,0xF9,
  0x92,0xFC,0x94,0xFD,0xB6,0xFD,0x7D,0xFF,0xAE,0xEB,0xE3,0xE8,0x55,0xFD,0xFB,0xFE,0xCB,0xFA,0xE8,0xF9,0x5C,0xFF,0xFF,0xFF,
  0xFF,0xFF,0xFF,0xFF,0xFF,0xFF,0xFD,0xDE,0x73,0x3A,0xDA,0x0A,0xFD,0x02,0x9B,0x02,0x90,0x09,0x79,0xA5,0x5B,0xC6,0x7E,0xEF,
  0xFF,0xFF,0x35,0x4B,0x1B,0x02,0x96,0x01,0xD3,0x4A,0xFF,0xFF,0xFD,0xDE,0x7B,0xCE,0xB5,0x63,0xEF,0x00,0x9A,0x02,0x9B,0x02,
  0x36,0x12,0x33,0x53,0x9E,0xF7,0xFF,0xFF,0xFF,0xFF,0xDF,0xFF,0xDF,0xFF,0xB3,0xFC,0x82,0xF8,0x30,0xFC,0xBA,0xFE,0x92,0xFC,
  0x65,0xF1,0x30,0xFC,0xDF,0xFF,0xE8,0xF1,0x8A,0xFA,0x2C,0xFB,0xE8,0xF9,0x87,0xF9,0x87,0xF9,0x86,0xF9,0x10,0xFC,0xEF,0xFB,
  0xCB,0xFA,0x8A,0xFA,0x71,0xFC,0xFF,0xFF,0x52,0x3A,0xAE,0x00,0x72,0x01,0xF8,0x01,0x19,0x02,0x1E,0x03,0x1E,0x03,0xBC,0x02,
  0xBD,0x02,0xD5,0x01,0x6C,0x00,0xF3,0x4A,0xFF,0xFF,0xFF,0xFF,0xFF,0xFF,0xFF,0xFF,0xFF,0xFF,0xFF,0xFF,0xFF,0xFF,0xFF,0xFF,
  0xFF,0xFF,0xFF,0xFF,0xFF,0xFF,0xFF,0xFF,0xFF,0xFF,0xFF,0xFF,0xFF,0xFF,0xFF,0xFF,0xFF,0xFF,0xFF,0xFF,0xFF,0xFF,0xFF,0xFF,
  0xFF,0xFF,0xFF,0xFF,0xFF,0xFF,0xFF,0xFF,0xFF,0xFF,0xFF,0xFF,0xFF,0xFF,0xFF,0xFF,0xFF,0xFF,0xFF,0xFF,0xFF,0xFF,0xFF,0xFF,
  0xFF,0xFF,0xFF,0xFF,0xFF,0xFF,0xFF,0xFF,0xFF,0xFF,0xFF,0xFF,0xFF,0xFF,0xFF,0xFF,0xFF,0xFF,0xFF,0xFF,0xFF,0xFF,0xFF,0xFF,
  0x3E,0xE7,0x4F,0x11,0xCD,0x00,0x9A,0x02,0x1E,0x03,0xFD,0x02,0x1E,0x03,0xDD,0x02,0xD8,0x01,0xD7,0x01,0x30,0x01,0x8D,0x00,
  0xD5,0x6B,0xFF,0xFF,0xFF,0xFF,0xFF,0xFF,0xFF,0xFF,0xFF,0xFF,0x28,0xFA,0xC3,0xF8,0xC3,0xF8,0x00,0xF8,0xB3,0xFC,0xFF,0xFF,
  0xD6,0xFD,0x70,0xFC,0x04,0xE9,0xF8,0xFD,0xFF,0xFF,0x2C,0xF3,0x00,0xE8,0xEC,0xF2,0xFF,0xFF,0xBA,0xFE,0xEA,0xFA,0x0F,0xFC,
  0xDF,0xFF,0xFF,0xFF,0xFF,0xFF,0xFF,0xFF,0xFF,0xFF,0x8F,0x21,0x74,0x01,0x5F,0x03,0xBA,0x02,0xCE,0x00,0xCD,0x00,0xFD,0xDE,
  0xFF,0xFF,0x56,0x53,0x3B,0x02,0x96,0x01,0xB2,0x42,0xFF,0xFF,0x97,0x8C,0x09,0x00,0x93,0x01,0xFD,0x02,0xFD,0x02,0x12,0x01,
  0xB3,0x6B,0xFF,0xFF,0xFF,0xFF,0xFF,0xFF,0xFF,0xFF,0xFF,0xFF,0xFF,0xFF,0xD2,0xFC,0xAA,0xFA,0x38,0xFE,0x41,0xF0,0x86,0xF1,
  0x9E,0xFF,0xFF,0xFF,0xCC,0xEA,0x62,0xE8,0x66,0xF1,0x08,0xFA,0xFB,0xFE,0xFF,0xFF,0xAB,0xF2,0xA3,0xF8,0x42,0xF8,0x30,0xFC,
  0xFF,0xFF,0xFF,0xFF,0xFF,0xFF,0xFF,0xFF,0x72,0x32,0xAE,0x00,0x52,0x01,0xF8,0x01,0x19,0x02,0x1E,0x03,0xFE,0x02,0xBC,0x02,
  0xBD,0x02,0xB5,0x01,0x6C,0x00,0xF3,0x4A,0xFF,0xFF,0xFF,0xFF,0xFF,0xFF,0xFF,0xFF,0xFF,0xFF,0xFF,0xFF,0xFF,0xFF,0xFF,0xFF,
  0xDD,0xD6,0xF6,0x6B,0xF6,0x6B,0x7C,0xCE,0xFF,0xFF,0xFF,0xFF,0xFF,0xFF,0xFF,0xFF,0xFF,0xFF,0xFF,0xFF,0xFF,0xFF,0xFF,0xFF,
  0xFF,0xFF,0xFF,0xFF,0xFF,0xFF,0xFF,0xFF,0xFF,0xFF,0xFF,0xFF,0xFF,0xFF,0xFF,0xFF,0xFF,0xFF,0xFF,0xFF,0xFF,0xFF,0xFF,0xFF,
  0xFF,0xFF,0xFF,0xFF,0xFF,0xFF,0xFF,0xFF,0xFF,0xFF,0xFF,0xFF,0xFF,0xFF,0xFF,0xFF,0xFF,0xFF,0xFF,0xFF,0xFF,0xFF,0xFF,0xFF,
  0x3E,0xE7,0x4F,0x11,0xCD,0x00,0x9A,0x02,0x1E,0x03,0xFD,0x02,0x1E,0x03,0xDD,0x02,0xD8,0x01,0xD7,0x01,0x30,0x01,0x8D,0x00,
  0xB4,0x6B,0xFF,0xFF,0x34,0xF5,0xEF,0xF3,0x29,0xFA,0x08,0xFA,0x24,0xF9,0xE3,0xF8,0xEB,0xFA,0xEC,0xFA,0xF3,0xFC,0x38,0xFE,
  0xC3,0xE8,0x00,0xE8,0x82,0xE8,0x14,0xF5,0xDF,0xFF,0xCF,0xF3,0x61,0xE8,0x8A,0xF2,0xDF,0xFF,0x9A,0xFE,0x62,0xF8,0xA7,0xF9,
  0xBE,0xFF,0xFF,0xFF,0xFF,0xFF,0xBF,0xF7,0x9A,0xAD,0x2E,0x09,0x72,0x01,0xBB,0x02,0xFC,0x02,0xDB,0x02,0xB4,0x01,0xD3,0x42,
  0x33,0x5B,0xF2,0x19,0x3A,0x02,0x74,0x01,0x2E,0x11,0x12,0x53,0x32,0x2A,0x31,0x01,0x7A,0x02,0x3F,0x03,0xBC,0x02,0x33,0x01,
  0xD3,0x42,0x5B,0xC6,0xBF,0xF7,0xFF,0xFF,0xFF,0xFF,0xBA,0xFE,0x34,0xFD,0xCE,0xFB,0x30,0xFC,0xF7,0xFD,0x42,0xF0,0x66,0xF1,
  0x7D,0xFF,0x9E,0xFF,0x46,0xE9,0x62,0xE8,0x41,0xE8,0x61,0xE8,0x17,0xFE,0x7C,0xFF,0x8A,0xF2,0x82,0xF8,0xE3,0xF8,0xE7,0xF9,
  0x8D,0xFB,0xCF,0xFB,0x54,0xFD,0xFF,0xFF,0x51,0x3A,0xAD,0x00,0x52,0x01,0xD8,0x01,0x19,0x02,0xFE,0x02,0xFE,0x02,0xBC,0x02,
  0xBD,0x02,0xB5,0x01,0x6C,0x00,0xF3,0x4A,0xFF,0xFF,0xFF,0xFF,0xFF,0xFF,0xFF,0xFF,0xFF,0xFF,0xFF,0xFF,0xDF,0xFF,0xFF,0xFF,
  0xBA,0xAD,0xAF,0x00,0x6D,0x00,0x38,0x9D,0xFF,0xFF,0xDF,0xFF,0xFF,0xFF,0xFF,0xFF,0xFF,0xFF,0xFF,0xFF,0xFF,0xFF,0xFF,0xFF,
  0xFF,0xFF,0xFF,0xFF,0xFF,0xFF,0xFF,0xFF,0xFF,0xFF,0xFF,0xFF,0xFF,0xFF,0xFF,0xFF,0xFF,0xFF,0xFF,0xFF,0xFF,0xFF,0xFF,0xFF,
  0xFF,0xFF,0xFF,0xFF,0xFF,0xFF,0xFF,0xFF,0xFF,0xFF,0xFF,0xFF,0xFF,0xFF,0xFF,0xFF,0xFF,0xFF,0xFF,0xFF,0xFF,0xFF,0xFF,0xFF,
  0x3E,0xE7,0x4F,0x11,0xCD,0x00,0x9A,0x02,0x1E,0x03,0xFD,0x02,0x1E,0x03,0xDD,0x02,0xD8,0x01,0xD8,0x01,0x30,0x01,0x6C,0x00,
  0x94,0x63,0xFF,0xFF,0x29,0xF2,0x41,0xF0,0x04,0xF9,0xE4,0xF8,0xC7,0xF9,0x87,0xF9,0x55,0xFD,0x3C,0xFF,0xCF,0xF3,0x01,0xF0,
  0xCB,0xF2,0xF3,0xFC,0x18,0xFE,0xFB,0xFE,0xFF,0xFF,0xFF,0xFF,0x28,0xE2,0x61,0xD8,0xDB,0xFE,0xDB,0xFE,0xE4,0xF8,0x29,0xFA,
  0xBE,0xFF,0xFF,0xFF,0xFF,0xFF,0x5B,0xC6,0x0C,0x00,0x95,0x01,0xB5,0x01,0xAF,0x00,0x53,0x01,0x9F,0x03,0xFD,0x02,0xD7,0x01,
  0x96,0x01,0xD6,0x01,0x9B,0x02,0x39,0x02,0x95,0x01,0x33,0x01,0x59,0x02,0x5E,0x03,0xDC,0x02,0xB6,0x01,0x33,0x01,0xB5,0x01,
  0xD1,0x00,0xAC,0x00,0x5E,0xE7,0xFF,0xFF,0xFF,0xFF,0xF3,0xFC,0x00,0xF8,0xCB,0xFA,0xFF,0xFF,0x55,0xFD,0x61,0xF0,0x8E,0xF3,
  0xFF,0xFF,0xFF,0xFF,0x1C,0xFF,0x79,0xFE,0xAB,0xF2,0x4A,0xEA,0x14,0xFD,0x96,0xFD,0xCF,0xFB,0x8A,0xFA,0x49,0xFA,0x04,0xF9,
  0x24,0xF9,0x82,0xF8,0x0B,0xFB,0xFF,0xFF,0x10,0x32,0x8C,0x00,0x52,0x01,0xF8,0x01,0x19,0x02,0xFE,0x02,0xFE,0x02,0xBC,0x02,
  0xBD,0x02,0xB5,0x01,0x6C,0x00,0xF2,0x4A,0xFF,0xFF,0xFF,0xFF,0xFF,0xFF,0xFF,0xFF,0xFF,0xFF,0xFF,0xFF,0xFF,0xFF,0xFF,0xFF,
  0x1B,0xBE,0x0C,0x00,0x57,0x7C,0x9F,0xF7,0xDF,0xFF,0xFF,0xFF,0xFF,0xFF,0xFF,0xFF,0xFF,0xFF,0xFF,0xFF,0xFF,0xFF,0xFF,0xFF,
  0xFF,0xFF,0xFF,0xFF,0xFF,0xFF,0xFF,0xFF,0xFF,0xFF,0xFF,0xFF,0xFF,0xFF,0xFF,0xFF,0xFF,0xFF,0xFF,0xFF,0xFF,0xFF,0xFF,0xFF,
  0xFF,0xFF,0xFF,0xFF,0xFF,0xFF,0xFF,0xFF,0xFF,0xFF,0xFF,0xFF,0xFF,0xFF,0xFF,0xFF,0xFF,0xFF,0xFF,0xFF,0xFF,0xFF,0xFF,0xFF,
  0x3E,0xE7,0x4F,0x11,0xCD,0x00,0x9A,0x02,0x1E,0x03,0xFD,0x02,0x1E,0x03,0xDD,0x02,0xD8,0x01,0xD8,0x01,0x30,0x01,0x6C,0x00,
  0x94,0x63,0xFF,0xFF,0x08,0xF2,0x21,0xF0,0xA2,0xF8,0x04,0xF9,0x7D,0xFF,0xFF,0xFF,0x08,0xF2,0x82,0xE8,0xA3,0xF0,0x00,0xF8,
  0xD6,0xFD,0xFF,0xFF,0x17,0xFE,0xAE,0xFB,0xEF,0xFB,0x3C,0xFF,0xE7,0xE1,0x00,0xE0,0x7D,0xFF,0x3C,0xFF,0xE3,0xF8,0x28,0xFA,
  0xBE,0xFF,0xFF,0xFF,0xFF,0xFF,0x3D,0xE7,0xD5,0x6B,0xD3,0x11,0xD0,0x00,0x52,0x32,0x15,0x43,0x54,0x01,0x39,0x02,0x3F,0x03,
  0x1F,0x03,0x9C,0x02,0xFE,0x02,0xBD,0x02,0x5B,0x02,0x7C,0x02,0xDD,0x02,0x9C,0x02,0xB0,0x00,0x71,0x42,0xB1,0x11,0xD1,0x00,
  0x12,0x22,0x56,0x7C,0x9E,0xF7,0xFF,0xFF,0xFF,0xFF,0xF3,0xFC,0x42,0xF0,0xCC,0xFA,0xFF,0xFF,0xD7,0xFD,0x00,0xE8,0x0F,0xF4,
  0xB6,0xFD,0x4D,0xFB,0x10,0xFC,0x71,0xFC,0xFF,0xFF,0xFF,0xFF,0xA6,0xF1,0x00,0xF0,0x34,0xFD,0xFF,0xFF,0x1C,0xFF,0xA3,0xF8,
  0xA3,0xF8,0x01,0xF8,0xCB,0xFA,0xFF,0xFF,0x51,0x32,0xAD,0x00,0x52,0x01,0xD8,0x01,0x19,0x02,0x1E,0x03,0x1E,0x03,0xBC,0x02,
  0xBD,0x02,0xB5,0x01,0x6C,0x00,0xF2,0x4A,0xFF,0xFF,0xFF,0xFF,0xFF,0xFF,0xFF,0xFF,0xFF,0xFF,0x9F,0xF7,0x95,0x63,0x14,0x53,
  0x95,0x5B,0xB8,0x8C,0xFD,0xD6,0xFF,0xFF,0xFF,0xFF,0xFF,0xFF,0xFF,0xFF,0xFF,0xFF,0xFF,0xFF,0xFF,0xFF,0xFF,0xFF,0xFF,0xFF,
  0xFF,0xFF,0xFF,0xFF,0xFF,0xFF,0xFF,0xFF,0xFF,0xFF,0xFF,0xFF,0xFF,0xFF,0xFF,0xFF,0xFF,0xFF,0xFF,0xFF,0xFF,0xFF,0xFF,0xFF,
  0xFF,0xFF,0xFF,0xFF,0xFF,0xFF,0xFF,0xFF,0xFF,0xFF,0xFF,0xFF,0xFF,0xFF,0xFF,0xFF,0xFF,0xFF,0xFF,0xFF,0xFF,0xFF,0xFF,0xFF,
  0x3E,0xE7,0x4E,0x11,0xCD,0x00,0x9A,0x02,0x1E,0x03,0xFD,0x02,0x1E,0x03,0xDD,0x02,0xD8,0x01,0xD8,0x01,0x30,0x01,0x6C,0x00,
  0xB4,0x6B,0xFF,0xFF,0x55,0xF5,0x92,0xFC,0xF3,0xFC,0x13,0xFD,0xB2,0xFC,0x71,0xFC,0x65,0xF1,0x61,0xF0,0x89,0xF2,0x30,0xFC,
  0x30,0xFC,0x31,0xFC,0x28,0xF2,0x61,0xE8,0xC2,0xF0,0x38,0xFE,0x54,0xF5,0x48,0xEA,0xEF,0xF3,0x17,0xFE,0x49,0xFA,0xC7,0xF9,
  0x7D,0xFF,0xFF,0xFF,0xFF,0xFF,0xFF,0xFF,0xFF,0xFF,0x92,0x42,0x8D,0x08,0x9A,0xA5,0x9E,0xF7,0xB4,0x6B,0x36,0x43,0xF6,0x01,
  0xF5,0x01,0xD6,0x01,0xFE,0x02,0x7B,0x02,0x95,0x01,0x94,0x01,0x73,0x01,0xB4,0x09,0x95,0x5B,0x7E,0xEF,0x59,0x9D,0x6D,0x00,
  0xB5,0x63,0xFF,0xFF,0xDF,0xFF,0xDF,0xFF,0xFF,0xFF,0xD3,0xFC,0x82,0xF0,0x71,0xFC,0x55,0xFD,0x6D,0xF3,0x6D,0xF3,0x18,0xFE,
  0x0C,0xEB,0x00,0xE0,0xE4,0xF8,0x04,0xF9,0xB2,0xFC,0xF3,0xFC,0x45,0xF1,0xC3,0xF0,0x0B,0xFB,0x72,0xFC,0x10,0xFC,0x92,0xFC,
  0xB3,0xFC,0x51,0xFC,0x55,0xFD,0xFF,0xFF,0x51,0x32,0xAE,0x00,0x73,0x01,0xD8,0x01,0x18,0x02,0x1E,0x03,0xFE,0x02,0xBC,0x02,
  0xBD,0x02,0xD5,0x01,0x6C,0x00,0xF2,0x4A,0xFF,0xFF,0xFF,0xFF,0xFF,0xFF,0xFF,0xFF,0xFF,0xFF,0x5E,0xEF,0x92,0x09,0x8F,0x00,
  0x32,0x2A,0xFF,0xFF,0xFF,0xFF,0xFF,0xFF,0xFF,0xFF,0xFF,0xFF,0xFF,0xFF,0xFF,0xFF,0xFF,0xFF,0xFF,0xFF,0xFF,0xFF,0xFF,0xFF,
  0xFF,0xFF,0xFF,0xFF,0xFF,0xFF,0xFF,0xFF,0xFF,0xFF,0xFF,0xFF,0xFF,0xFF,0xFF,0xFF,0xFF,0xFF,0xFF,0xFF,0xFF,0xFF,0xFF,0xFF,
  0xFF,0xFF,0xFF,0xFF,0xFF,0xFF,0xFF,0xFF,0xFF,0xFF,0xFF,0xFF,0xFF,0xFF,0xFF,0xFF,0xFF,0xFF,0xFF,0xFF,0xFF,0xFF,0xFF,0xFF,
  0x3E,0xE7,0x6F,0x11,0xCD,0x00,0x9A,0x02,0x1E,0x03,0xFD,0x02,0x1E,0x03,0xDD,0x02,0xF8,0x01,0xF8,0x01,0x51,0x01,0x8D,0x00,
  0x94,0x63,0xFF,0xFF,0xFF,0xFF,0xBA,0xFE,0xF8,0xFD,0x18,0xFE,0x45,0xF1,0x00,0xF0,0x34,0xF5,0x79,0xFE,0x79,0xFE,0xBA,0xFE,
  0xCB,0xFA,0x01,0xF0,0x62,0xE8,0xE4,0xE0,0xC3,0xE0,0x18,0xFE,0xFF,0xFF,0x51,0xF4,0x00,0xF0,0x71,0xF4,0xCF,0xFB,0xA3,0xF8,
  0x5D,0xFF,0xFF,0xFF,0xFF,0xFF,0xFF,0xFF,0xDF,0xFF,0x7E,0xEF,0x5E,0xE7,0xBF,0xF7,0xDF,0xFF,0xFF,0xFF,0xD8,0x8C,0x2C,0x00,
  0xAD,0x00,0x10,0x01,0xFD,0x02,0x38,0x02,0xF0,0x00,0x8D,0x00,0x8D,0x00,0xEC,0x08,0x9E,0xEF,0xFF,0xFF,0xFF,0xFF,0x1D,0xDF,
  0x5E,0xE7,0xDF,0xFF,0xFF,0xFF,0xFF,0xFF,0xFF,0xFF,0x34,0xFD,0x61,0xF0,0xB6,0xFD,0x08,0xF2,0x41,0xF0,0x9A,0xFE,0xFF,0xFF,
  0x0C,0xE3,0x41,0xD0,0xA3,0xF0,0xC3,0xF0,0xA6,0xF9,0x28,0xFA,0x58,0xFE,0x1C,0xFF,0xEB,0xF2,0x00,0xF0,0xC4,0xF8,0xB7,0xFD,
  0x59,0xFE,0xBA,0xFE,0xFF,0xFF,0xFF,0xFF,0x51,0x32,0xAD,0x00,0x72,0x01,0xD8,0x01,0x19,0x02,0x1E,0x03,0x1E,0x03,0xBD,0x02,
  0xBD,0x02,0xB4,0x01,0x4B,0x00,0xF2,0x4A,0xFF,0xFF,0xFF,0xFF,0xFF,0xFF,0xFF,0xFF,0xFF,0xFF,0x7E,0xEF,0x71,0x11,0x8E,0x00,
  0x12,0x2A,0xBF,0xF7,0xFF,0xFF,0xFF,0xFF,0xFF,0xFF,0xFF,0xFF,0xFF,0xFF,0xFF,0xFF,0xFF,0xFF,0xFF,0xFF,0xFF,0xFF,0xFF,0xFF,
  0xFF,0xFF,0xFF,0xFF,0xFF,0xFF,0xFF,0xFF,0xFF,0xFF,0xFF,0xFF,0xFF,0xFF,0xFF,0xFF,0xFF,0xFF,0xFF,0xFF,0xFF,0xFF,0xFF,0xFF,
  0xFF,0xFF,0xFF,0xFF,0xFF,0xFF,0xFF,0xFF,0xFF,0xFF,0xFF,0xFF,0xFF,0xFF,0xFF,0xFF,0xFF,0xFF,0xFF,0xFF,0xFF,0xFF,0xFF,0xFF,
  0x3E,0xE7,0x6F,0x11,0xCD,0x00,0x59,0x02,0xDD,0x02,0xDD,0x02,0xFD,0x02,0xBC,0x02,0xD8,0x01,0xF8,0x01,0x51,0x01,0xAE,0x00,
  0xB5,0x6B,0xFF,0xFF,0x9E,0xFF,0x25,0xF1,0x00,0xF0,0x21,0xF0,0x86,0xF1,0xE7,0xF1,0xF7,0xFD,0x3C,0xFF,0x0F,0xFC,0xC2,0xF8,
  0x45,0xF1,0x24,0xE9,0x29,0xEA,0x3C,0xFF,0x7E,0xFF,0xFF,0xFF,0xFF,0xFF,0x92,0xFC,0x21,0xF0,0x10,0xF4,0xB2,0xFC,0x08,0xFA,
  0x59,0xFE,0x1B,0xFF,0xFF,0xFF,0xFF,0xFF,0xFF,0xFF,0xFF,0xFF,0xFF,0xFF,0xFF,0xFF,0xDF,0xFF,0xDF,0xFF,0xF8,0x9C,0xCF,0x29,
  0x31,0x32,0x93,0x09,0xFE,0x02,0x3A,0x02,0x92,0x09,0x92,0x3A,0x51,0x3A,0xD2,0x4A,0x5E,0xEF,0xFF,0xFF,0xFF,0xFF,0xFF,0xFF,
  0xFF,0xFF,0xFF,0xFF,0xFF,0xFF,0x9E,0xFF,0x9A,0xFE,0x51,0xFC,0x66,0xF1,0xB2,0xF4,0xA6,0xF1,0xE4,0xF0,0x79,0xF6,0xFF,0xFF,
  0xFF,0xFF,0x38,0xF6,0xA7,0xF1,0x08,0xF2,0xA6,0xF9,0xA6,0xF9,0x18,0xFE,0xFB,0xFE,0xAE,0xF3,0x86,0xF1,0x25,0xF9,0x21,0xF0,
  0x41,0xF0,0x45,0xF1,0x9E,0xFF,0xFF,0xFF,0x72,0x3A,0xAE,0x00,0x73,0x01,0xF9,0x01,0x19,0x02,0x1E,0x03,0xFE,0x02,0x7B,0x02,
  0x9B,0x02,0xB3,0x01,0x6C,0x00,0x13,0x4B,0xFF,0xFF,0xFF,0xFF,0xFF,0xFF,0xFF,0xFF,0xFF,0xFF,0xBF,0xF7,0xDA,0xB5,0x9A,0xAD,
  0x3B,0xC6,0xFF,0xFF,0xFF,0xFF,0xFF,0xFF,0xFF,0xFF,0xFF,0xFF,0xFF,0xFF,0xFF,0xFF,0xFF,0xFF,0xFF,0xFF,0xFF,0xFF,0xFF,0xFF,
  0xFF,0xFF,0xFF,0xFF,0xFF,0xFF,0xFF,0xFF,0xFF,0xFF,0xFF,0xFF,0xFF,0xFF,0xFF,0xFF,0xFF,0xFF,0xFF,0xFF,0xFF,0xFF,0xFF,0xFF,
  0xFF,0xFF,0xFF,0xFF,0xFF,0xFF,0xFF,0xFF,0xFF,0xFF,0xFF,0xFF,0xFF,0xFF,0xFF,0xFF,0xFF,0xFF,0xFF,0xFF,0xFF,0xFF,0xFF,0xFF,
  0x3E,0xE7,0x6E,0x11,0xCD,0x00,0xB6,0x01,0xF9,0x01,0x7B,0x02,0x3F,0x03,0xBC,0x02,0xB7,0x01,0xD7,0x01,0x51,0x01,0xAE,0x00,
  0xB5,0x6B,0xFF,0xFF,0xBF,0xFF,0x71,0xFC,0xF7,0xFD,0x38,0xFE,0x73,0xFD,0xD4,0xFD,0x28,0xFA,0xC3,0xF8,0x04,0xE9,0x61,0xD8,
  0x0C,0xEB,0x5D,0xFF,0x3C,0xFF,0xD7,0xFD,0xB6,0xF5,0xB6,0xFD,0xDF,0xFF,0x7D,0xFF,0xE4,0xE8,0x49,0xEA,0xFF,0xFF,0xBA,0xFE,
  0x44,0xF9,0x28,0xFA,0x9E,0xFF,0xFF,0xFF,0xDF,0xFF,0xDF,0xFF,0xDF,0xFF,0xDF,0xFF,0xDF,0xFF,0xDF,0xFF,0xDF,0xFF,0xDF,0xFF,
  0xFF,0xFF,0xF5,0x4A,0x1A,0x02,0xB7,0x01,0x93,0x3A,0xFF,0xFF,0xFF,0xFF,0xFF,0xFF,0xFF,0xFF,0xDF,0xFF,0xDF,0xFF,0xDF,0xFF,
  0xDF,0xFF,0xDF,0xFF,0xFF,0xFF,0x79,0xFE,0xA3,0xF8,0xCB,0xFA,0xFF,0xFF,0x30,0xF4,0x00,0xF0,0xEC,0xF2,0xFF,0xFF,0xDB,0xFE,
  0x95,0xFD,0x38,0xFE,0xFF,0xFF,0x3C,0xFF,0x04,0xE1,0x61,0xD8,0xC3,0xF0,0x83,0xF8,0x6C,0xFB,0x11,0xFD,0xD2,0xFC,0x18,0xFE,
  0x54,0xFD,0x0F,0xFC,0xDF,0xFF,0xFF,0xFF,0x31,0x32,0xAE,0x00,0x73,0x01,0xD8,0x01,0xF7,0x01,0xFD,0x02,0x1E,0x03,0x18,0x02,
  0xF8,0x01,0x94,0x01,0x8E,0x00,0x14,0x4B,0xFF,0xFF,0xDF,0xFF,0xFF,0xFF,0xFF,0xFF,0xFF,0xFF,0xFF,0xFF,0xFF,0xFF,0xFF,0xFF,
  0xFF,0xFF,0xFF,0xFF,0xFF,0xFF,0xFF,0xFF,0xFF,0xFF,0xFF,0xFF,0xFF,0xFF,0xFF,0xFF,0xFF,0xFF,0xFF,0xFF,0xFF,0xFF,0xFF,0xFF,
  0xFF,0xFF,0xFF,0xFF,0xFF,0xFF,0xFF,0xFF,0xFF,0xFF,0xFF,0xFF,0xFF,0xFF,0xFF,0xFF,0xFF,0xFF,0xFF,0xFF,0xFF,0xFF,0xFF,0xFF,
  0xFF,0xFF,0xFF,0xFF,0xFF,0xFF,0xFF,0xFF,0xFF,0xFF,0xFF,0xFF,0xFF,0xFF,0xFF,0xFF,0xFF,0xFF,0xFF,0xFF,0xFF,0xFF,0xFF,0xFF,
  0x3E,0xE7,0x6F,0x11,0xED,0x00,0xB6,0x01,0xD8,0x01,0x5A,0x02,0x3F,0x03,0xDD,0x02,0xD8,0x01,0xD8,0x01,0x31,0x01,0x8D,0x00,
  0x94,0x63,0xFF,0xFF,0xDF,0xFF,0xFF,0xFF,0x72,0xF4,0xAE,0xF3,0xB4,0xFD,0x93,0xFD,0x28,0xFA,0xE4,0xF8,0xE4,0xE8,0x00,0xD0,
  0x8E,0xEB,0xFF,0xFF,0x9A,0xFE,0x04,0xF1,0xA3,0xF0,0x86,0xF9,0xDF,0xFF,0x7D,0xFF,0xC2,0xE8,0xAA,0xEA,0xFF,0xFF,0x9A,0xFE,
  0xE4,0xF8,0xC7,0xF9,0x7D,0xFF,0xFF,0xFF,0xFF,0xFF,0xFF,0xFF,0xFF,0xFF,0xFF,0xFF,0xFF,0xFF,0xFF,0xFF,0xFF,0xFF,0xFF,0xFF,
  0xFF,0xFF,0xD4,0x42,0xD8,0x01,0x74,0x01,0x11,0x2A,0xDF,0xFF,0xFF,0xFF,0xFF,0xFF,0xFF,0xFF,0xFF,0xFF,0xFF,0xFF,0xFF,0xFF,
  0xFF,0xFF,0xFF,0xFF,0xFF,0xFF,0x59,0xFE,0xE3,0xF8,0x0C,0xFB,0xFF,0xFF,0x51,0xFC,0x00,0xF0,0xEB,0xF2,0xFF,0xFF,0x34,0xF5,
  0x41,0xE8,0x48,0xF2,0xFF,0xFF,0x7D,0xFF,0x45,0xD9,0x62,0xD0,0xC3,0xF0,0x83,0xF8,0x6B,0xFB,0x30,0xFD,0x91,0xFC,0x6E,0xFB,
  0xB6,0xFD,0xFF,0xFF,0xDF,0xFF,0xBF,0xF7,0x31,0x32,0x8C,0x00,0x51,0x01,0xF8,0x01,0x39,0x02,0x1E,0x03,0xFE,0x02,0xF7,0x01,
  0xD7,0x01,0x72,0x01,0x8C,0x00,0xF3,0x4A,0xFF,0xFF,0xFF,0xFF,0xFF,0xFF,0xFF,0xFF,0xFF,0xFF,0xFF,0xFF,0xDF,0xFF,0xDF,0xFF,
  0xFF,0xFF,0xFF,0xFF,0xFF,0xFF,0xFF,0xFF,0xFF,0xFF,0xFF,0xFF,0xFF,0xFF,0xFF,0xFF,0xFF,0xFF,0xFF,0xFF,0xFF,0xFF,0xFF,0xFF,
  0xFF,0xFF,0xFF,0xFF,0xFF,0xFF,0xFF,0xFF,0xFF,0xFF,0xFF,0xFF,0xFF,0xFF,0xFF,0xFF,0xFF,0xFF,0xFF,0xFF,0xFF,0xFF,0xFF,0xFF,
  0xFF,0xFF,0xFF,0xFF,0xFF,0xFF,0xFF,0xFF,0xFF,0xFF,0xFF,0xFF,0xFF,0xFF,0xFF,0xFF,0xFF,0xFF,0xFF,0xFF,0xFF,0xFF,0xFF,0xFF,
  0xDF,0xFF,0xBC,0xD6,0xDD,0xDE,0x94,0x32,0xD0,0x00,0xF6,0x01,0x1F,0x03,0xDD,0x02,0xBD,0x02,0xDD,0x02,0xD6,0x01,0x74,0x01,
  0xB2,0x11,0xB0,0x29,0x99,0xAD,0xFF,0xFF,0x04,0xE1,0x20,0xE0,0x86,0xF1,0x86,0xF9,0x45,0xF9,0x04,0xF9,0x48,0xFA,0x8C,0xF3,
  0xEA,0xFA,0x28,0xFA,0xE7,0xF1,0xA2,0xD8,0x82,0xD8,0xE3,0xD0,0xA6,0xC9,0x92,0xE4,0x38,0xFE,0x0F,0xF4,0x51,0xF4,0x3C,0xFF,
  0xC4,0xE8,0x04,0xE9,0xDF,0xFF,0xBE,0xFF,0x0C,0xFB,0x2D,0xFB,0x6D,0xFB,0xAE,0xFB,0xAE,0xFB,0x4D,0xFB,0x51,0xFC,0xBF,0xFF,
  0xDF,0xFF,0xD8,0x8C,0x93,0x11,0xB2,0x19,0xD8,0x8C,0xDF,0xFF,0xFF,0xFF,0xFF,0xFF,0x10,0xFC,0x6D,0xFB,0xAE,0xFB,0x8E,0xFB,
  0x4D,0xFB,0xCB,0xF2,0xD3,0xFC,0xFB,0xFE,0x62,0xF0,0xCB,0xF2,0xFF,0xFF,0xAA,0xF2,0x30,0xF4,0x38,0xFE,0x89,0xDA,0x65,0xC9,
  0x82,0xC0,0xE3,0xC8,0x28,0xFA,0xEB,0xFA,0x79,0xFE,0x58,0xFE,0xA6,0xF9,0xE3,0xF8,0xA6,0xF9,0x27,0xFA,0x65,0xF1,0x20,0xE8,
  0x8E,0xF3,0xFF,0xFF,0x56,0x7C,0x8E,0x21,0x93,0x09,0x75,0x01,0xF7,0x01,0x1E,0x03,0xFD,0x02,0x9C,0x02,0x9C,0x02,0x72,0x01,
  0xAE,0x00,0x16,0x74,0xDC,0xDE,0xFD,0xDE,0xFF,0xFF,0xFF,0xFF,0xFF,0xFF,0xFF,0xFF,0xFF,0xFF,0xFF,0xFF,0xFF,0xFF,0xFF,0xFF,
  0xFF,0xFF,0xFF,0xFF,0xFF,0xFF,0xFF,0xFF,0xFF,0xFF,0xFF,0xFF,0xFF,0xFF,0xFF,0xFF,0xFF,0xFF,0xFF,0xFF,0xFF,0xFF,0xFF,0xFF,
  0xFF,0xFF,0xFF,0xFF,0xFF,0xFF,0xFF,0xFF,0xFF,0xFF,0xFF,0xFF,0xFF,0xFF,0xFF,0xFF,0xFF,0xFF,0xFF,0xFF,0xFF,0xFF,0xFF,0xFF,
  0xFF,0xFF,0xFF,0xFF,0xFF,0xFF,0xFF,0xFF,0xFF,0xFF,0xFF,0xFF,0xFF,0xFF,0xFF,0xFF,0xFF,0xFF,0xFF,0xFF,0xFF,0xFF,0xFF,0xFF,
  0xFF,0xFF,0xFF,0xFF,0xFF,0xFF,0x92,0x42,0x6C,0x00,0xD5,0x01,0x3F,0x03,0xFE,0x02,0x1E,0x03,0x1E,0x03,0xF8,0x01,0xD7,0x01,
  0x52,0x01,0x2B,0x00,0xF8,0x94,0xFE,0xFF,0xE4,0xE0,0x21,0xD8,0xC3,0xF8,0x04,0xF9,0x24,0xF9,0xE4,0xF8,0x89,0xFA,0xAF,0xFC,
  0xA9,0xFA,0xC3,0xF8,0xA3,0xF0,0x41,0xC0,0x41,0xC0,0x41,0xC0,0x00,0xC0,0x30,0xE4,0xFF,0xFF,0xB2,0xF4,0xEB,0xEA,0x9E,0xFF,
  0xE3,0xE8,0xA2,0xE0,0x10,0xF4,0x8E,0xF3,0x00,0xF0,0x21,0xF0,0x41,0xF0,0x41,0xF0,0x41,0xF0,0x00,0xF0,0xC7,0xF9,0xFF,0xFF,
  0xFF,0xFF,0xFF,0xFF,0x53,0x2A,0x52,0x2A,0xFF,0xFF,0xFF,0xFF,0xFF,0xFF,0xF7,0xFD,0xC3,0xF8,0x00,0xF0,0x21,0xF0,0x21,0xF0,
  0x41,0xF0,0x20,0xF0,0xA6,0xF1,0xCE,0xEB,0x20,0xE8,0x6A,0xFA,0xFF,0xFF,0xC7,0xE9,0x39,0xFE,0xDE,0xFF,0x00,0xC0,0x00,0xB8,
  0x20,0xB8,0x41,0xC0,0x42,0xF8,0x04,0xF1,0xBD,0xFF,0xFF,0xFF,0x28,0xFA,0xE3,0xF8,0x04,0xF9,0x04,0xF9,0xE4,0xF8,0x00,0xE8,
  0x6D,0xF3,0xFF,0xFF,0x94,0x63,0x4C,0x00,0x73,0x01,0xB6,0x01,0x3A,0x02,0x5F,0x03,0x1E,0x03,0x7B,0x02,0x7B,0x02,0x51,0x01,
  0x8C,0x00,0xF7,0x94,0xFF,0xFF,0xFF,0xFF,0xFF,0xFF,0xFF,0xFF,0xFF,0xFF,0xFF,0xFF,0xFF,0xFF,0xFF,0xFF,0xFF,0xFF,0xFF,0xFF,
  0xFF,0xFF,0xFF,0xFF,0xFF,0xFF,0xFF,0xFF,0xFF,0xFF,0xFF,0xFF,0xFF,0xFF,0xFF,0xFF,0xFF,0xFF,0xFF,0xFF,0xFF,0xFF,0xFF,0xFF,
  0xFF,0xFF,0xFF,0xFF,0xFF,0xFF,0xFF,0xFF,0xFF,0xFF,0xFF,0xFF,0xFF,0xFF,0xFF,0xFF,0xFF,0xFF,0xFF,0xFF,0xFF,0xFF,0xFF,0xFF,
  0xFF,0xFF,0xFF,0xFF,0xFF,0xFF,0xFF,0xFF,0xFF,0xFF,0xFF,0xFF,0xFF,0xFF,0xFF,0xFF,0xFF,0xFF,0xFF,0xFF,0xFF,0xFF,0xFF,0xFF,
  0xFF,0xFF,0xDF,0xFF,0xFF,0xFF,0x92,0x3A,0x6C,0x00,0xD5,0x01,0x3F,0x03,0xFE,0x02,0xFE,0x02,0xFD,0x02,0xD7,0x01,0xB6,0x01,
  0x51,0x01,0x8D,0x00,0x18,0x9D,0xFF,0xFF,0x2D,0xE3,0xCB,0xE2,0x66,0xE9,0x03,0xE1,0x24,0xF1,0xC3,0xE8,0x45,0xF1,0x48,0xFA,
  0xA6,0xF9,0x24,0xF9,0x24,0xF9,0xC3,0xE8,0xC3,0xE8,0xC3,0xE0,0x82,0xE0,0x49,0xDA,0x30,0xDC,0x08,0xD2,0x0C,0xE3,0x7D,0xFF,
  0xCB,0xEA,0xCA,0xEA,0xCB,0xEA,0xEB,0xF2,0x8E,0xF3,0xCE,0xF3,0xAE,0xF3,0x8E,0xFB,0x8E,0xFB,0xAE,0xFB,0xCE,0xFB,0x71,0xFC,
  0x71,0xF4,0x1C,0xFF,0x59,0x9D,0x39,0x95,0x79,0xFE,0x51,0xF4,0xAF,0xF3,0x25,0xF9,0x6D,0xFB,0xEF,0xFB,0xEF,0xFB,0xCF,0xFB,
  0xAE,0xF3,0xEF,0xFB,0x6D,0xF3,0x49,0xDA,0x8A,0xE2,0xB2,0xFC,0xDF,0xFF,0x6A,0xDA,0xEC,0xDA,0xAE,0xE3,0x62,0xD8,0xC3,0xD8,
  0xA5,0xE1,0xA5,0xE9,0x04,0xF9,0x04,0xF9,0x8D,0xFB,0xCE,0xFB,0x45,0xF9,0x04,0xF9,0x24,0xF1,0xE3,0xE8,0x08,0xF2,0x8A,0xEA,
  0x92,0xEC,0xFF,0xFF,0xD5,0x6B,0xAD,0x00,0xB5,0x01,0xB7,0x01,0x39,0x02,0x3E,0x03,0xFD,0x02,0x7C,0x02,0x7C,0x02,0x51,0x01,
  0x8C,0x00,0xB7,0x8C,0xFF,0xFF,0xDF,0xFF,0xFF,0xFF,0xFF,0xFF,0xDF,0xFF,0xFF,0xFF,0xFF,0xFF,0xFF,0xFF,0xFF,0xFF,0xFF,0xFF,
  0xFF,0xFF,0xFF,0xFF,0xFF,0xFF,0xFF,0xFF,0xFF,0xFF,0xFF,0xFF,0xFF,0xFF,0xFF,0xFF,0xFF,0xFF,0xFF,0xFF,0xFF,0xFF,0xFF,0xFF,
  0xFF,0xFF,0xFF,0xFF,0xFF,0xFF,0xFF,0xFF,0xFF,0xFF,0xFF,0xFF,0xFF,0xFF,0xFF,0xFF,0xFF,0xFF,0xFF,0xFF,0xFF,0xFF,0xFF,0xFF,
  0xFF,0xFF,0xFF,0xFF,0xFF,0xFF,0xFF,0xFF,0xFF,0xFF,0xFF,0xFF,0xFF,0xFF,0xFF,0xFF,0xFF,0xFF,0xFF,0xFF,0xFF,0xFF,0xFF,0xFF,
  0xFF,0xFF,0xFF,0xFF,0xFF,0xFF,0x92,0x42,0x6C,0x00,0xD4,0x01,0x3F,0x03,0xFE,0x02,0xFD,0x02,0x1E,0x03,0xF8,0x01,0xB6,0x01,
  0x52,0x01,0x6C,0x00,0xF8,0x94,0xFF,0xFF,0xFF,0xFF,0xFF,0xFF,0x28,0xDA,0x00,0xC8,0x40,0xE0,0x82,0xE0,0xE4,0xF0,0x04,0xF9,
  0x04,0xF9,0x24,0xF9,0x04,0xF9,0x24,0xF9,0x24,0xF9,0x04,0xF9,0x04,0xF9,0x41,0xD8,0x00,0xB8,0x00,0xC0,0xCF,0xE3,0xFF,0xFF,
  0xFF,0xFF,0xFF,0xFF,0xFF,0xFF,0xFF,0xFF,0xFF,0xFF,0xFF,0xFF,0xFF,0xFF,0xFF,0xFF,0xFF,0xFF,0xFF,0xFF,0xF8,0xFD,0x00,0xF0,
  0x41,0xF0,0xEF,0xF3,0xFF,0xFF,0xFF,0xFF,0x8E,0xF3,0x00,0xF0,0x00,0xF0,0x42,0xF0,0x3C,0xFF,0xFF,0xFF,0xFF,0xFF,0xFF,0xFF,
  0xFF,0xFF,0xFF,0xFF,0xFF,0xFF,0xFF,0xFF,0xFF,0xFF,0xFF,0xFF,0xFF,0xFF,0x4D,0xDB,0x00,0xB8,0x41,0xD8,0xC3,0xF0,0x45,0xF1,
  0xEA,0xFA,0x68,0xFA,0xE4,0xF8,0x04,0xF9,0xA3,0xF8,0xC3,0xF8,0x24,0xF9,0x45,0xF9,0x62,0xD8,0x00,0xC0,0xCF,0xE3,0xFF,0xFF,
  0xDF,0xFF,0xFF,0xFF,0xD5,0x6B,0xAD,0x00,0xB5,0x01,0xB7,0x01,0x39,0x02,0x3E,0x03,0xFD,0x02,0x7C,0x02,0x7B,0x02,0x51,0x01,
  0x8C,0x00,0xB7,0x8C,0xFF,0xFF,0xFF,0xFF,0xFF,0xFF,0xFF,0xFF,0xFF,0xFF,0xFF,0xFF,0xFF,0xFF,0xFF,0xFF,0xFF,0xFF,0xFF,0xFF,
  0xFF,0xFF,0xFF,0xFF,0xFF,0xFF,0xFF,0xFF,0xFF,0xFF,0xFF,0xFF,0xFF,0xFF,0xFF,0xFF,0xFF,0xFF,0xFF,0xFF,0xFF,0xFF,0xFF,0xFF,
  0xFF,0xFF,0xFF,0xFF,0xFF,0xFF,0xFF,0xFF,0xFF,0xFF,0xFF,0xFF,0xFF,0xFF,0xFF,0xFF,0xFF,0xFF,0xFF,0xFF,0xFF,0xFF,0xFF,0xFF,
  0xFF,0xFF,0xFF,0xFF,0xFF,0xFF,0xFF,0xFF,0xFF,0xFF,0xBF,0xF7,0xFE,0xD6,0xFE,0xD6,0x9F,0xEF,0xFF,0xFF,0xFF,0xFF,0xFF,0xFF,
  0xFF,0xFF,0xFF,0xFF,0xFF,0xFF,0xB3,0x42,0x8D,0x00,0xB4,0x01,0xBC,0x02,0xBB,0x02,0xFD,0x02,0x1E,0x03,0xF8,0x01,0xB6,0x01,
  0x72,0x01,0x8D,0x00,0x18,0x9D,0xFF,0xFF,0xBF,0xFF,0xFF,0xFF,0x14,0xED,0xEF,0xE3,0x4D,0xEB,0xA7,0xD9,0xA2,0xD8,0xE4,0xE8,
  0xE3,0xF0,0xE4,0xF0,0xE4,0xF0,0x04,0xF9,0x04,0xF9,0x04,0xF9,0x24,0xF9,0xE3,0xE8,0xA3,0xD8,0x62,0xD8,0x69,0xEA,0xB2,0xEC,
  0x71,0xE4,0x51,0xE4,0x51,0xE4,0x71,0xE4,0xB2,0xE4,0x92,0xE4,0x96,0xED,0xDF,0xFF,0xBF,0xFF,0xDF,0xFF,0x3C,0xFF,0xB6,0xFD,
  0xF7,0xFD,0x50,0xF4,0xB3,0xF4,0x51,0xF4,0x6D,0xFB,0xB2,0xFC,0x75,0xFD,0x55,0xFD,0x7D,0xFF,0xDF,0xFF,0xDF,0xFF,0x9E,0xFF,
  0xD3,0xE4,0x71,0xE4,0x71,0xE4,0x71,0xE4,0x71,0xE4,0x71,0xEC,0x92,0xE4,0x08,0xE2,0xA3,0xE0,0x44,0xE9,0x04,0xF1,0x44,0xF1,
  0x07,0xFA,0x86,0xF9,0xC4,0xF8,0xE4,0xF8,0x04,0xE9,0x04,0xE9,0xE4,0xE0,0xC3,0xE0,0x8A,0xE2,0x8E,0xE3,0xD7,0xF5,0xFF,0xFF,
  0xBF,0xFF,0xFF,0xFF,0x94,0x63,0xAD,0x00,0xB5,0x01,0xB7,0x01,0x39,0x02,0x3E,0x03,0xFD,0x02,0x3A,0x02,0x39,0x02,0x51,0x01,
  0x8C,0x00,0xB7,0x8C,0xFF,0xFF,0xDF,0xFF,0xFF,0xFF,0x9E,0xFF,0x9A,0xFE,0xBA,0xFE,0xBA,0xFE,0xBE,0xFF,0xFF,0xFF,0x7D,0xFF,
  0x9A,0xFE,0xDB,0xFE,0xDB,0xFE,0x9E,0xFF,0xFF,0xFF,0xFF,0xFF,0xFF,0xFF,0xFF,0xFF,0xFF,0xFF,0xFF,0xFF,0xFF,0xFF,0xFF,0xFF,
  0xFF,0xFF,0xFF,0xFF,0xFF,0xFF,0xFF,0xFF,0xFF,0xFF,0xFF,0xFF,0xFF,0xFF,0xFF,0xFF,0xFF,0xFF,0xFF,0xFF,0xFF,0xFF,0xFF,0xFF,
  0xFF,0xFF,0xFF,0xFF,0xFF,0xFF,0xDF,0xFF,0xFF,0xFF,0x3D,0xB6,0x18,0x02,0xF7,0x01,0x9C,0x9D,0xFF,0xFF,0xDF,0xFF,0xFF,0xFF,
  0xFF,0xFF,0xFF,0xFF,0xFF,0xFF,0x72,0x3A,0x6C,0x00,0x51,0x01,0xF8,0x01,0x19,0x02,0x3E,0x03,0x3F,0x03,0xF8,0x01,0xB6,0x01,
  0x51,0x01,0x6C,0x00,0x59,0xA5,0xFF,0xFF,0xFF,0xFF,0xFF,0xFF,0xFF,0xFF,0xFF,0xFF,0xFF,0xFF,0xAE,0xDB,0x00,0xB8,0x00,0xC0,
  0x41,0xD8,0xC3,0xE8,0xC3,0xE8,0x04,0xF9,0x04,0xF9,0x04,0xF9,0x04,0xF9,0x04,0xF9,0x04,0xF9,0x04,0xF9,0xA3,0xF8,0x41,0xE0,
  0x00,0xC8,0x00,0xC0,0x00,0xB8,0x00,0xB8,0x00,0xB8,0x00,0xB0,0x8A,0xD2,0xFF,0xFF,0xFF,0xFF,0xFF,0xFF,0xFF,0xFF,0xFF,0xFF,
  0xFF,0xFF,0x3C,0xFF,0x00,0xE0,0x01,0xE0,0x7D,0xFF,0xFF,0xFF,0xFF,0xFF,0xFF,0xFF,0xFF,0xFF,0xFF,0xFF,0xFF,0xFF,0xBE,0xFF,
  0x82,0xC0,0x00,0xB8,0x00,0xB8,0x00,0xB8,0x00,0xC0,0x00,0xC0,0x00,0xC0,0xC3,0xE8,0x86,0xF9,0x45,0xF9,0x04,0xF9,0x24,0xF9,
  0x04,0xF9,0x04,0xF9,0x24,0xF9,0x04,0xF9,0x41,0xD0,0x20,0xD0,0x00,0xC0,0x00,0xB0,0x75,0xED,0xFF,0xFF,0xFF,0xFF,0xFF,0xFF,
  0xFF,0xFF,0xFF,0xFF,0x33,0x53,0x6B,0x00,0x73,0x01,0x96,0x01,0x39,0x02,0x7F,0x03,0x1E,0x03,0xF9,0x01,0xF8,0x01,0x51,0x01,
  0xAD,0x00,0xD7,0x8C,0xFF,0xFF,0xDF,0xFF,0xFF,0xFF,0x96,0xFD,0x62,0xF8,0x24,0xF9,0x24,0xF9,0x79,0xFE,0xFF,0xFF,0xD3,0xFC,
  0xA3,0xF8,0x65,0xF9,0xE4,0xF8,0x59,0xFE,0xFF,0xFF,0xFF,0xFF,0xFF,0xFF,0xFF,0xFF,0xFF,0xFF,0xFF,0xFF,0xFF,0xFF,0xFF,0xFF,
  0xFF,0xFF,0xFF,0xFF,0xFF,0xFF,0xFF,0xFF,0xFF,0xFF,0xFF,0xFF,0xFF,0xFF,0xFF,0xFF,0xFF,0xFF,0xFF,0xFF,0xFF,0xFF,0xFF,0xFF,
  0xFF,0xFF,0xFF,0xFF,0xFF,0xFF,0xFF,0xFF,0xFF,0xFF,0x3D,0xB6,0xD7,0x01,0xD7,0x01,0x9C,0x9D,0xFF,0xFF,0xFF,0xFF,0xFF,0xFF,
  0xFF,0xFF,0xDF,0xFF,0xFF,0xFF,0xF3,0x52,0x4E,0x11,0xB3,0x09,0xD8,0x01,0x19,0x02,0x3F,0x03,0x5E,0x03,0x18,0x02,0xF8,0x01,
  0x94,0x01,0x10,0x01,0x72,0x32,0x33,0x53,0x1B,0xBE,0xFF,0xFF,0xDF,0xFF,0xBE,0xFF,0xDF,0xFF,0x75,0xED,0x49,0xDA,0xC7,0xC9,
  0x45,0xD9,0xC3,0xE0,0xE3,0xE8,0x04,0xF1,0xE4,0xF0,0xE4,0xF8,0x04,0xF9,0x04,0xF9,0x04,0xF9,0x24,0xF9,0x25,0xF9,0x24,0xF1,
  0xE3,0xD0,0xE3,0xD0,0xE3,0xD0,0xE3,0xC8,0xC3,0xC8,0x41,0xC0,0x6A,0xDA,0xBA,0xF6,0xBE,0xFF,0xFF,0xFF,0xFF,0xFF,0xDF,0xFF,
  0xDF,0xFF,0xBE,0xFF,0x75,0xF5,0x96,0xF5,0xBE,0xFF,0xDF,0xFF,0xDF,0xFF,0xDF,0xFF,0xFF,0xFF,0xFF,0xFF,0xFB,0xF6,0x59,0xF6,
  0x04,0xC9,0x82,0xC8,0xA2,0xC8,0xE3,0xC8,0xE3,0xC8,0xE3,0xD0,0xE3,0xD8,0x65,0xF1,0x65,0xF9,0x25,0xF9,0x04,0xF9,0x04,0xF9,
  0x24,0xF9,0x44,0xF9,0x44,0xF9,0x24,0xF1,0x65,0xD9,0xE7,0xE1,0xF3,0xEC,0x55,0xED,0xFB,0xF6,0xDF,0xFF,0xDF,0xFF,0xFF,0xFF,
  0x18,0x95,0x33,0x5B,0x12,0x22,0x10,0x01,0xB6,0x01,0xF8,0x01,0x5A,0x02,0x5F,0x03,0x1E,0x03,0xF8,0x01,0xD7,0x01,0xCF,0x00,
  0x0A,0x00,0x76,0x84,0xFF,0xFF,0xDF,0xFF,0xFF,0xFF,0x14,0xFD,0xC3,0xF8,0x65,0xF9,0x24,0xF9,0xD7,0xFD,0x9E,0xFF,0x51,0xFC,
  0x83,0xF8,0x45,0xF9,0x04,0xF9,0x75,0xFD,0xDF,0xFF,0xFF,0xFF,0xFF,0xFF,0xFF,0xFF,0xFF,0xFF,0xFF,0xFF,0xFF,0xFF,0xFF,0xFF,
  0xFF,0xFF,0xFF,0xFF,0xFF,0xFF,0xFF,0xFF,0xFF,0xFF,0xFF,0xFF,0xFF,0xFF,0xFF,0xFF,0xFF,0xFF,0xFF,0xFF,0xFF,0xFF,0xFF,0xFF,
  0xFF,0xFF,0xFF,0xFF,0x9F,0xEF,0x9E,0xC6,0xBE,0xCE,0xBC,0xA5,0xD7,0x32,0x53,0x01,0x7B,0x9D,0xFF,0xFF,0xDF,0xFF,0xFF,0xFF,
  0xFF,0xFF,0xFF,0xFF,0xFF,0xFF,0x9E,0xEF,0x9E,0xF7,0xF6,0x6B,0x8D,0x00,0x71,0x01,0x3E,0x03,0xBF,0x24,0x7E,0x0B,0x1E,0x03,
  0x5A,0x02,0xD7,0x01,0x31,0x01,0x2B,0x00,0xD7,0x8C,0xFF,0xFF,0xDF,0xFF,0xFF,0xFF,0xFF,0xFF,0xFF,0xFF,0xFF,0xFF,0xFF,0xFF,
  0x30,0xE4,0x00,0xC0,0x00,0xC0,0x41,0xC8,0x62,0xC8,0xC3,0xE8,0xE4,0xF8,0x04,0xF9,0x04,0xF9,0x65,0xF9,0xA6,0xF9,0xE7,0xF9,
  0x6B,0xFB,0x4B,0xFB,0x2B,0xFB,0x6B,0xFB,0x07,0xF2,0xA3,0xE8,0x82,0xD8,0xC3,0xC8,0x5D,0xFF,0xFF,0xFF,0xFF,0xFF,0xFF,0xFF,
  0xFF,0xFF,0xFF,0xFF,0xFF,0xFF,0xFF,0xFF,0xFF,0xFF,0xFF,0xFF,0xFF,0xFF,0xFF,0xFF,0xFF,0xFF,0xDF,0xFF,0x86,0xC9,0x00,0xC0,
  0x03,0xD9,0x86,0xF9,0x28,0xFA,0x8F,0xFC,0x2E,0xFC,0x68,0xFA,0x68,0xFA,0xA6,0xF9,0x04,0xF9,0x04,0xF9,0x04,0xF9,0x04,0xF9,
  0x04,0xF9,0xC3,0xE8,0x00,0xB8,0x00,0xC8,0x38,0xF6,0xFF,0xFF,0xFF,0xFF,0xFF,0xFF,0xFF,0xFF,0xFF,0xFF,0xDF,0xFF,0xFF,0xFF,
  0x13,0x53,0x0B,0x00,0x73,0x01,0xD6,0x01,0x7A,0x02,0x3F,0x03,0xFE,0x02,0xBD,0x02,0x7B,0x02,0x10,0x01,0xCE,0x00,0x95,0x63,
  0x56,0x84,0x5B,0xC6,0xFF,0xFF,0xFF,0xFF,0x5D,0xFF,0xC7,0xF1,0x04,0xF1,0xA6,0xF9,0xA6,0xF9,0x66,0xF9,0x66,0xF9,0x86,0xF9,
  0xA6,0xF9,0xA6,0xF9,0x65,0xF9,0x85,0xF9,0xFB,0xFE,0xFF,0xFF,0xFF,0xFF,0xFF,0xFF,0xFF,0xFF,0xFF,0xFF,0xFF,0xFF,0xFF,0xFF,
  0xFF,0xFF,0xFF,0xFF,0xFF,0xFF,0xFF,0xFF,0xFF,0xFF,0xFF,0xFF,0xFF,0xFF,0xFF,0xFF,0xFF,0xFF,0xFF,0xFF,0xFF,0xFF,0xFF,0xFF,
  0xFF,0xFF,0xFF,0xFF,0x1D,0xAE,0xD7,0x01,0xB7,0x01,0xB9,0x4B,0x3E,0xE7,0x32,0x01,0x7B,0x9D,0xFF,0xFF,0xFF,0xFF,0xFF,0xFF,
  0xFF,0xFF,0xFF,0xFF,0xFF,0xFF,0xFF,0xFF,0xFF,0xFF,0xF5,0x73,0x4B,0x00,0x71,0x01,0xBF,0x03,0x1F,0x35,0xBF,0x13,0x1E,0x03,
  0x38,0x02,0xB6,0x01,0x72,0x01,0x8C,0x00,0x18,0x9D,0xFF,0xFF,0xFF,0xFF,0xFF,0xFF,0xFF,0xFF,0xFF,0xFF,0xDF,0xFF,0xFF,0xFF,
  0xD7,0xF5,0x0C,0xDB,0x2D,0xD3,0xC3,0xC0,0x00,0xB8,0x82,0xD0,0x82,0xD8,0xE4,0xE8,0x25,0xF9,0x24,0xF9,0x45,0xF9,0x45,0xF9,
  0xA6,0xF9,0xC6,0xF9,0x4B,0xFB,0xCC,0xFB,0xE7,0xF1,0xA3,0xE8,0xA2,0xE0,0x24,0xD1,0xBE,0xFF,0xFF,0xFF,0xFF,0xFF,0xFF,0xFF,
  0xFF,0xFF,0xFF,0xFF,0xDF,0xFF,0xDF,0xFF,0xFF,0xFF,0xFF,0xFF,0xFF,0xFF,0xFF,0xFF,0xFF,0xFF,0xFF,0xFF,0xC7,0xD9,0x00,0xC8,
  0x85,0xE1,0x8D,0xFB,0x4B,0xFB,0xA9,0xFA,0x89,0xFA,0x45,0xF9,0x04,0xF9,0x24,0xF9,0x24,0xF9,0x03,0xF1,0xC3,0xE8,0x82,0xD8,
  0x00,0xB8,0xA3,0xC0,0x0C,0xD3,0x0C,0xDB,0xFB,0xF6,0xFF,0xFF,0xDF,0xFF,0xDF,0xFF,0xFF,0xFF,0xFF,0xFF,0xFF,0xFF,0xFF,0xFF,
  0x94,0x63,0x8D,0x00,0xB4,0x01,0xB7,0x01,0x59,0x02,0x3E,0x03,0xFE,0x02,0xDE,0x02,0x9C,0x02,0x0F,0x01,0x8C,0x00,0x5B,0xCE,
  0xFF,0xFF,0xFF,0xFF,0xFF,0xFF,0xFF,0xFF,0x3C,0xFF,0x65,0xF1,0xE4,0xF0,0xC6,0xF9,0xE7,0xF9,0x24,0xF9,0xE3,0xF8,0x65,0xF9,
  0xA6,0xF9,0x65,0xF9,0xE4,0xF8,0xE4,0xF8,0xDB,0xFE,0xFF,0xFF,0xFF,0xFF,0xFF,0xFF,0xFF,0xFF,0xFF,0xFF,0xFF,0xFF,0xFF,0xFF,
  0xFF,0xFF,0xFF,0xFF,0xFF,0xFF,0xFF,0xFF,0xFF,0xFF,0xFF,0xFF,0xFF,0xFF,0xFF,0xFF,0xFF,0xFF,0xFF,0xFF,0xFF,0xFF,0xFF,0xFF,
  0xFF,0xFF,0xFF,0xFF,0xDD,0xAD,0x56,0x01,0x56,0x01,0x38,0x33,0xDF,0xF7,0x95,0x22,0x1B,0x8D,0x1E,0xDF,0xFE,0xD6,0xDF,0xFF,
  0xFF,0xFF,0xFF,0xFF,0xFF,0xFF,0xDF,0xFF,0xFF,0xFF,0xF5,0x73,0x6C,0x00,0x92,0x01,0xBF,0x03,0x9F,0x24,0x7E,0x0B,0x3E,0x03,
  0x5A,0x02,0xB6,0x01,0x51,0x01,0xAD,0x00,0x56,0x7C,0xDD,0xDE,0x7E,0xEF,0xFF,0xFF,0xFF,0xFF,0xFF,0xFF,0xFF,0xFF,0xFF,0xFF,
  0xFF,0xFF,0xFF,0xFF,0xFF,0xFF,0xAE,0xDB,0x24,0xC1,0xA2,0xC8,0x00,0xC8,0xC3,0xE0,0x24,0xF9,0x04,0xF1,0x04,0xF9,0x04,0xF9,
  0x04,0xF9,0x24,0xF9,0x89,0xFA,0x0A,0xFB,0xE7,0xF9,0x65,0xF9,0x24,0xE9,0x41,0xC0,0x51,0xE4,0xFF,0xFF,0xDF,0xFF,0xFF,0xFF,
  0xFF,0xFF,0xFF,0xFF,0xFF,0xFF,0xFF,0xFF,0xFF,0xFF,0xFF,0xFF,0xFF,0xFF,0xFF,0xFF,0x8E,0xDB,0x65,0xC1,0x45,0xE9,0x24,0xF9,
  0x48,0xFA,0x4F,0xFC,0x4C,0xFB,0xE3,0xF8,0xE4,0xF8,0x04,0xF9,0x24,0xF9,0x24,0xF9,0x04,0xF1,0xC3,0xE8,0x82,0xE0,0xC3,0xD8,
  0xE3,0xC0,0x49,0xCA,0xFF,0xFF,0xFF,0xFF,0xFF,0xFF,0xFF,0xFF,0xFF,0xFF,0xFF,0xFF,0xFF,0xFF,0xFF,0xFF,0x5E,0xE7,0xFD,0xDE,
  0x14,0x4B,0x8D,0x00,0x94,0x01,0xD8,0x01,0x7B,0x02,0x1E,0x03,0xDD,0x02,0x9C,0x02,0x7A,0x02,0x0F,0x01,0x8C,0x00,0x1A,0xBE,
  0xDF,0xFF,0xDF,0xFF,0xFF,0xFF,0xFF,0xFF,0x5D,0xFF,0x49,0xFA,0xC7,0xF1,0xE6,0xF9,0xE6,0xF9,0x65,0xF9,0x24,0xF9,0x65,0xF9,
  0xA6,0xF9,0xA6,0xF9,0xC7,0xF9,0xE7,0xF9,0x1C,0xFF,0xFF,0xFF,0xFF,0xFF,0xFF,0xFF,0xFF,0xFF,0xFF,0xFF,0xFF,0xFF,0xFF,0xFF,
  0xFF,0xFF,0xFF,0xFF,0xFF,0xFF,0xFF,0xFF,0xFF,0xFF,0xFF,0xFF,0xFF,0xFF,0xFF,0xFF,0xFF,0xFF,0xFF,0xFF,0xFF,0xFF,0xFF,0xFF,
  0xFF,0xFF,0xFF,0xFF,0xDE,0xCE,0x1A,0x5C,0xF9,0x5B,0x1A,0x5C,0x9C,0x85,0x5F,0xDF,0xF9,0x5B,0x95,0x09,0x57,0x12,0x3E,0xE7,
  0xFF,0xFF,0xFF,0xFF,0xFF,0xFF,0xFF,0xFF,0xFF,0xFF,0xF5,0x73,0x6C,0x00,0x50,0x01,0x9C,0x02,0x9C,0x02,0x1D,0x03,0x5E,0x03,
  0x39,0x02,0xB6,0x01,0xB6,0x01,0xD7,0x01,0x73,0x01,0xCE,0x00,0x9A,0xAD,0xFF,0xFF,0xDF,0xFF,0xFF,0xFF,0xFF,0xFF,0xFF,0xFF,
  0xFF,0xFF,0xDF,0xFF,0xDF,0xFF,0xDF,0xFF,0xFF,0xFF,0xEB,0xDA,0x62,0xC8,0x82,0xC8,0x41,0xB8,0x82,0xC8,0xC3,0xF8,0x04,0xF1,
  0x24,0xF9,0x24,0xF9,0x04,0xF9,0x04,0xF9,0x45,0xF9,0xA6,0xF9,0x44,0xE9,0x00,0xB8,0xCB,0xD2,0xFF,0xFF,0xDF,0xFF,0xFF,0xFF,
  0xFF,0xFF,0xFF,0xFF,0xFF,0xFF,0xFF,0xFF,0xFF,0xFF,0xFF,0xFF,0xFF,0xFF,0xFF,0xFF,0x28,0xCA,0x00,0xB0,0xE4,0xE8,0x0B,0xFB,
  0xEA,0xFA,0x24,0xF9,0x25,0xF9,0x05,0xF9,0x24,0xF9,0x04,0xF9,0x04,0xF9,0x82,0xD0,0x41,0xC0,0x82,0xC8,0x81,0xD0,0xEB,0xE2,
  0xBE,0xFF,0x9E,0xFF,0xDF,0xFF,0xDF,0xFF,0xFF,0xFF,0xFF,0xFF,0xFF,0xFF,0xFF,0xFF,0xDF,0xFF,0xFF,0xFF,0xF5,0x73,0x8C,0x00,
  0x94,0x01,0xB7,0x01,0xB6,0x01,0xB6,0x01,0x59,0x02,0x1E,0x03,0xBC,0x02,0xD8,0x01,0xF8,0x01,0x10,0x01,0xCE,0x00,0x5B,0xC6,
  0xFF,0xFF,0xFF,0xFF,0xFF,0xFF,0xFF,0xFF,0xFF,0xFF,0xBE,0xFF,0x1C,0xFF,0xE7,0xF9,0x44,0xF9,0x45,0xF9,0x25,0xF9,0x45,0xF9,
  0xE3,0xF8,0x8A,0xFA,0xBE,0xFF,0xBE,0xFF,0xFF,0xFF,0xFF,0xFF,0xFF,0xFF,0xFF,0xFF,0xFF,0xFF,0xFF,0xFF,0xFF,0xFF,0xFF,0xFF,
  0xFF,0xFF,0xFF,0xFF,0xFF,0xFF,0xFF,0xFF,0xFF,0xFF,0xFF,0xFF,0xFF,0xFF,0xFF,0xFF,0xFF,0xFF,0xFF,0xFF,0xFF,0xFF,0xFF,0xFF,
  0xFF,0xFF,0xFF,0xFF,0xFF,0xFF,0xFF,0xFF,0xFF,0xFF,0x7D,0xC6,0x15,0x01,0xFE,0xD6,0x3A,0x64,0xD4,0x00,0x95,0x01,0xFE,0xDE,
  0xFF,0xFF,0xFF,0xFF,0xFF,0xFF,0xFF,0xFF,0xFF,0xFF,0xF5,0x73,0x6D,0x00,0x50,0x01,0x7B,0x02,0x7B,0x02,0x1D,0x03,0x7F,0x03,
  0x5A,0x02,0xB7,0x01,0xD7,0x01,0xD8,0x01,0x52,0x01,0x8C,0x00,0x79,0xA5,0xFF,0xFF,0xDF,0xFF,0xFF,0xFF,0xFF,0xFF,0xFF,0xFF,
  0xFF,0xFF,0xFF,0xFF,0xFF,0xFF,0xFF,0xFF,0xFF,0xFF,0x7D,0xFF,0x5D,0xFF,0xCF,0xDB,0x00,0xB0,0xA2,0xC8,0xE4,0xF8,0x04,0xF9,
  0x24,0xF9,0x24,0xF9,0x24,0xF9,0x24,0xF9,0x65,0xF9,0xA6,0xF9,0x24,0xE9,0x00,0xB8,0x0C,0xDB,0xFF,0xFF,0xDF,0xFF,0xFF,0xFF,
  0xFF,0xFF,0xFF,0xFF,0xFF,0xFF,0xFF,0xFF,0xFF,0xFF,0xFF,0xFF,0xFF,0xFF,0xFF,0xFF,0x49,0xD2,0x00,0xB8,0x44,0xE9,0x0B,0xFB,
  0xA9,0xFA,0xE4,0xF8,0x04,0xF9,0x24,0xF9,0x24,0xF9,0x04,0xF9,0xE4,0xF8,0x82,0xC8,0x00,0xB8,0xCF,0xE3,0x5D,0xFF,0x7D,0xFF,
  0xFF,0xFF,0xFF,0xFF,0xFF,0xFF,0xFF,0xFF,0xFF,0xFF,0xFF,0xFF,0xFF,0xFF,0xFF,0xFF,0xDF,0xFF,0xFF,0xFF,0xD5,0x6B,0x2B,0x00,
  0x52,0x01,0xB7,0x01,0xB7,0x01,0xB6,0x01,0x7A,0x02,0x1E,0x03,0x9B,0x02,0xD7,0x01,0xD6,0x01,0x0F,0x01,0xEE,0x00,0x5C,0xC6,
  0xFF,0xFF,0xFF,0xFF,0xFF,0xFF,0xFF,0xFF,0xFF,0xFF,0xFF,0xFF,0x7D,0xFF,0xA6,0xF9,0xA3,0xF8,0xE4,0xF8,0x05,0xF9,0x25,0xF9,
  0xE3,0xF8,0xCA,0xFA,0xFF,0xFF,0xFF,0xFF,0xFF,0xFF,0xFF,0xFF,0xFF,0xFF,0xFF,0xFF,0xFF,0xFF,0xFF,0xFF,0xFF,0xFF,0xFF,0xFF,
  0xFF,0xFF,0xFF,0xFF,0xFF,0xFF,0xFF,0xFF,0xFF,0xFF,0xFF,0xFF,0xFF,0xFF,0xFF,0xFF,0xFF,0xFF,0xFF,0xFF,0xFF,0xFF,0xFF,0xFF,
  0xFF,0xFF,0xFF,0xFF,0xFF,0xFF,0xDF,0xFF,0xFF,0xFF,0x5D,0xBE,0xF7,0x01,0xD8,0x22,0x5A,0x64,0xF9,0x63,0xF9,0x63,0x7E,0xEF,
  0xFF,0xFF,0xFF,0xFF,0xFF,0xFF,0xDF,0xFF,0xFF,0xFF,0x15,0x74,0x8D,0x00,0x2F,0x09,0x30,0x01,0x30,0x01,0xDC,0x1B,0xBF,0x24,
  0x3E,0x03,0xDD,0x02,0x39,0x02,0xB7,0x01,0xB5,0x01,0x94,0x01,0xF1,0x21,0xEF,0x31,0x1B,0xBE,0xDF,0xFF,0xDF,0xFF,0xFF,0xFF,
  0xFF,0xFF,0xFF,0xFF,0xFF,0xFF,0xFF,0xFF,0xFF,0xFF,0xFF,0xFF,0xFF,0xFF,0x30,0xDC,0x00,0xB8,0x82,0xC8,0x61,0xD0,0x82,0xD8,
  0x24,0xF9,0x24,0xF9,0x24,0xF9,0x24,0xF9,0x24,0xF9,0x45,0xF9,0x04,0xE1,0x00,0xB8,0x0C,0xDB,0xFF,0xFF,0xDF,0xFF,0xFF,0xFF,
  0xFF,0xFF,0xFF,0xFF,0xFF,0xFF,0xFF,0xFF,0xFF,0xFF,0xFF,0xFF,0xFF,0xFF,0xFF,0xFF,0x49,0xD2,0x00,0xB8,0x44,0xE9,0xA6,0xF9,
  0x45,0xF9,0xE4,0xF8,0x04,0xF9,0x24,0xF9,0x04,0xF9,0x62,0xC8,0x62,0xC8,0x82,0xC0,0x00,0xC0,0x51,0xE4,0xFF,0xFF,0xFF,0xFF,
  0xFF,0xFF,0xFF,0xFF,0xFF,0xFF,0xFF,0xFF,0xFF,0xFF,0xFF,0xFF,0xDF,0xFF,0xDF,0xFF,0xB8,0x8C,0x10,0x32,0xF3,0x19,0x74,0x01,
  0x95,0x01,0x95,0x01,0x59,0x02,0xFD,0x02,0xDD,0x02,0xDD,0x02,0x5A,0x02,0xEF,0x00,0x90,0x11,0x3B,0xBE,0xDC,0xD6,0xBF,0xF7,
  0xFF,0xFF,0xFF,0xFF,0xFF,0xFF,0xFF,0xFF,0xFF,0xFF,0xFF,0xFF,0xDF,0xFF,0x79,0xFE,0x38,0xFE,0x29,0xFA,0xA3,0xF0,0x6D,0xFB,
  0x99,0xFE,0xDB,0xFE,0xFF,0xFF,0xFF,0xFF,0xFF,0xFF,0xFF,0xFF,0xFF,0xFF,0xFF,0xFF,0xFF,0xFF,0xFF,0xFF,0xFF,0xFF,0xFF,0xFF,
  0xFF,0xFF,0xFF,0xFF,0xFF,0xFF,0xFF,0xFF,0xFF,0xFF,0xFF,0xFF,0xFF,0xFF,0xFF,0xFF,0xFF,0xFF,0xFF,0xFF,0xFF,0xFF,0xFF,0xFF,
  0xFF,0xFF,0xFF,0xFF,0xFF,0xFF,0xFF,0xFF,0xFF,0xFF,0x7E,0xBE,0x18,0x02,0x36,0x01,0x9C,0x9D,0xFF,0xFF,0xFF,0xFF,0xFF,0xFF,
  0xFF,0xFF,0xFF,0xFF,0xFF,0xFF,0xFF,0xFF,0xFF,0xFF,0x5E,0xE7,0xDC,0xDE,0x38,0x9D,0xAD,0x00,0xEE,0x00,0x9D,0x2C,0x5F,0x35,
  0x9E,0x0B,0x3F,0x03,0x39,0x02,0x95,0x01,0xB7,0x01,0xD7,0x01,0xEF,0x00,0x2B,0x00,0x1B,0xBE,0xFF,0xFF,0xFF,0xFF,0xFF,0xFF,
  0xFF,0xFF,0xFF,0xFF,0xFF,0xFF,0xFF,0xFF,0xFF,0xFF,0xDF,0xFF,0xFF,0xFF,0x10,0xDC,0x00,0xB8,0x61,0xC0,0x20,0xC0,0x41,0xC8,
  0x24,0xF9,0x24,0xF9,0x24,0xF9,0x04,0xF9,0x04,0xF9,0x24,0xF9,0xE3,0xE0,0x00,0xB8,0x0C,0xDB,0xFF,0xFF,0xDF,0xFF,0xFF,0xFF,
  0xFF,0xFF,0xFF,0xFF,0xFF,0xFF,0xFF,0xFF,0xFF,0xFF,0xFF,0xFF,0xFF,0xFF,0xFF,0xFF,0x49,0xD2,0x00,0xB8,0x24,0xE9,0x65,0xF9,
  0x25,0xF9,0x04,0xF9,0x24,0xF9,0x24,0xF9,0x04,0xF1,0x41,0xC0,0x21,0xC0,0x61,0xC0,0x00,0xC0,0x30,0xE4,0xFF,0xFF,0xDF,0xFF,
  0xFF,0xFF,0xFF,0xFF,0xFF,0xFF,0xFF,0xFF,0xFF,0xFF,0xFF,0xFF,0xFF,0xFF,0xFF,0xFF,0xF5,0x73,0x0A,0x00,0x52,0x01,0xD8,0x01,
  0xB6,0x01,0x76,0x01,0x9B,0x02,0x3F,0x03,0xBC,0x02,0xBD,0x02,0x59,0x02,0xCE,0x00,0x8F,0x11,0x7E,0xEF,0xFF,0xFF,0xFF,0xFF,
  0xFF,0xFF,0xFF,0xFF,0xFF,0xFF,0xFF,0xFF,0xFF,0xFF,0xFF,0xFF,0xFF,0xFF,0xFF,0xFF,0xFF,0xFF,0x69,0xFA,0x00,0xF0,0xAE,0xFB,
  0xFF,0xFF,0xFF,0xFF,0xFF,0xFF,0xFF,0xFF,0xFF,0xFF,0xFF,0xFF,0xFF,0xFF,0xFF,0xFF,0xFF,0xFF,0xFF,0xFF,0xFF,0xFF,0xFF,0xFF,
  0xFF,0xFF,0xFF,0xFF,0xFF,0xFF,0xFF,0xFF,0xFF,0xFF,0xFF,0xFF,0xFF,0xFF,0xFF,0xFF,0xFF,0xFF,0xFF,0xFF,0xFF,0xFF,0xFF,0xFF,
  0xFF,0xFF,0xFF,0xFF,0xFF,0xFF,0xFF,0xFF,0xFF,0xFF,0xBF,0xF7,0x1F,0xD7,0xFB,0x84,0x9D,0xC6,0xFF,0xFF,0xDF,0xFF,0xFF,0xFF,
  0xFF,0xFF,0xFF,0xFF,0xFF,0xFF,0xFF,0xFF,0xFF,0xFF,0xFF,0xFF,0xFF,0xFF,0xFA,0xB5,0xAC,0x00,0x0E,0x01,0x3A,0x13,0xDD,0x1B,
  0x5F,0x03,0x3F,0x03,0x9B,0x02,0x59,0x02,0xF7,0x01,0xB6,0x01,0x73,0x01,0x32,0x01,0xF6,0x63,0xD7,0x94,0x9C,0xCE,0xFF,0xFF,
  0xFF,0xFF,0xFF,0xFF,0xFF,0xFF,0xFF,0xFF,0xFF,0xFF,0xDF,0xFF,0xFF,0xFF,0x10,0xE4,0x00,0xB8,0x82,0xC0,0x82,0xD8,0xA3,0xE0,
  0x24,0xF9,0x24,0xF9,0x24,0xF9,0x04,0xF9,0x04,0xF9,0x24,0xF9,0x03,0xE9,0x00,0xB8,0x0C,0xD3,0xFF,0xFF,0xDF,0xFF,0xFF,0xFF,
  0xFF,0xFF,0xFF,0xFF,0xFF,0xFF,0xFF,0xFF,0xFF,0xFF,0xFF,0xFF,0xFF,0xFF,0xFF,0xFF,0x29,0xD2,0x00,0xB8,0x04,0xE9,0x45,0xF9,
  0x25,0xF9,0x04,0xF9,0x24,0xF9,0x04,0xF9,0x04,0xF9,0xA2,0xE0,0x82,0xE0,0x82,0xC8,0x00,0xB0,0x10,0xE4,0xFF,0xFF,0xDF,0xFF,
  0xFF,0xFF,0xFF,0xFF,0xFF,0xFF,0xFF,0xFF,0xFF,0xFF,0xFF,0xFF,0xFA,0xB5,0xB7,0x8C,0xD5,0x3A,0x32,0x01,0xB5,0x01,0xB7,0x01,
  0x18,0x02,0x5B,0x02,0xDD,0x02,0x1E,0x03,0x9B,0x02,0x39,0x02,0xF6,0x01,0xAC,0x00,0x4D,0x11,0x1D,0xE7,0xFF,0xFF,0xFF,0xFF,
  0xFF,0xFF,0xFF,0xFF,0xFF,0xFF,0xFF,0xFF,0xFF,0xFF,0xFF,0xFF,0xFF,0xFF,0xFF,0xFF,0xFF,0xFF,0x14,0xFD,0xCF,0xFB,0x96,0xFD,
  0xFF,0xFF,0xDF,0xFF,0xFF,0xFF,0xFF,0xFF,0xFF,0xFF,0xFF,0xFF,0xFF,0xFF,0xFF,0xFF,0xFF,0xFF,0xFF,0xFF,0xFF,0xFF,0xFF,0xFF,
  0xFF,0xFF,0xFF,0xFF,0xFF,0xFF,0xFF,0xFF,0xFF,0xFF,0xFF,0xFF,0xFF,0xFF,0xFF,0xFF,0xFF,0xFF,0xFF,0xFF,0xFF,0xFF,0xFF,0xFF,
  0xFF,0xFF,0xFF,0xFF,0xFF,0xFF,0xFF,0xFF,0xFF,0xFF,0xFF,0xFF,0xFF,0xFF,0xFF,0xFF,0xFF,0xFF,0xFF,0xFF,0xFF,0xFF,0xFF,0xFF,
  0xFF,0xFF,0xFF,0xFF,0xFF,0xFF,0xFF,0xFF,0xFF,0xFF,0xDF,0xFF,0xFF,0xFF,0xBA,0xB5,0x8D,0x00,0xEF,0x00,0xB8,0x01,0xD9,0x01,
  0xDD,0x02,0x1E,0x03,0x1E,0x03,0x3E,0x03,0x18,0x02,0x96,0x01,0xD7,0x01,0xF8,0x01,0x12,0x01,0x2C,0x00,0xF7,0x94,0xFF,0xFF,
  0xFF,0xFF,0xFF,0xFF,0xFF,0xFF,0xFF,0xFF,0xFF,0xFF,0xFF,0xFF,0xFF,0xFF,0x10,0xE4,0x00,0xB8,0xA2,0xD0,0x04,0xF9,0x04,0xF9,
  0x24,0xF9,0x24,0xF9,0x04,0xF9,0x24,0xF9,0x24,0xF9,0x24,0xF9,0x03,0xE9,0x00,0xB8,0x0C,0xD3,0xFF,0xFF,0xDF,0xFF,0xFF,0xFF,
  0xFF,0xFF,0xFF,0xFF,0xFF,0xFF,0xFF,0xFF,0xFF,0xFF,0xFF,0xFF,0xFF,0xFF,0xFF,0xFF,0x29,0xD2,0x00,0xB8,0x04,0xE9,0x24,0xF9,
  0x04,0xF9,0x24,0xF9,0x24,0xF9,0x24,0xF9,0x24,0xF9,0x24,0xF9,0x24,0xF9,0xA2,0xD0,0x00,0xB8,0x71,0xE4,0xFF,0xFF,0xFF,0xFF,
  0xFF,0xFF,0xFF,0xFF,0xFF,0xFF,0xFF,0xFF,0xDF,0xFF,0xFF,0xFF,0x54,0x5B,0x0B,0x00,0x73,0x01,0xD7,0x01,0xB6,0x01,0x75,0x01,
  0x7A,0x02,0x3E,0x03,0xFD,0x02,0x3F,0x03,0x9C,0x02,0xD8,0x01,0xB6,0x01,0xEE,0x00,0x8F,0x19,0x3D,0xE7,0xFF,0xFF,0xFF,0xFF,
  0xFF,0xFF,0xFF,0xFF,0xFF,0xFF,0xFF,0xFF,0xFF,0xFF,0xFF,0xFF,0xFF,0xFF,0xFF,0xFF,0xFF,0xFF,0xFF,0xFF,0xFF,0xFF,0xFF,0xFF,
  0xFF,0xFF,0xFF,0xFF,0xFF,0xFF,0xFF,0xFF,0xFF,0xFF,0xFF,0xFF,0xFF,0xFF,0xFF,0xFF,0xFF,0xFF,0xFF,0xFF,0xFF,0xFF,0xFF,0xFF,
  0xFF,0xFF,0xFF,0xFF,0xFF,0xFF,0xFF,0xFF,0xFF,0xFF,0xFF,0xFF,0xFF,0xFF,0xFF,0xFF,0xFF,0xFF,0xFF,0xFF,0xFF,0xFF,0xFF,0xFF,
  0xFF,0xFF,0xFF,0xFF,0xFF,0xFF,0xFF,0xFF,0xFF,0xFF,0xFF,0xFF,0xFF,0xFF,0xDF,0xFF,0xFF,0xFF,0xFF,0xFF,0xFF,0xFF,0xFF,0xFF,
  0xFF,0xFF,0xFF,0xFF,0xFF,0xFF,0xFF,0xFF,0xFF,0xFF,0xFF,0xFF,0xFF,0xFF,0xFB,0xBD,0x2E,0x11,0x6F,0x11,0x94,0x01,0xB5,0x01,
  0xBB,0x02,0xFD,0x02,0x1E,0x03,0x3F,0x03,0x7B,0x02,0xF8,0x01,0xD7,0x01,0xB6,0x01,0x72,0x01,0xCE,0x00,0x36,0x7C,0xBC,0xD6,
  0x5E,0xEF,0xFF,0xFF,0xFF,0xFF,0xDF,0xFF,0xFF,0xFF,0xEF,0xE3,0xC7,0xD1,0x04,0xC9,0x21,0xB8,0x82,0xC8,0x04,0xF9,0x04,0xF1,
  0x04,0xF9,0x24,0xF9,0x24,0xF9,0x24,0xF9,0x24,0xF9,0x24,0xF9,0x04,0xE1,0x00,0xB8,0x0C,0xDB,0xFF,0xFF,0xDF,0xFF,0xFF,0xFF,
  0xFF,0xFF,0xFF,0xFF,0xFF,0xFF,0xFF,0xFF,0xFF,0xFF,0xFF,0xFF,0xFF,0xFF,0xFF,0xFF,0x29,0xD2,0x00,0xB8,0x04,0xE9,0x24,0xF9,
  0x04,0xF9,0x24,0xF9,0x24,0xF9,0x24,0xF9,0x24,0xF9,0x24,0xF9,0x04,0xF9,0x82,0xD0,0x21,0xC0,0x85,0xD1,0x28,0xDA,0x30,0xE4,
  0xFF,0xFF,0xDF,0xFF,0xFF,0xFF,0xFF,0xFF,0xFF,0xFF,0xFF,0xFF,0x13,0x53,0xCE,0x00,0xB5,0x01,0xD8,0x01,0xF8,0x01,0xF7,0x01,
  0x9A,0x02,0xFE,0x02,0xDD,0x02,0xFE,0x02,0x59,0x02,0x95,0x01,0x94,0x01,0x8E,0x00,0x0E,0x01,0x3D,0xE7,0xFF,0xFF,0xFF,0xFF,
  0xFF,0xFF,0xFF,0xFF,0xFF,0xFF,0xFF,0xFF,0xFF,0xFF,0xFF,0xFF,0xFF,0xFF,0xFF,0xFF,0xFF,0xFF,0xDF,0xFF,0xDF,0xFF,0xDF,0xFF,
  0xFF,0xFF,0xFF,0xFF,0xFF,0xFF,0xFF,0xFF,0xFF,0xFF,0xFF,0xFF,0xFF,0xFF,0xFF,0xFF,0xFF,0xFF,0xFF,0xFF,0xFF,0xFF,0xFF,0xFF,
  0xFF,0xFF,0xFF,0xFF,0xFF,0xFF,0xFF,0xFF,0xFF,0xFF,0xFF,0xFF,0xFF,0xFF,0xFF,0xFF,0xFF,0xFF,0xFF,0xFF,0xFF,0xFF,0xFF,0xFF,
  0xFF,0xFF,0xFF,0xFF,0xFF,0xFF,0xFF,0xFF,0xFF,0xFF,0xFF,0xFF,0xFF,0xFF,0xFF,0xFF,0xFF,0xFF,0xFF,0xFF,0xFF,0xFF,0xFF,0xFF,
  0xFF,0xFF,0xFF,0xFF,0xFF,0xFF,0xFF,0xFF,0xFF,0xFF,0xFF,0xFF,0xFF,0xFF,0xBF,0xF7,0x7E,0xEF,0xBC,0xD6,0x4E,0x11,0xEE,0x00,
  0xF7,0x01,0x3A,0x02,0x1E,0x03,0x3F,0x03,0x1E,0x03,0x3E,0x03,0xF7,0x01,0x95,0x01,0xB6,0x01,0xB6,0x01,0x52,0x01,0x8C,0x00,
  0x79,0xA5,0xFF,0xFF,0xFF,0xFF,0xDF,0xFF,0xFF,0xFF,0x6A,0xD2,0x00,0xC0,0x41,0xC8,0x41,0xC0,0x82,0xD0,0x04,0xF9,0x04,0xF9,
  0x24,0xF9,0x24,0xF9,0x24,0xF9,0x24,0xF9,0x04,0xF9,0x24,0xF9,0xE4,0xE0,0x00,0xB8,0x0C,0xDB,0xFF,0xFF,0xDF,0xFF,0xFF,0xFF,
  0xFF,0xFF,0xFF,0xFF,0xFF,0xFF,0xFF,0xFF,0xFF,0xFF,0xFF,0xFF,0xFF,0xFF,0xFF,0xFF,0x29,0xD2,0x00,0xB8,0xE3,0xE8,0x24,0xF9,
  0x04,0xF9,0x24,0xF9,0x24,0xF9,0x24,0xF9,0x24,0xF9,0x24,0xF9,0x04,0xF9,0x82,0xD0,0x41,0xC8,0x41,0xC8,0x00,0xC0,0xCB,0xDA,
  0xFF,0xFF,0xDF,0xFF,0xFF,0xFF,0xDF,0xFF,0xFD,0xDE,0x79,0xA5,0x0F,0x01,0x10,0x01,0xB5,0x01,0xD8,0x01,0x9C,0x02,0x3F,0x03,
  0xFD,0x02,0x1E,0x03,0x7A,0x02,0xF8,0x01,0x74,0x01,0xCD,0x00,0x8F,0x19,0xD7,0x8C,0x38,0x9D,0xBF,0xF7,0xFF,0xFF,0xFF,0xFF,
  0xFF,0xFF,0xFF,0xFF,0xFF,0xFF,0xFF,0xFF,0xFF,0xFF,0xFF,0xFF,0xFF,0xFF,0xFF,0xFF,0xFF,0xFF,0xFF,0xFF,0xFF,0xFF,0xFF,0xFF,
  0xFF,0xFF,0xFF,0xFF,0xFF,0xFF,0xFF,0xFF,0xFF,0xFF,0xFF,0xFF,0xFF,0xFF,0xFF,0xFF,0xFF,0xFF,0xFF,0xFF,0xFF,0xFF,0xFF,0xFF,
  0xFF,0xFF,0xFF,0xFF,0xFF,0xFF,0xFF,0xFF,0xFF,0xFF,0xFF,0xFF,0xFF,0xFF,0xFF,0xFF,0xFF,0xFF,0xFF,0xFF,0xFF,0xFF,0xFF,0xFF,
  0xFF,0xFF,0xFF,0xFF,0xFF,0xFF,0xFF,0xFF,0xFF,0xFF,0xFF,0xFF,0xFF,0xFF,0xFF,0xFF,0xFF,0xFF,0xFF,0xFF,0xFF,0xFF,0xFF,0xFF,
  0xFF,0xFF,0xFF,0xFF,0xFF,0xFF,0xFF,0xFF,0xFF,0xFF,0xFF,0xFF,0xFF,0xFF,0xFF,0xFF,0xFF,0xFF,0x5E,0xEF,0x0F,0x01,0xAE,0x00,
  0xF8,0x01,0x3A,0x02,0xFE,0x02,0x1E,0x03,0xFD,0x02,0x1D,0x03,0xF7,0x01,0x95,0x01,0xB7,0x01,0xD7,0x01,0x73,0x01,0x8D,0x00,
  0x39,0x9D,0xFF,0xFF,0xBF,0xFF,0xDF,0xFF,0xFF,0xFF,0xAB,0xD2,0x00,0xB8,0x82,0xC8,0x41,0xC8,0x82,0xD8,0x04,0xF9,0x04,0xF9,
  0x24,0xF9,0x24,0xF9,0x24,0xF9,0x24,0xF9,0x04,0xF9,0x24,0xF9,0xE3,0xE0,0x00,0xB8,0x0C,0xDB,0xFF,0xFF,0xDF,0xFF,0xFF,0xFF,
  0xFF,0xFF,0xFF,0xFF,0xFF,0xFF,0xFF,0xFF,0xFF,0xFF,0xFF,0xFF,0xFF,0xFF,0xFF,0xFF,0x29,0xD2,0x00,0xB8,0xE4,0xE8,0x24,0xF9,
  0x04,0xF9,0x24,0xF9,0x24,0xF9,0x24,0xF9,0x24,0xF9,0x24,0xF9,0x24,0xF9,0x82,0xD8,0x41,0xC8,0x62,0xC0,0x00,0xB8,0x0C,0xD3,
  0xFF,0xFF,0xDF,0xFF,0xFF,0xFF,0xDF,0xFF,0x10,0x32,0x8B,0x00,0x0F,0x01,0xEE,0x00,0x94,0x01,0xD7,0x01,0x9B,0x02,0x3F,0x03,
  0x1E,0x03,0x1E,0x03,0x5A,0x02,0xD7,0x01,0x52,0x01,0x2B,0x00,0xF0,0x29,0xFF,0xFF,0xFF,0xFF,0xFF,0xFF,0xFF,0xFF,0xFF,0xFF,
  0xFF,0xFF,0xFF,0xFF,0xFF,0xFF,0xFF,0xFF,0xFF,0xFF,0xFF,0xFF,0xFF,0xFF,0xFF,0xFF,0xFF,0xFF,0xFF,0xFF,0xFF,0xFF,0xFF,0xFF,
  0xFF,0xFF,0xFF,0xFF,0xFF,0xFF,0xFF,0xFF,0xFF,0xFF,0xFF,0xFF,0xFF,0xFF,0xFF,0xFF,0xFF,0xFF,0xFF,0xFF,0xFF,0xFF,0xFF,0xFF,
  0xFF,0xFF,0xFF,0xFF,0xFF,0xFF,0xFF,0xFF,0xFF,0xFF,0xFF,0xFF,0xFF,0xFF,0xFF,0xFF,0xFF,0xFF,0xFF,0xFF,0xFF,0xFF,0xFF,0xFF,
  0xFF,0xFF,0xFF,0xFF,0xFF,0xFF,0xFF,0xFF,0xFF,0xFF,0xFF,0xFF,0xFF,0xFF,0xFF,0xFF,0xFF,0xFF,0xFF,0xFF,0xFF,0xFF,0xFF,0xFF,
  0xFF,0xFF,0xFF,0xFF,0xFF,0xFF,0xFF,0xFF,0x7F,0xE7,0x9F,0xEF,0xFF,0xFF,0xFF,0xFF,0xFF,0xFF,0x5E,0xEF,0xD2,0x4A,0x71,0x3A,
  0x71,0x09,0x51,0x01,0xD6,0x01,0xF7,0x01,0xDC,0x02,0x1E,0x03,0xDC,0x02,0xDC,0x02,0x39,0x02,0x19,0x02,0xD7,0x01,0x74,0x01,
  0xD2,0x19,0x10,0x2A,0x11,0x32,0xDC,0xDE,0xFF,0xFF,0x8A,0xD2,0x00,0xB8,0x62,0xC8,0x41,0xC0,0x82,0xD0,0x04,0xF9,0x04,0xF9,
  0x24,0xF9,0x24,0xF9,0x24,0xF9,0x24,0xF9,0x04,0xF9,0x24,0xF9,0xE3,0xE0,0x00,0xB8,0x2C,0xDB,0xFF,0xFF,0xFF,0xFF,0xFF,0xFF,
  0xFF,0xFF,0xFF,0xFF,0xFF,0xFF,0xFF,0xFF,0xFF,0xFF,0xFF,0xFF,0xFF,0xFF,0xFF,0xFF,0x29,0xD2,0x00,0xB8,0x04,0xE9,0x24,0xF9,
  0x04,0xF9,0x04,0xF9,0x24,0xF9,0x24,0xF9,0x24,0xF9,0x24,0xF9,0x24,0xF9,0x82,0xD8,0x41,0xC8,0x62,0xC0,0x00,0xB0,0xAB,0xCA,
  0xFF,0xFF,0xBC,0xD6,0x31,0x32,0x52,0x32,0x72,0x09,0x11,0x01,0x94,0x01,0x74,0x01,0x59,0x02,0xDC,0x02,0xFD,0x02,0x1E,0x03,
  0x9C,0x02,0x3B,0x02,0xD7,0x01,0x51,0x01,0x90,0x11,0xD1,0x4A,0xF5,0x73,0xDF,0xFF,0xDF,0xFF,0xFF,0xFF,0xFF,0xFF,0xFF,0xFF,
  0xFF,0xFF,0xFF,0xFF,0xFF,0xFF,0xFF,0xFF,0xFF,0xFF,0xFF,0xFF,0xFF,0xFF,0xFF,0xFF,0xFF,0xFF,0xFF,0xFF,0xFF,0xFF,0xFF,0xFF,
  0xFF,0xFF,0xFF,0xFF,0xFF,0xFF,0xFF,0xFF,0xFF,0xFF,0xFF,0xFF,0xFF,0xFF,0xFF,0xFF,0xFF,0xFF,0xFF,0xFF,0xFF,0xFF,0xFF,0xFF,
  0xFF,0xFF,0xFF,0xFF,0xFF,0xFF,0xFF,0xFF,0xFF,0xFF,0xFF,0xFF,0xFF,0xFF,0xFF,0xFF,0xFF,0xFF,0xFF,0xFF,0xFF,0xFF,0xFF,0xFF,
  0xFF,0xFF,0xFF,0xFF,0xFF,0xFF,0xFF,0xFF,0xFF,0xFF,0xFF,0xFF,0xFF,0xFF,0xFF,0xFF,0xFF,0xFF,0xFF,0xFF,0xFF,0xFF,0xFF,0xFF,
  0xFF,0xFF,0xFF,0xFF,0xFF,0xFF,0xBF,0xF7,0xF4,0x09,0xD8,0x5B,0xFF,0xFF,0xFF,0xFF,0xFF,0xFF,0xFF,0xFF,0xFF,0xFF,0x5E,0xEF,
  0xED,0x08,0x6B,0x00,0x94,0x01,0xB6,0x01,0xFD,0x02,0x3F,0x03,0x3E,0x03,0x3F,0x03,0x7B,0x02,0x19,0x02,0xD7,0x01,0x74,0x01,
  0xEF,0x00,0x6B,0x00,0x8D,0x00,0xDC,0xDE,0xFF,0xFF,0xCB,0xDA,0x00,0xB8,0x62,0xC0,0x41,0xC0,0x82,0xD0,0x04,0xF9,0x24,0xF9,
  0x24,0xF9,0x24,0xF9,0x24,0xF9,0x24,0xF9,0x24,0xF9,0x45,0xF9,0xE3,0xE8,0x00,0xB8,0x2C,0xDB,0xFF,0xFF,0xDF,0xFF,0xFF,0xFF,
  0xFF,0xFF,0xFF,0xFF,0xFF,0xFF,0xFF,0xFF,0xFF,0xFF,0xFF,0xFF,0xFF,0xFF,0xFF,0xFF,0x29,0xD2,0x00,0xB8,0x04,0xE9,0x24,0xF9,
  0x04,0xF9,0x04,0xF9,0x04,0xF9,0x24,0xF9,0x44,0xF9,0x45,0xF9,0x45,0xF9,0x82,0xD8,0x41,0xC8,0x62,0xC0,0x00,0xB0,0xCB,0xD2,
  0xFF,0xFF,0xBC,0xD6,0x6C,0x00,0xAD,0x00,0x31,0x01,0x52,0x01,0xB7,0x01,0x97,0x01,0x9C,0x02,0x1E,0x03,0xFD,0x02,0x1E,0x03,
  0x7B,0x02,0xF9,0x01,0x94,0x01,0x6D,0x00,0xF0,0x21,0xFF,0xFF,0xFF,0xFF,0xFF,0xFF,0xFF,0xFF,0xFF,0xFF,0xFF,0xFF,0xFF,0xFF,
  0xFF,0xFF,0xFF,0xFF,0xFF,0xFF,0xFF,0xFF,0xFF,0xFF,0xFF,0xFF,0xFF,0xFF,0xFF,0xFF,0xFF,0xFF,0xFF,0xFF,0xFF,0xFF,0xFF,0xFF,
  0xFF,0xFF,0xFF,0xFF,0xFF,0xFF,0xFF,0xFF,0xFF,0xFF,0xFF,0xFF,0xFF,0xFF,0xFF,0xFF,0xFF,0xFF,0xFF,0xFF,0xFF,0xFF,0xFF,0xFF,
  0xFF,0xFF,0xFF,0xFF,0xFF,0xFF,0xFF,0xFF,0xFF,0xFF,0xFF,0xFF,0xFF,0xFF,0xFF,0xFF,0xFF,0xFF,0xFF,0xFF,0xFF,0xFF,0xFF,0xFF,
  0xFF,0xFF,0xFF,0xFF,0xFF,0xFF,0xFF,0xFF,0xFF,0xFF,0xFF,0xFF,0xFF,0xFF,0xFF,0xFF,0xFF,0xFF,0xFF,0xFF,0xFF,0xFF,0xDF,0xFF,
  0xFF,0xFF,0x7A,0x9D,0x54,0x32,0x95,0x32,0x57,0x4B,0x3C,0xBE,0xFF,0xFF,0xFF,0xFF,0xFF,0xFF,0xFF,0xFF,0xFF,0xFF,0x5E,0xEF,
  0x33,0x5B,0x92,0x42,0x72,0x01,0x93,0x01,0x5B,0x02,0x7C,0x02,0x1E,0x03,0x3F,0x03,0xDD,0x02,0xBC,0x02,0x5A,0x02,0xF8,0x01,
  0xB5,0x01,0x73,0x01,0x73,0x01,0xD3,0x42,0x54,0x53,0x27,0x99,0x20,0xC8,0x42,0xC0,0x42,0xC0,0x62,0xC8,0x82,0xD8,0xC3,0xE0,
  0x24,0xF9,0x24,0xF9,0x24,0xF9,0x45,0xF9,0xE3,0xE8,0xA2,0xE0,0xA2,0xD0,0x00,0xC0,0x2C,0xDB,0xFF,0xFF,0xDF,0xFF,0xFF,0xFF,
  0xFF,0xFF,0xFF,0xFF,0xFF,0xFF,0xFF,0xFF,0xFF,0xFF,0xFF,0xFF,0xFF,0xFF,0xFF,0xFF,0x29,0xD2,0x00,0xB8,0xA2,0xD0,0x83,0xE0,
  0xC3,0xE8,0x24,0xF9,0x04,0xF9,0x24,0xF9,0x24,0xF9,0xC3,0xE0,0xA3,0xD8,0x62,0xD0,0x41,0xC8,0x41,0xC8,0x00,0xD0,0x47,0xA1,
  0x54,0x53,0xD2,0x4A,0x52,0x01,0x73,0x01,0x94,0x01,0x94,0x01,0x7A,0x02,0x9C,0x02,0xFE,0x02,0x3F,0x03,0x9C,0x02,0x5B,0x02,
  0xD6,0x01,0x31,0x01,0x50,0x09,0xF2,0x4A,0x35,0x74,0xDF,0xFF,0xFF,0xFF,0xFF,0xFF,0xFF,0xFF,0xFF,0xFF,0xFF,0xFF,0xFF,0xFF,
  0xFF,0xFF,0x9F,0xF7,0x7E,0xEF,0xBF,0xF7,0xFF,0xFF,0xFF,0xFF,0xFF,0xFF,0xFF,0xFF,0xFF,0xFF,0xFF,0xFF,0xFF,0xFF,0xFF,0xFF,
  0xFF,0xFF,0xFF,0xFF,0xFF,0xFF,0xFF,0xFF,0xFF,0xFF,0xFF,0xFF,0xFF,0xFF,0xFF,0xFF,0xFF,0xFF,0xFF,0xFF,0xFF,0xFF,0xFF,0xFF,
  0xFF,0xFF,0xFF,0xFF,0xFF,0xFF,0xFF,0xFF,0xFF,0xFF,0xFF,0xFF,0xFF,0xFF,0xFF,0xFF,0xFF,0xFF,0xFF,0xFF,0xFF,0xFF,0xFF,0xFF,
  0xFF,0xFF,0xFF,0xFF,0xFF,0xFF,0xFF,0xFF,0xFF,0xFF,0xFF,0xFF,0xFF,0xFF,0xFF,0xFF,0xFF,0xFF,0xFF,0xFF,0xFF,0xFF,0xFF,0xFF,
  0xFF,0xFF,0xD9,0x84,0xD2,0x00,0xD2,0x00,0x3A,0x95,0xFF,0xFF,0xDF,0xFF,0xFF,0xFF,0xFF,0xFF,0xFF,0xFF,0xFF,0xFF,0xFF,0xFF,
  0xFF,0xFF,0xFD,0xDE,0xAC,0x00,0xAE,0x00,0xF9,0x01,0xFA,0x01,0x1E,0x03,0x3E,0x03,0x1E,0x03,0x3E,0x03,0xDD,0x02,0x7C,0x02,
  0x1A,0x02,0xB7,0x01,0xB6,0x01,0xAE,0x00,0x6D,0x00,0xAB,0x20,0xEC,0x28,0x86,0x88,0x20,0xE0,0x41,0xC8,0x41,0xC0,0x82,0xC8,
  0x24,0xF9,0x25,0xF9,0x45,0xF9,0x65,0xF9,0xC3,0xE0,0x41,0xC8,0x82,0xC8,0x00,0xC0,0x2C,0xDB,0xFF,0xFF,0xDF,0xFF,0xFF,0xFF,
  0xFF,0xFF,0xFF,0xFF,0xFF,0xFF,0xFF,0xFF,0xFF,0xFF,0xFF,0xFF,0xFF,0xFF,0xFF,0xFF,0x29,0xD2,0x00,0xB8,0x62,0xC8,0x42,0xC8,
  0xA3,0xE0,0x45,0xF9,0x44,0xF9,0x44,0xF9,0x24,0xF9,0x62,0xC8,0x41,0xC0,0x62,0xC0,0x61,0xD0,0x86,0x80,0xCA,0x40,0xAA,0x28,
  0x6C,0x00,0x8D,0x00,0x95,0x01,0x95,0x01,0xD8,0x01,0xD8,0x01,0xFD,0x02,0x3E,0x03,0x1E,0x03,0x3F,0x03,0x9D,0x02,0x3C,0x02,
  0x75,0x01,0x4C,0x00,0xCC,0x00,0x5E,0xEF,0xFF,0xFF,0xFF,0xFF,0xFF,0xFF,0xFF,0xFF,0xFF,0xFF,0xFF,0xFF,0xFF,0xFF,0xDF,0xFF,
  0xBF,0xF7,0x18,0x3B,0xB5,0x11,0xDA,0x84,0xFF,0xFF,0xDF,0xF7,0xFF,0xFF,0xFF,0xFF,0xFF,0xFF,0xFF,0xFF,0xFF,0xFF,0xFF,0xFF,
  0xFF,0xFF,0xFF,0xFF,0xFF,0xFF,0xFF,0xFF,0xFF,0xFF,0xFF,0xFF,0xFF,0xFF,0xFF,0xFF,0xFF,0xFF,0xFF,0xFF,0xFF,0xFF,0xFF,0xFF,
  0xFF,0xFF,0xFF,0xFF,0xFF,0xFF,0xFF,0xFF,0xFF,0xFF,0xFF,0xFF,0xFF,0xFF,0xFF,0xFF,0xFF,0xFF,0xFF,0xFF,0xFF,0xFF,0xFF,0xFF,
  0xFF,0xFF,0xFF,0xFF,0xFF,0xFF,0xFF,0xFF,0xFF,0xFF,0xFF,0xFF,0xFF,0xFF,0xFF,0xFF,0xFF,0xFF,0xFF,0xFF,0xFF,0xFF,0x9E,0xEF,
  0xDF,0xF7,0xB9,0x84,0x52,0x09,0x52,0x01,0x1A,0x95,0xFF,0xFF,0xDF,0xFF,0xFF,0xFF,0xFF,0xFF,0xFF,0xFF,0xFF,0xFF,0xFF,0xFF,
  0xFF,0xFF,0x1D,0xDF,0xB4,0x63,0x14,0x4B,0x94,0x01,0x94,0x01,0x59,0x02,0x7A,0x02,0xDD,0x02,0x1E,0x03,0xFE,0x02,0xBD,0x02,
  0x7C,0x02,0x39,0x02,0x17,0x02,0x52,0x01,0x73,0x01,0x31,0x01,0x10,0x01,0xCA,0x38,0x86,0x78,0x85,0x88,0x41,0xE0,0x61,0xD8,
  0xC3,0xE8,0xC3,0xE0,0xC3,0xE0,0xC3,0xE0,0x82,0xD0,0x61,0xC8,0x82,0xC8,0x00,0xC0,0x2C,0xDB,0xFF,0xFF,0xDF,0xFF,0xFF,0xFF,
  0xFF,0xFF,0xFF,0xFF,0xFF,0xFF,0xFF,0xFF,0xFF,0xFF,0xFF,0xFF,0xFF,0xFF,0xFF,0xFF,0x29,0xD2,0x00,0xB8,0x62,0xC8,0x41,0xC8,
  0x82,0xD8,0xE3,0xE8,0xE3,0xE0,0xC3,0xE0,0xC3,0xE0,0x40,0xD8,0x40,0xD8,0x61,0xD0,0x40,0xE0,0xA7,0x60,0x0F,0x01,0x31,0x01,
  0x73,0x01,0x73,0x01,0xF7,0x01,0x18,0x02,0x7B,0x02,0x7C,0x02,0xFE,0x02,0x1E,0x03,0xBB,0x02,0x9B,0x02,0x18,0x02,0xB6,0x01,
  0xD4,0x11,0x13,0x53,0x74,0x5B,0x3E,0xE7,0xFF,0xFF,0xFF,0xFF,0xFF,0xFF,0xFF,0xFF,0xFF,0xFF,0xFF,0xFF,0xFF,0xFF,0xFF,0xFF,
  0xFF,0xFF,0x75,0x2A,0xD3,0x00,0xDA,0x84,0xFF,0xFF,0xFF,0xFF,0xFF,0xFF,0xFF,0xFF,0xFF,0xFF,0xFF,0xFF,0xFF,0xFF,0xFF,0xFF,
  0xFF,0xFF,0xFF,0xFF,0xFF,0xFF,0xFF,0xFF,0xFF,0xFF,0xFF,0xFF,0xFF,0xFF,0xFF,0xFF,0xFF,0xFF,0xFF,0xFF,0xFF,0xFF,0xFF,0xFF,
  0xFF,0xFF,0xFF,0xFF,0xFF,0xFF,0xFF,0xFF,0xFF,0xFF,0xFF,0xFF,0xFF,0xFF,0xFF,0xFF,0xFF,0xFF,0xFF,0xFF,0xFF,0xFF,0xFF,0xFF,
  0xFF,0xFF,0xFF,0xFF,0xFF,0xFF,0xFF,0xFF,0xFF,0xFF,0xFF,0xFF,0xFF,0xFF,0xFF,0xFF,0xFF,0xFF,0xFF,0xFF,0x3C,0xBE,0x35,0x1A,
  0x15,0x22,0x79,0x7C,0x1E,0xDF,0xDD,0xD6,0x9F,0xF7,0xFF,0xFF,0xFF,0xFF,0xFF,0xFF,0xFF,0xFF,0xFF,0xFF,0xFF,0xFF,0xFF,0xFF,
  0xFF,0xFF,0xFF,0xFF,0xFF,0xFF,0x7B,0xCE,0x6A,0x00,0xAC,0x00,0x95,0x01,0xB7,0x01,0xFE,0x02,0x5F,0x03,0x1E,0x03,0x1E,0x03,
  0x1E,0x03,0x3E,0x03,0xFD,0x02,0xF8,0x01,0xD8,0x01,0x52,0x01,0x31,0x01,0x0F,0x01,0x10,0x01,0xED,0x20,0x65,0x90,0x65,0x88,
  0x21,0xC8,0x41,0xC0,0x41,0xC0,0x41,0xB8,0x41,0xC0,0x61,0xC0,0x82,0xC0,0x00,0xC8,0x4D,0xDB,0xFF,0xFF,0xDF,0xFF,0xFF,0xFF,
  0xFF,0xFF,0xFF,0xFF,0xFF,0xFF,0xFF,0xFF,0xFF,0xFF,0xFF,0xFF,0xFF,0xFF,0xFF,0xFF,0x29,0xD2,0x00,0xC0,0x61,0xC8,0x41,0xC8,
  0x41,0xC0,0x41,0xC0,0x41,0xB8,0x41,0xC0,0x41,0xC0,0x87,0x78,0xA9,0x68,0xA8,0x60,0x87,0x68,0xCB,0x30,0xCE,0x00,0x32,0x01,
  0xD8,0x01,0x19,0x02,0x1F,0x03,0x1E,0x03,0x3E,0x03,0x3E,0x03,0x1E,0x03,0x3F,0x03,0x7B,0x02,0xF9,0x01,0x51,0x01,0x2A,0x00,
  0x30,0x2A,0xFF,0xFF,0xFF,0xFF,0xFF,0xFF,0xFF,0xFF,0xFF,0xFF,0xFF,0xFF,0xFF,0xFF,0xFF,0xFF,0xFF,0xFF,0x1E,0xDF,0x7A,0x74,
  0x9A,0x7C,0xBA,0x12,0x1A,0x02,0x7A,0x3B,0x79,0x7C,0x1A,0x8D,0xFF,0xFF,0xFF,0xFF,0xFF,0xFF,0xFF,0xFF,0xFF,0xFF,0xFF,0xFF,
  0xFF,0xFF,0xFF,0xFF,0xFF,0xFF,0xFF,0xFF,0xFF,0xFF,0xFF,0xFF,0xFF,0xFF,0xFF,0xFF,0xFF,0xFF,0xFF,0xFF,0xFF,0xFF,0xFF,0xFF,
  0xFF,0xFF,0xFF,0xFF,0xFF,0xFF,0xFF,0xFF,0xFF,0xFF,0xFF,0xFF,0xFF,0xFF,0xFF,0xFF,0xFF,0xFF,0xFF,0xFF,0xFF,0xFF,0xFF,0xFF,
  0xFF,0xFF,0xFF,0xFF,0xFF,0xFF,0xFF,0xFF,0xFF,0xFF,0xFF,0xFF,0xFF,0xFF,0xFF,0xFF,0xFF,0xFF,0xFF,0xFF,0xDB,0xAD,0xF2,0x00,
  0xB2,0x00,0x79,0x74,0xFF,0xFF,0xFF,0xFF,0xFF,0xFF,0xFF,0xFF,0xFF,0xFF,0xFF,0xFF,0xFF,0xFF,0xFF,0xFF,0xFF,0xFF,0xFF,0xFF,
  0xFF,0xFF,0xFF,0xFF,0xFF,0xFF,0x5B,0xC6,0xEF,0x31,0xF0,0x29,0xB5,0x01,0xB6,0x01,0x9B,0x02,0xDC,0x02,0xDC,0x02,0xFD,0x02,
  0xFE,0x02,0x1E,0x03,0xFE,0x02,0x19,0x02,0xF8,0x01,0x93,0x01,0x93,0x01,0x52,0x01,0x11,0x01,0x10,0x01,0x0F,0x01,0xEC,0x10,
  0x83,0x98,0x84,0xA0,0x61,0xC8,0x40,0xD0,0x40,0xD0,0x40,0xD0,0x61,0xC8,0x00,0xB8,0x0C,0xD3,0xFF,0xFF,0xDF,0xFF,0xFF,0xFF,
  0xFF,0xFF,0xFF,0xFF,0xFF,0xFF,0xFF,0xFF,0xFF,0xFF,0xFF,0xFF,0xDF,0xFF,0xFF,0xFF,0x08,0xE2,0x00,0xD0,0x40,0xD8,0x40,0xD8,
  0x41,0xD8,0x41,0xD8,0x42,0xC0,0x84,0x90,0x83,0x98,0x0E,0x11,0x52,0x01,0x31,0x01,0x30,0x01,0x30,0x01,0x50,0x01,0x93,0x01,
  0xF7,0x01,0x59,0x02,0x1F,0x03,0xFE,0x02,0xDD,0x02,0xDD,0x02,0xBC,0x02,0xDC,0x02,0x59,0x02,0xD7,0x01,0xB2,0x09,0xCF,0x29,
  0x33,0x53,0xFF,0xFF,0xFF,0xFF,0xFF,0xFF,0xFF,0xFF,0xFF,0xFF,0xFF,0xFF,0xFF,0xFF,0xDF,0xFF,0xFF,0xFF,0xFC,0xB5,0xD3,0x00,
  0x14,0x01,0x7C,0x02,0xFE,0x02,0xF8,0x01,0xB3,0x00,0x57,0x1A,0xFF,0xFF,0xFF,0xFF,0xFF,0xFF,0xFF,0xFF,0xFF,0xFF,0xFF,0xFF,
  0xFF,0xFF,0xFF,0xFF,0xFF,0xFF,0xFF,0xFF,0xFF,0xFF,0xFF,0xFF,0xFF,0xFF,0xFF,0xFF,0xFF,0xFF,0xFF,0xFF,0xFF,0xFF,0xFF,0xFF,
  0xFF,0xFF,0xFF,0xFF,0xFF,0xFF,0xFF,0xFF,0xFF,0xFF,0xFF,0xFF,0xFF,0xFF,0xFF,0xFF,0xFF,0xFF,0xFF,0xFF,0xFF,0xFF,0xFF,0xFF,
  0xFF,0xFF,0xFF,0xFF,0xFF,0xFF,0xFF,0xFF,0xFF,0xFF,0xFF,0xFF,0xFF,0xFF,0xFF,0xFF,0xFF,0xFF,0xFF,0xFF,0x3C,0xBE,0x35,0x22,
  0xF4,0x19,0xFA,0x8C,0xFF,0xFF,0xDF,0xFF,0xFF,0xFF,0xFF,0xFF,0xFF,0xFF,0xFF,0xFF,0xFF,0xFF,0xFF,0xFF,0xFF,0xFF,0xFF,0xFF,
  0xFF,0xFF,0xFF,0xFF,0xFF,0xFF,0xFF,0xFF,0xFF,0xFF,0xFD,0xDE,0x0E,0x09,0xEE,0x00,0x74,0x01,0xB6,0x01,0x19,0x02,0x7C,0x02,
  0xDD,0x02,0x1E,0x03,0xFE,0x02,0xFE,0x02,0xFE,0x02,0xFD,0x02,0x1D,0x03,0x39,0x02,0x96,0x01,0xB7,0x01,0xB6,0x01,0x74,0x01,
  0xEE,0x00,0x0E,0x01,0xCB,0x38,0xA8,0x50,0xA9,0x50,0xC9,0x50,0xC8,0x70,0xE6,0x80,0x74,0xAC,0xFF,0xFF,0xFF,0xFF,0xFF,0xFF,
  0xFF,0xFF,0xFF,0xFF,0xFF,0xFF,0xFF,0xFF,0xFF,0xFF,0xFF,0xFF,0xFF,0xFF,0xFF,0xFF,0x8F,0x82,0x47,0x50,0xA8,0x50,0xA8,0x50,
  0xA8,0x58,0x87,0x68,0xA9,0x58,0x0E,0x01,0xEE,0x00,0x73,0x01,0x95,0x01,0x96,0x01,0x74,0x01,0x38,0x02,0x1E,0x03,0x1E,0x03,
  0x1E,0x03,0x1E,0x03,0x1E,0x03,0xFE,0x02,0x3B,0x02,0x3A,0x02,0xB7,0x01,0xB6,0x01,0x51,0x01,0xAD,0x00,0x92,0x3A,0xFF,0xFF,
  0xDF,0xFF,0xFF,0xFF,0xFF,0xFF,0xFF,0xFF,0xFF,0xFF,0xFF,0xFF,0xFF,0xFF,0xFF,0xFF,0xFF,0xFF,0xFF,0xFF,0x7D,0xC6,0x56,0x22,
  0xB7,0x2A,0x9B,0x0A,0x9C,0x02,0x99,0x12,0x56,0x22,0x99,0x4B,0xFF,0xFF,0xFF,0xFF,0xFF,0xFF,0xFF,0xFF,0xFF,0xFF,0xFF,0xFF,
  0xFF,0xFF,0xFF,0xFF,0xFF,0xFF,0xFF,0xFF,0xFF,0xFF,0xFF,0xFF,0xFF,0xFF,0xFF,0xFF,0xFF,0xFF,0xFF,0xFF,0xFF,0xFF,0xFF,0xFF,
  0xFF,0xFF,0xFF,0xFF,0xFF,0xFF,0xFF,0xFF,0xFF,0xFF,0xFF,0xFF,0xFF,0xFF,0xFF,0xFF,0xFF,0xFF,0xFF,0xFF,0xFF,0xFF,0xFF,0xFF,
  0xFF,0xFF,0xFF,0xFF,0xFF,0xFF,0xFF,0xFF,0xFF,0xFF,0xFF,0xFF,0xFF,0xFF,0xFF,0xFF,0xFF,0xFF,0xFF,0xFF,0xDF,0xFF,0xBF,0xF7,
  0xBF,0xF7,0xDF,0xFF,0xFF,0xFF,0xFF,0xFF,0xFF,0xFF,0xFF,0xFF,0xFF,0xFF,0xFF,0xFF,0xFF,0xFF,0xFF,0xFF,0xFF,0xFF,0xFF,0xFF,
  0xFF,0xFF,0xFF,0xFF,0xFF,0xFF,0xFF,0xFF,0xFF,0xFF,0x1D,0xE7,0x4F,0x09,0xEE,0x00,0x95,0x01,0xB6,0x01,0x18,0x02,0x5B,0x02,
  0xBC,0x02,0xFD,0x02,0xDD,0x02,0xFE,0x02,0xFE,0x02,0xFE,0x02,0x1E,0x03,0x39,0x02,0x95,0x01,0xB6,0x01,0x95,0x01,0x73,0x01,
  0xEE,0x00,0xEF,0x00,0xEF,0x00,0xEF,0x00,0xEE,0x00,0x0F,0x01,0xEC,0x28,0xCE,0x8A,0xBD,0xB6,0xDF,0xFF,0xDF,0xF7,0xDF,0xFF,
  0xDF,0xFF,0xDF,0xFF,0xDF,0xFF,0xDF,0xFF,0xDF,0xFF,0xDF,0xFF,0xDF,0xFF,0xFF,0xFF,0xD4,0x3A,0xAE,0x00,0xEE,0x00,0xCE,0x00,
  0xCE,0x00,0xCE,0x00,0xEF,0x00,0xCF,0x00,0xCF,0x00,0x74,0x01,0x95,0x01,0x95,0x01,0x74,0x01,0x39,0x02,0x1E,0x03,0xFE,0x02,
  0x1E,0x03,0x1E,0x03,0xFE,0x02,0xDD,0x02,0x3A,0x02,0x19,0x02,0xD7,0x01,0xD7,0x01,0x31,0x01,0x8B,0x00,0x91,0x3A,0xFF,0xFF,
  0xFF,0xFF,0xFF,0xFF,0xFF,0xFF,0xFF,0xFF,0xFF,0xFF,0xFF,0xFF,0xFF,0xFF,0xFF,0xFF,0xFF,0xFF,0xFF,0xFF,0xFF,0xFF,0xDF,0xF7,
  0xBF,0xF7,0xB7,0x2A,0x35,0x01,0x9A,0x7C,0xDF,0xFF,0xBF,0xF7,0xFF,0xFF,0xFF,0xFF,0xFF,0xFF,0xFF,0xFF,0xFF,0xFF,0xFF,0xFF,
  0xFF,0xFF,0xFF,0xFF,0xFF,0xFF,0xFF,0xFF,0xFF,0xFF,0xFF,0xFF,0xFF,0xFF,0xFF,0xFF,0xFF,0xFF,0xFF,0xFF,0xFF,0xFF,0xFF,0xFF,
  0xFF,0xFF,0xFF,0xFF,0xFF,0xFF,0xFF,0xFF,0xFF,0xFF,0xFF,0xFF,0xFF,0xFF,0xFF,0xFF,0xFF,0xFF,0xFF,0xFF,0xFF,0xFF,0xFF,0xFF,
  0xFF,0xFF,0xFF,0xFF,0xFF,0xFF,0xFF,0xFF,0xFF,0xFF,0xFF,0xFF,0xFF,0xFF,0xFF,0xFF,0xFF,0xFF,0xFF,0xFF,0xFF,0xFF,0xFF,0xFF,
  0xFF,0xFF,0xFF,0xFF,0xFF,0xFF,0xFF,0xFF,0xFF,0xFF,0xFF,0xFF,0xFF,0xFF,0xFF,0xFF,0xFF,0xFF,0xFF,0xFF,0xFF,0xFF,0xFF,0xFF,
  0xFF,0xFF,0xFF,0xFF,0xFF,0xFF,0xFF,0xFF,0xFF,0xFF,0xDF,0xFF,0xDD,0xDE,0xBC,0xD6,0x11,0x2A,0xCE,0x00,0x2F,0x01,0x2F,0x01,
  0xB5,0x01,0x3A,0x02,0x3A,0x02,0x3A,0x02,0x3A,0x02,0xDD,0x02,0x1E,0x03,0xFE,0x02,0xDD,0x02,0xFC,0x02,0x7C,0x03,0x3B,0x03,
  0xF7,0x01,0x18,0x02,0xD6,0x01,0x95,0x01,0x94,0x01,0x74,0x01,0x51,0x09,0x2E,0x19,0xB0,0x19,0xF1,0x29,0xF0,0x21,0xF0,0x21,
  0xF0,0x21,0xF1,0x21,0xF1,0x29,0xF1,0x29,0xF1,0x29,0xF1,0x29,0xF1,0x29,0xF0,0x29,0x2E,0x09,0xCD,0x00,0x52,0x01,0x75,0x01,
  0x74,0x01,0x74,0x01,0x94,0x01,0xF7,0x01,0xF7,0x01,0xDC,0x02,0xFD,0x02,0xFD,0x02,0xDD,0x02,0xFE,0x02,0x1E,0x03,0xBC,0x02,
  0x7B,0x02,0x7B,0x02,0x19,0x02,0xF9,0x01,0x31,0x01,0x30,0x01,0x30,0x01,0xEF,0x00,0x74,0x5B,0xBC,0xD6,0xDC,0xD6,0xFF,0xFF,
  0xFF,0xFF,0xFF,0xFF,0xFF,0xFF,0xFF,0xFF,0xFF,0xFF,0xFF,0xFF,0xFF,0xFF,0xFF,0xFF,0xFF,0xFF,0xFF,0xFF,0xFF,0xFF,0xFF,0xFF,
  0xDF,0xFF,0x56,0x1A,0x93,0x00,0x7A,0x74,0xFF,0xFF,0xFF,0xFF,0xFF,0xFF,0xFF,0xFF,0xFF,0xFF,0xFF,0xFF,0xFF,0xFF,0xFF,0xFF,
  0xFF,0xFF,0xFF,0xFF,0xFF,0xFF,0xFF,0xFF,0xFF,0xFF,0xFF,0xFF,0xFF,0xFF,0xFF,0xFF,0xFF,0xFF,0xFF,0xFF,0xFF,0xFF,0xFF,0xFF,
  0xFF,0xFF,0xFF,0xFF,0xFF,0xFF,0xFF,0xFF,0xFF,0xFF,0xFF,0xFF,0xFF,0xFF,0xFF,0xFF,0xFF,0xFF,0xFF,0xFF,0xFF,0xFF,0xFF,0xFF,
  0xFF,0xFF,0xFF,0xFF,0xFF,0xFF,0xFF,0xFF,0xFF,0xFF,0xFF,0xFF,0xFF,0xFF,0xFF,0xFF,0xFF,0xFF,0xFF,0xFF,0xFF,0xFF,0xFF,0xFF,
  0xFF,0xFF,0xFF,0xFF,0xFF,0xFF,0xFF,0xFF,0xFF,0xFF,0xFF,0xFF,0xFF,0xFF,0xFF,0xFF,0xFF,0xFF,0xFF,0xFF,0xFF,0xFF,0xFF,0xFF,
  0xFF,0xFF,0xFF,0xFF,0xFF,0xFF,0xFF,0xFF,0xFF,0xFF,0xFF,0xFF,0xFF,0xFF,0xFF,0xFF,0xD0,0x21,0x2C,0x00,0x8D,0x00,0x4B,0x00,
  0x54,0x01,0x3B,0x02,0xF9,0x01,0xF9,0x01,0xF8,0x01,0xFD,0x02,0x1E,0x03,0x3E,0x03,0x1E,0x03,0x5E,0x03,0x1F,0x04,0xDF,0x03,
  0x5B,0x02,0x5B,0x02,0xF8,0x01,0xB7,0x01,0x95,0x01,0x73,0x01,0x31,0x01,0xAD,0x00,0xAD,0x00,0x8D,0x00,0x8C,0x00,0x6C,0x00,
  0x6C,0x00,0x8D,0x00,0x8D,0x00,0x8D,0x00,0x8D,0x00,0x8C,0x00,0x8C,0x00,0x8C,0x00,0xAD,0x00,0xAD,0x00,0x53,0x01,0x96,0x01,
  0x95,0x01,0x76,0x01,0xB7,0x01,0x7B,0x02,0x5B,0x02,0x1E,0x03,0x3E,0x03,0x3E,0x03,0x1E,0x03,0x1E,0x03,0x1F,0x03,0xDE,0x02,
  0x7C,0x02,0x5B,0x02,0xD7,0x01,0xF7,0x01,0xAF,0x00,0x6D,0x00,0x8D,0x00,0x0A,0x00,0xB4,0x63,0xFF,0xFF,0xFF,0xFF,0xFF,0xFF,
  0xFF,0xFF,0xFF,0xFF,0xFF,0xFF,0xFF,0xFF,0xFF,0xFF,0xFF,0xFF,0xFF,0xFF,0xFF,0xFF,0xFF,0xFF,0xFF,0xFF,0xFF,0xFF,0xFF,0xFF,
  0xFF,0xFF,0xBC,0xA5,0xFA,0x8C,0x7D,0xC6,0xFF,0xFF,0xFF,0xFF,0xFF,0xFF,0xFF,0xFF,0xFF,0xFF,0xFF,0xFF,0xFF,0xFF,0xFF,0xFF,
  0xFF,0xFF,0xFF,0xFF,0xFF,0xFF,0xFF,0xFF,0xFF,0xFF,0xFF,0xFF,0xFF,0xFF,0xFF,0xFF,0xFF,0xFF,0xFF,0xFF,0xFF,0xFF,0xFF,0xFF,
  0xFF,0xFF,0xFF,0xFF,0xFF,0xFF,0xFF,0xFF,0xFF,0xFF,0xFF,0xFF,0xFF,0xFF,0xFF,0xFF,0xFF,0xFF,0xFF,0xFF,0xFF,0xFF,0xFF,0xFF,
  0xFF,0xFF,0xFF,0xFF,0xFF,0xFF,0xFF,0xFF,0xFF,0xFF,0xFF,0xFF,0xFF,0xFF,0xFF,0xFF,0xFF,0xFF,0xFF,0xFF,0xFF,0xFF,0xFF,0xFF,
  0xFF,0xFF,0xFF,0xFF,0xFF,0xFF,0xFF,0xFF,0xFF,0xFF,0xFF,0xFF,0xFF,0xFF,0xFF,0xFF,0xFF,0xFF,0xFF,0xFF,0xFF,0xFF,0xFF,0xFF,
  0xFF,0xFF,0xFF,0xFF,0xFF,0xFF,0xFF,0xFF,0xFF,0xFF,0xFF,0xFF,0xFF,0xFF,0xDF,0xFF,0x99,0xAD,0xF8,0x94,0x18,0x9D,0x18,0x9D,
  0x93,0x32,0x31,0x01,0x72,0x01,0x73,0x01,0x94,0x01,0x5B,0x02,0x7B,0x02,0x9C,0x02,0xBC,0x02,0xBC,0x02,0xFC,0x02,0xFD,0x02,
  0xBD,0x02,0xBC,0x02,0x9B,0x02,0x7B,0x02,0x7A,0x02,0x59,0x02,0x37,0x02,0x16,0x02,0x37,0x02,0x37,0x02,0x37,0x02,0x37,0x02,
  0x37,0x02,0x37,0x02,0x37,0x02,0x37,0x02,0x37,0x02,0x36,0x02,0x37,0x02,0x37,0x02,0x37,0x02,0x37,0x02,0x59,0x02,0x7A,0x02,
  0x7A,0x02,0x7B,0x02,0x9C,0x02,0xDD,0x02,0xBC,0x02,0xBC,0x02,0xBC,0x02,0xBC,0x02,0xBC,0x02,0x7A,0x02,0x5A,0x02,0x19,0x02,
  0xB5,0x01,0x93,0x01,0x51,0x01,0x10,0x01,0x74,0x5B,0x18,0x9D,0xF8,0x94,0xD7,0x94,0x3B,0xC6,0xFF,0xFF,0xDF,0xFF,0xFF,0xFF,
  0xFF,0xFF,0xFF,0xFF,0xFF,0xFF,0xFF,0xFF,0xFF,0xFF,0xFF,0xFF,0xFF,0xFF,0xFF,0xFF,0xFF,0xFF,0xFF,0xFF,0xFF,0xFF,0xFF,0xFF,
  0xFF,0xFF,0xFF,0xFF,0xFF,0xFF,0xFF,0xFF,0xFF,0xFF,0xFF,0xFF,0xFF,0xFF,0xFF,0xFF,0xFF,0xFF,0xFF,0xFF,0xFF,0xFF,0xFF,0xFF,
  0xFF,0xFF,0xFF,0xFF,0xFF,0xFF,0xFF,0xFF,0xFF,0xFF,0xFF,0xFF,0xFF,0xFF,0xFF,0xFF,0xFF,0xFF,0xFF,0xFF,0xFF,0xFF,0xFF,0xFF,
  0xFF,0xFF,0xFF,0xFF,0xFF,0xFF,0xFF,0xFF,0xFF,0xFF,0xFF,0xFF,0xFF,0xFF,0xFF,0xFF,0xFF,0xFF,0xFF,0xFF,0xFF,0xFF,0xFF,0xFF,
  0xFF,0xFF,0xFF,0xFF,0xFF,0xFF,0xFF,0xFF,0xFF,0xFF,0xFF,0xFF,0xFF,0xFF,0xFF,0xFF,0xFF,0xFF,0xFF,0xFF,0xFF,0xFF,0xFF,0xFF,
  0xFF,0xFF,0xFF,0xFF,0xFF,0xFF,0xFF,0xFF,0xFF,0xFF,0xFF,0xFF,0xFF,0xFF,0xFF,0xFF,0xFF,0xFF,0xFF,0xFF,0xFF,0xFF,0xFF,0xFF,
  0xFF,0xFF,0xFF,0xFF,0xFF,0xFF,0xFF,0xFF,0xFF,0xFF,0xFF,0xFF,0xFF,0xFF,0xFF,0xFF,0xFF,0xFF,0xFF,0xFF,0xFF,0xFF,0xFF,0xFF,
  0x73,0x5B,0x0B,0x00,0xAD,0x00,0x8C,0x00,0xAE,0x00,0xB7,0x01,0xB7,0x01,0x19,0x02,0x7C,0x02,0x7C,0x02,0x7C,0x02,0x9C,0x02,
  0x1F,0x03,0x1E,0x03,0x1E,0x03,0x1E,0x03,0x3F,0x03,0x1E,0x03,0x1E,0x03,0x1E,0x03,0x3F,0x03,0x3F,0x03,0x3F,0x03,0x3F,0x03,
  0x3F,0x03,0x3F,0x03,0x3F,0x03,0x3F,0x03,0x3F,0x03,0x3F,0x03,0x3F,0x03,0x3F,0x03,0x3F,0x03,0x3F,0x03,0x3E,0x03,0x3E,0x03,
  0x1E,0x03,0x3E,0x03,0x3E,0x03,0x3E,0x03,0x1E,0x03,0x9D,0x02,0x9C,0x02,0x9C,0x02,0x9D,0x02,0xF8,0x01,0x96,0x01,0x33,0x01,
  0x8D,0x00,0x8D,0x00,0xAD,0x00,0x0A,0x00,0x38,0x9D,0xFF,0xFF,0xFF,0xFF,0xFF,0xFF,0xFF,0xFF,0xFF,0xFF,0xFF,0xFF,0xFF,0xFF,
  0xFF,0xFF,0xFF,0xFF,0xFF,0xFF,0xFF,0xFF,0xFF,0xFF,0xFF,0xFF,0xFF,0xFF,0xFF,0xFF,0xFF,0xFF,0xFF,0xFF,0xFF,0xFF,0xFF,0xFF,
  0xFF,0xFF,0xFF,0xFF,0xDF,0xFF,0xFF,0xFF,0xFF,0xFF,0xFF,0xFF,0xFF,0xFF,0xFF,0xFF,0xFF,0xFF,0xFF,0xFF,0xFF,0xFF,0xFF,0xFF,
  0xFF,0xFF,0xFF,0xFF,0xFF,0xFF,0xFF,0xFF,0xFF,0xFF,0xFF,0xFF,0xFF,0xFF,0xFF,0xFF,0xFF,0xFF,0xFF,0xFF,0xFF,0xFF,0xFF,0xFF,
  0xFF,0xFF,0xFF,0xFF,0xFF,0xFF,0xFF,0xFF,0xFF,0xFF,0xFF,0xFF,0xFF,0xFF,0xFF,0xFF,0xFF,0xFF,0xFF,0xFF,0xFF,0xFF,0xFF,0xFF,
  0xFF,0xFF,0xFF,0xFF,0xFF,0xFF,0xFF,0xFF,0xFF,0xFF,0xFF,0xFF,0xFF,0xFF,0xFF,0xFF,0xFF,0xFF,0xFF,0xFF,0xFF,0xFF,0xFF,0xFF,
  0xFF,0xFF,0xFF,0xFF,0xFF,0xFF,0xFF,0xFF,0xFF,0xFF,0xFF,0xFF,0xFF,0xFF,0xFF,0xFF,0xFF,0xFF,0xFF,0xFF,0xFF,0xFF,0xFF,0xFF,
  0xFF,0xFF,0xFF,0xFF,0xFF,0xFF,0xFF,0xFF,0xFF,0xFF,0xFF,0xFF,0xFF,0xFF,0xFF,0xFF,0xDF,0xFF,0xDF,0xFF,0xDF,0xFF,0xDF,0xFF,
  0x76,0x84,0x10,0x3A,0x92,0x42,0x92,0x42,0x72,0x3A,0x94,0x01,0x73,0x01,0xD6,0x01,0x39,0x02,0x39,0x02,0x39,0x02,0x39,0x02,
  0xBC,0x02,0xBB,0x02,0xBC,0x02,0xDD,0x02,0xDD,0x02,0xDD,0x02,0xDD,0x02,0xDD,0x02,0xDD,0x02,0xDC,0x02,0xDC,0x02,0xDC,0x02,
  0xDC,0x02,0xDC,0x02,0xDC,0x02,0xDC,0x02,0xDD,0x02,0xDD,0x02,0xDD,0x02,0xDD,0x02,0xDD,0x02,0xDC,0x02,0xDD,0x02,0xDD,0x02,
  0xDD,0x02,0xDD,0x02,0xDD,0x02,0xDD,0x02,0x9B,0x02,0x18,0x02,0x39,0x02,0x39,0x02,0x39,0x02,0xD5,0x01,0x73,0x01,0x14,0x1A,
  0xB3,0x42,0xB3,0x3A,0xB3,0x42,0x30,0x3A,0xB9,0xAD,0xDF,0xFF,0xDF,0xFF,0xDF,0xFF,0xFF,0xFF,0xFF,0xFF,0xFF,0xFF,0xFF,0xFF,
  0xFF,0xFF,0xFF,0xFF,0xFF,0xFF,0xFF,0xFF,0xFF,0xFF,0xFF,0xFF,0xFF,0xFF,0xFF,0xFF,0xFF,0xFF,0xFF,0xFF,0xFF,0xFF,0xFF,0xFF,
  0xFF,0xFF,0xFF,0xFF,0xFF,0xFF,0xFF,0xFF,0xFF,0xFF,0xFF,0xFF,0xFF,0xFF,0xFF,0xFF,0xFF,0xFF,0xFF,0xFF,0xFF,0xFF,0xFF,0xFF,
  0xFF,0xFF,0xFF,0xFF,0xFF,0xFF,0xFF,0xFF,0xFF,0xFF,0xFF,0xFF,0xFF,0xFF,0xFF,0xFF,0xFF,0xFF,0xFF,0xFF,0xFF,0xFF,0xFF,0xFF,
  0xFF,0xFF,0xFF,0xFF,0xFF,0xFF,0xFF,0xFF,0xFF,0xFF,0xFF,0xFF,0xFF,0xFF,0xFF,0xFF,0xFF,0xFF,0xFF,0xFF,0xFF,0xFF,0xFF,0xFF,
  0xFF,0xFF,0xFF,0xFF,0xFF,0xFF,0xFF,0xFF,0xFF,0xFF,0xFF,0xFF,0xFF,0xFF,0xFF,0xFF,0xFF,0xFF,0xFF,0xFF,0xFF,0xFF,0xFF,0xFF,
  0xFF,0xFF,0xFF,0xFF,0xFF,0xFF,0xFF,0xFF,0xFF,0xFF,0xFF,0xFF,0xFF,0xFF,0xFF,0xFF,0xFF,0xFF,0xFF,0xFF,0xFF,0xFF,0xFF,0xFF,
  0xFF,0xFF,0xFF,0xFF,0xFF,0xFF,0xFF,0xFF,0xFF,0xFF,0xFF,0xFF,0xFF,0xFF,0xFF,0xFF,0xFF,0xFF,0xFF,0xFF,0xFF,0xFF,0xFF,0xFF,
  0xFF,0xFF,0xFF,0xFF,0xFF,0xFF,0xFF,0xFF,0x7E,0xEF,0x6E,0x11,0xEE,0x00,0x0F,0x01,0x0F,0x01,0xEF,0x00,0xEE,0x00,0xEF,0x00,
  0x95,0x01,0xB5,0x01,0x39,0x02,0x5B,0x02,0x5B,0x02,0x5B,0x02,0x3B,0x02,0x3A,0x02,0x3A,0x02,0x3A,0x02,0x3A,0x02,0x3A,0x02,
  0x3A,0x02,0x3A,0x02,0x3A,0x02,0x5A,0x02,0x5A,0x02,0x5A,0x02,0x5A,0x02,0x5A,0x02,0x5A,0x02,0x5A,0x02,0x5B,0x02,0x5B,0x02,
  0x5B,0x02,0x5B,0x02,0x3A,0x02,0x5B,0x02,0x51,0x01,0xCD,0x00,0xEE,0x00,0xEE,0x00,0xEE,0x00,0x0E,0x01,0x6C,0x00,0xF5,0x6B,
  0xFF,0xFF,0xFF,0xFF,0xFF,0xFF,0xFF,0xFF,0xFF,0xFF,0xFF,0xFF,0xFF,0xFF,0xFF,0xFF,0xFF,0xFF,0xFF,0xFF,0xFF,0xFF,0xFF,0xFF,
  0xFF,0xFF,0xFF,0xFF,0xFF,0xFF,0xFF,0xFF,0xFF,0xFF,0xFF,0xFF,0xFF,0xFF,0xFF,0xFF,0xFF,0xFF,0xFF,0xFF,0xFF,0xFF,0xFF,0xFF,
  0xFF,0xFF,0xFF,0xFF,0xFF,0xFF,0xFF,0xFF,0xFF,0xFF,0xFF,0xFF,0xFF,0xFF,0xFF,0xFF,0xFF,0xFF,0xFF,0xFF,0xFF,0xFF,0xFF,0xFF,
  0xFF,0xFF,0xFF,0xFF,0xFF,0xFF,0xFF,0xFF,0xFF,0xFF,0xFF,0xFF,0xFF,0xFF,0xFF,0xFF,0xFF,0xFF,0xFF,0xFF,0xFF,0xFF,0xFF,0xFF,
  0xFF,0xFF,0xFF,0xFF,0xFF,0xFF,0xFF,0xFF,0xFF,0xFF,0xFF,0xFF,0xFF,0xFF,0xFF,0xFF,0xFF,0xFF,0xFF,0xFF,0xFF,0xFF,0xFF,0xFF,
  0xFF,0xFF,0xFF,0xFF,0xFF,0xFF,0xFF,0xFF,0xFF,0xFF,0xFF,0xFF,0xFF,0xFF,0xFF,0xFF,0xFF,0xFF,0xFF,0xFF,0xFF,0xFF,0xFF,0xFF,
  0xFF,0xFF,0xFF,0xFF,0xFF,0xFF,0xFF,0xFF,0xFF,0xFF,0xFF,0xFF,0xFF,0xFF,0xFF,0xFF,0xFF,0xFF,0xFF,0xFF,0xFF,0xFF,0xFF,0xFF,
  0xFF,0xFF,0xFF,0xFF,0xFF,0xFF,0xFF,0xFF,0xFF,0xFF,0xFF,0xFF,0xFF,0xFF,0xFF,0xFF,0xFF,0xFF,0xFF,0xFF,0xFF,0xFF,0xFF,0xFF,
  0xFF,0xFF,0xFF,0xFF,0xFF,0xFF,0xFF,0xFF,0x3E,0xE7,0x4F,0x11,0xCE,0x00,0xEE,0x00,0xED,0x00,0xEE,0x00,0xCE,0x00,0x0F,0x01,
  0xB6,0x01,0xB7,0x01,0x3A,0x02,0x5B,0x02,0x3A,0x02,0x3A,0x02,0x3A,0x02,0x3A,0x02,0x3A,0x02,0x3A,0x02,0x3A,0x02,0x3A,0x02,
  0x3A,0x02,0x3A,0x02,0x3A,0x02,0x3A,0x02,0x5A,0x02,0x5A,0x02,0x5A,0x02,0x5A,0x02,0x5A,0x02,0x5A,0x02,0x5B,0x02,0x5B,0x02,
  0x5B,0x02,0x5B,0x02,0x3A,0x02,0x7B,0x02,0x73,0x01,0xCD,0x00,0xCD,0x00,0xCE,0x00,0xEE,0x00,0x0F,0x01,0x6C,0x00,0xB4,0x63,
  0xFF,0xFF,0xDF,0xFF,0xFF,0xFF,0xFF,0xFF,0xFF,0xFF,0xFF,0xFF,0xFF,0xFF,0xFF,0xFF,0xFF,0xFF,0xFF,0xFF,0xFF,0xFF,0xFF,0xFF,
  0xFF,0xFF,0xFF,0xFF,0xFF,0xFF,0xFF,0xFF,0xFF,0xFF,0xFF,0xFF,0xFF,0xFF,0xFF,0xFF,0xFF,0xFF,0xFF,0xFF,0xFF,0xFF,0xFF,0xFF,
  0xFF,0xFF,0xFF,0xFF,0xFF,0xFF,0xFF,0xFF,0xFF,0xFF,0xFF,0xFF,0xFF,0xFF,0xFF,0xFF,0xFF,0xFF,0xFF,0xFF,0xFF,0xFF,0xFF,0xFF,
  0xFF,0xFF,0xFF,0xFF,0xFF,0xFF,0xFF,0xFF,0xFF,0xFF,0xFF,0xFF,0xFF,0xFF,0xFF,0xFF,0xFF,0xFF,0xFF,0xFF,0xFF,0xFF,0xFF,0xFF,
  0xFF,0xFF,0xFF,0xFF,0xFF,0xFF,0xFF,0xFF,0xFF,0xFF,0xFF,0xFF,0xFF,0xFF,0xFF,0xFF,0xFF,0xFF,0xFF,0xFF,0xFF,0xFF,0xFF,0xFF,
  0xFF,0xFF,0xFF,0xFF,0xFF,0xFF,0xFF,0xFF,0xFF,0xFF,0xFF,0xFF,0xFF,0xFF,0xFF,0xFF,0xFF,0xFF,0xFF,0xFF,0xFF,0xFF,0xFF,0xFF,
  0xFF,0xFF,0xFF,0xFF,0xFF,0xFF,0xFF,0xFF,0xFF,0xFF,0xFF,0xFF,0xFF,0xFF,0xFF,0xFF,0xFF,0xFF,0xFF,0xFF,0xFF,0xFF,0xFF,0xFF,
  0xFF,0xFF,0xFF,0xFF,0xFF,0xFF,0xFF,0xFF,0xFF,0xFF,0xFF,0xFF,0xFF,0xFF,0xFF,0xFF,0xFF,0xFF,0xFF,0xFF,0xFF,0xFF,0xFF,0xFF,
  0xFF,0xFF,0xFF,0xFF,0xFF,0xFF,0xFF,0xFF,0xDF,0xFF,0xBC,0xD6,0x9C,0xCE,0x9C,0xCE,0x7C,0xCE,0xBC,0xD6,0x1B,0xBE,0x6F,0x11,
  0xCE,0x00,0x30,0x01,0x92,0x09,0x51,0x01,0x51,0x01,0x51,0x01,0x51,0x01,0x51,0x01,0x51,0x01,0x51,0x01,0x51,0x01,0x51,0x01,
  0x51,0x01,0x51,0x01,0x51,0x01,0x51,0x01,0x51,0x01,0x51,0x01,0x51,0x01,0x51,0x01,0x51,0x01,0x71,0x01,0x71,0x01,0x71,0x01,
  0x71,0x01,0x51,0x01,0x71,0x01,0x31,0x01,0x98,0x7C,0xBC,0xD6,0x7C,0xCE,0x9C,0xCE,0xBC,0xD6,0xBC,0xD6,0x9C,0xCE,0x3D,0xE7,
  0xFF,0xFF,0xFF,0xFF,0xFF,0xFF,0xFF,0xFF,0xFF,0xFF,0xFF,0xFF,0xFF,0xFF,0xFF,0xFF,0xFF,0xFF,0xFF,0xFF,0xFF,0xFF,0xFF,0xFF,
  0xFF,0xFF,0xFF,0xFF,0xFF,0xFF,0xFF,0xFF,0xFF,0xFF,0xFF,0xFF,0xFF,0xFF,0xFF,0xFF,0xFF,0xFF,0xFF,0xFF,0xFF,0xFF,0xFF,0xFF,
  0xFF,0xFF,0xFF,0xFF,0xFF,0xFF,0xFF,0xFF,0xFF,0xFF,0xFF,0xFF,0xFF,0xFF,0xFF,0xFF,0xFF,0xFF,0xFF,0xFF,0xFF,0xFF,0xFF,0xFF,
  0xFF,0xFF,0xFF,0xFF,0xFF,0xFF,0xFF,0xFF,0xFF,0xFF,0xFF,0xFF,0xFF,0xFF,0xFF,0xFF,0xFF,0xFF,0xFF,0xFF,0xFF,0xFF,0xFF,0xFF,
  0xFF,0xFF,0xFF,0xFF,0xFF,0xFF,0xFF,0xFF,0xFF,0xFF,0xFF,0xFF,0xFF,0xFF,0xFF,0xFF,0xFF,0xFF,0xFF,0xFF,0xFF,0xFF,0xFF,0xFF,
  0xFF,0xFF,0xFF,0xFF,0xFF,0xFF,0xFF,0xFF,0xFF,0xFF,0xFF,0xFF,0xFF,0xFF,0xFF,0xFF,0xFF,0xFF,0xFF,0xFF,0xFF,0xFF,0xFF,0xFF,
  0xFF,0xFF,0xFF,0xFF,0xFF,0xFF,0xFF,0xFF,0xFF,0xFF,0xFF,0xFF,0xFF,0xFF,0xFF,0xFF,0xFF,0xFF,0xFF,0xFF,0xFF,0xFF,0xFF,0xFF,
  0xFF,0xFF,0xFF,0xFF,0xFF,0xFF,0xFF,0xFF,0xFF,0xFF,0xFF,0xFF,0xFF,0xFF,0xFF,0xFF,0xFF,0xFF,0xFF,0xFF,0xFF,0xFF,0xFF,0xFF,
  0xFF,0xFF,0xFF,0xFF,0xFF,0xFF,0xFF,0xFF,0xFF,0xFF,0xFF,0xFF,0xFF,0xFF,0xFF,0xFF,0xFF,0xFF,0xFF,0xFF,0x7E,0xEF,0xAC,0x00,
  0x92,0x32,0x1C,0xAE,0xF1,0x19,0x4D,0x00,0x8D,0x00,0x6C,0x00,0x6C,0x00,0x6C,0x00,0x6C,0x00,0x6C,0x00,0x6C,0x00,0x6C,0x00,
  0x6C,0x00,0x6C,0x00,0x6C,0x00,0x6C,0x00,0x6C,0x00,0x6C,0x00,0x6C,0x00,0x6C,0x00,0x6C,0x00,0x6C,0x00,0x6C,0x00,0x6C,0x00,
  0x6D,0x00,0x6D,0x00,0x8D,0x00,0x0A,0x00,0xD7,0x8C,0xFF,0xFF,0xFF,0xFF,0xFF,0xFF,0xFF,0xFF,0xFF,0xFF,0xFF,0xFF,0xFF,0xFF,
  0xFF,0xFF,0xFF,0xFF,0xFF,0xFF,0xFF,0xFF,0xFF,0xFF,0xFF,0xFF,0xFF,0xFF,0xFF,0xFF,0xFF,0xFF,0xFF,0xFF,0xFF,0xFF,0xFF,0xFF,
  0xFF,0xFF,0xFF,0xFF,0xFF,0xFF,0xFF,0xFF,0xFF,0xFF,0xFF,0xFF,0xFF,0xFF,0xFF,0xFF,0xFF,0xFF,0xFF,0xFF,0xFF,0xFF,0xFF,0xFF,
  0xFF,0xFF,0xFF,0xFF,0xFF,0xFF,0xFF,0xFF,0xFF,0xFF,0xFF,0xFF,0xFF,0xFF,0xFF,0xFF,0xFF,0xFF,0xFF,0xFF,0xFF,0xFF,0xFF,0xFF,
  0xFF,0xFF,0xFF,0xFF,0xFF,0xFF,0xFF,0xFF,0xFF,0xFF,0xFF,0xFF,0xFF,0xFF,0xFF,0xFF,0xFF,0xFF,0xFF,0xFF,0xFF,0xFF,0xFF,0xFF,
  0xFF,0xFF,0xFF,0xFF,0xFF,0xFF,0xFF,0xFF,0xFF,0xFF,0xFF,0xFF,0xFF,0xFF,0xFF,0xFF,0xFF,0xFF,0xFF,0xFF,0xFF,0xFF,0xFF,0xFF,
  0xFF,0xFF,0xFF,0xFF,0xFF,0xFF,0xFF,0xFF,0xFF,0xFF,0xFF,0xFF,0xFF,0xFF,0xFF,0xFF,0xFF,0xFF,0xFF,0xFF,0xFF,0xFF,0xFF,0xFF,
  0xFF,0xFF,0xFF,0xFF,0xFF,0xFF,0xFF,0xFF,0xFF,0xFF,0xFF,0xFF,0xFF,0xFF,0xFF,0xFF,0xFF,0xFF,0xFF,0xFF,0xFF,0xFF,0xFF,0xFF,
  0xFF,0xFF,0xFF,0xFF,0xFF,0xFF,0xFF,0xFF,0xFF,0xFF,0xFF,0xFF,0xFF,0xFF,0xFF,0xFF,0xFF,0xFF,0xFF,0xFF,0xFF,0xFF,0xFF,0xFF,
  0xFF,0xFF,0xFF,0xFF,0xFF,0xFF,0xFF,0xFF,0xFF,0xFF,0xFF,0xFF,0xFF,0xFF,0xFF,0xFF,0xDF,0xFF,0xFF,0xFF,0x9E,0xF7,0xD7,0x8C,
  0xDD,0xD6,0xFF,0xFF,0x38,0x9D,0x36,0x7C,0x77,0x84,0x77,0x84,0x97,0x84,0x77,0x84,0x77,0x84,0x77,0x84,0x77,0x84,0x76,0x84,
  0x76,0x84,0x76,0x84,0x76,0x84,0x77,0x84,0x77,0x84,0x77,0x84,0x77,0x84,0x76,0x84,0x77,0x84,0x77,0x84,0x76,0x84,0x76,0x84,
  0x77,0x84,0x77,0x84,0x77,0x84,0x56,0x84,0x5B,0xC6,0xFF,0xFF,0xDF,0xFF,0xFF,0xFF,0xFF,0xFF,0xFF,0xFF,0xFF,0xFF,0xFF,0xFF,
  0xFF,0xFF,0xFF,0xFF,0xFF,0xFF,0xFF,0xFF,0xFF,0xFF,0xFF,0xFF,0xFF,0xFF,0xFF,0xFF,0xFF,0xFF,0xFF,0xFF,0xFF,0xFF,0xFF,0xFF,
  0xFF,0xFF,0xFF,0xFF,0xFF,0xFF,0xFF,0xFF,0xFF,0xFF,0xFF,0xFF,0xFF,0xFF,0xFF,0xFF,0xFF,0xFF,0xFF,0xFF,0xFF,0xFF,0xFF,0xFF,
  0xFF,0xFF,0xFF,0xFF,0xFF,0xFF,0xFF,0xFF,0xFF,0xFF,0xFF,0xFF,0xFF,0xFF,0xFF,0xFF,0xFF,0xFF,0xFF,0xFF,0xFF,0xFF,0xFF,0xFF,
  0xFF,0xFF,0xFF,0xFF,0xFF,0xFF,0xFF,0xFF,0xFF,0xFF,0xFF,0xFF,0xFF,0xFF,0xFF,0xFF,0xFF,0xFF,0xFF,0xFF,0xFF,0xFF,0xFF,0xFF,
  0xFF,0xFF,0xFF,0xFF,0xFF,0xFF,0xFF,0xFF,0xFF,0xFF,0xFF,0xFF,0xFF,0xFF,0xFF,0xFF,0xFF,0xFF,0xFF,0xFF,0xFF,0xFF,0xFF,0xFF,
  0xFF,0xFF,0xFF,0xFF,0xFF,0xFF,0xFF,0xFF,0xFF,0xFF,0xFF,0xFF,0xFF,0xFF,0xFF,0xFF,0xFF,0xFF,0xFF,0xFF,0xFF,0xFF,0xFF,0xFF,
  0xFF,0xFF,0xFF,0xFF,0xFF,0xFF,0xFF,0xFF,0xFF,0xFF,0xFF,0xFF,0xFF,0xFF,0xFF,0xFF,0xFF,0xFF,0xFF,0xFF,0xFF,0xFF,0xFF,0xFF,
  0xFF,0xFF,0xFF,0xFF,0xFF,0xFF,0xFF,0xFF,0xFF,0xFF,0xFF,0xFF,0xFF,0xFF,0xFF,0xFF,0xFF,0xFF,0xFF,0xFF,0xFF,0xFF,0xFF,0xFF,
  0xFF,0xFF,0xFF,0xFF,0xFF,0xFF,0xFF,0xFF,0xFF,0xFF,0xFF,0xFF,0xFF,0xFF,0xFF,0xFF,0xFF,0xFF,0xFF,0xFF,0xFF,0xFF,0xFF,0xFF,
  0xFF,0xFF,0xDF,0xFF,0xFF,0xFF,0xFF,0xFF,0xFF,0xFF,0xFF,0xFF,0xFF,0xFF,0xFF,0xFF,0xFF,0xFF,0xFF,0xFF,0xFF,0xFF,0xFF,0xFF,
  0xFF,0xFF,0xFF,0xFF,0xFF,0xFF,0xFF,0xFF,0xFF,0xFF,0xFF,0xFF,0xFF,0xFF,0xFF,0xFF,0xFF,0xFF,0xFF,0xFF,0xFF,0xFF,0xFF,0xFF,
  0xFF,0xFF,0xFF,0xFF,0xFF,0xFF,0xFF,0xFF,0xFF,0xFF,0xFF,0xFF,0xFF,0xFF,0xFF,0xFF,0xFF,0xFF,0xFF,0xFF,0xFF,0xFF,0xFF,0xFF,
  0xFF,0xFF,0xFF,0xFF,0xFF,0xFF,0xFF,0xFF,0xFF,0xFF,0xFF,0xFF,0xFF,0xFF,0xFF,0xFF,0xFF,0xFF,0xFF,0xFF,0xFF,0xFF,0xFF,0xFF,
  0xFF,0xFF,0xFF,0xFF,0xFF,0xFF,0xFF,0xFF,0xFF,0xFF,0xFF,0xFF,0xFF,0xFF,0xFF,0xFF,0xFF,0xFF,0xFF,0xFF,0xFF,0xFF,0xFF,0xFF,
  0xFF,0xFF,0xFF,0xFF,0xFF,0xFF,0xFF,0xFF,0xFF,0xFF,0xFF,0xFF,0xFF,0xFF,0xFF,0xFF,0xFF,0xFF,0xFF,0xFF,0xFF,0xFF,0xFF,0xFF,
  0xFF,0xFF,0xFF,0xFF,0xFF,0xFF,0xFF,0xFF,0xFF,0xFF,0xFF,0xFF,0xFF,0xFF,0xFF,0xFF,0xFF,0xFF,0xFF,0xFF,0xFF,0xFF,0xFF,0xFF,
  0xFF,0xFF,0xFF,0xFF,0xFF,0xFF,0xFF,0xFF,0xFF,0xFF,0xFF,0xFF,0xFF,0xFF,0xFF,0xFF,0xFF,0xFF,0xFF,0xFF,0xFF,0xFF,0xFF,0xFF,
  0xFF,0xFF,0xFF,0xFF,0xFF,0xFF,0xFF,0xFF,0xFF,0xFF,0xFF,0xFF,0xFF,0xFF,0xFF,0xFF,0xFF,0xFF,0xFF,0xFF,0xFF,0xFF,0xFF,0xFF,
  0xFF,0xFF,0xFF,0xFF,0xFF,0xFF,0xFF,0xFF,0xFF,0xFF,0xFF,0xFF,0xFF,0xFF,0xFF,0xFF,0xFF,0xFF,0xFF,0xFF,0xFF,0xFF,0xFF,0xFF,
  0xFF,0xFF,0xFF,0xFF,0xFF,0xFF,0xFF,0xFF,0xFF,0xFF,0xFF,0xFF,0xFF,0xFF,0xFF,0xFF,0xFF,0xFF,0xFF,0xFF,0xFF,0xFF,0xFF,0xFF,
  0xFF,0xFF,0xFF,0xFF,0xFF,0xFF,0xFF,0xFF,0xFF,0xFF,0xFF,0xFF,0xFF,0xFF,0xFF,0xFF,0xFF,0xFF,0xFF,0xFF,0xFF,0xFF,0xFF,0xFF,
  0xFF,0xFF,0xFF,0xFF,0xFF,0xFF,0xFF,0xFF,0xFF,0xFF,0xFF,0xFF,0xBF,0xFF,0xDF,0xFF,0xDF,0xFF,0xDF,0xFF,0xDF,0xFF,0xDF,0xFF,
  0xDF,0xFF,0xFF,0xFF,0xFF,0xFF,0xFF,0xFF,0xFF,0xFF,0xFF,0xFF,0xFF,0xFF,0xFF,0xFF,0xFF,0xFF,0xBF,0xF7,0xBF,0xFF,0xDF,0xFF,
  0xFF,0xFF,0xFF,0xFF,0xFF,0xFF,0xFF,0xFF,0xFF,0xFF,0xFF,0xFF,0xDF,0xFF,0xFF,0xFF,0xFF,0xFF,0xFF,0xFF,0xFF,0xFF,0xFF,0xFF,
  0xFF,0xFF,0xFF,0xFF,0xFF,0xFF,0xFF,0xFF,0xFF,0xFF,0xFF,0xFF,0xFF,0xFF,0xFF,0xFF,0xFF,0xFF,0xFF,0xFF,0xFF,0xFF,0xFF,0xFF,
  0xFF,0xFF,0xFF,0xFF,0xFF,0xFF,0xFF,0xFF,0xFF,0xFF,0xFF,0xFF,0xFF,0xFF,0xFF,0xFF,0xFF,0xFF,0xFF,0xFF,0xFF,0xFF,0xFF,0xFF,
  0xFF,0xFF,0xFF,0xFF,0xFF,0xFF,0xFF,0xFF,0xFF,0xFF,0xFF,0xFF,0xFF,0xFF,0xFF,0xFF,0xFF,0xFF,0xFF,0xFF,0xFF,0xFF,0xFF,0xFF,
  0xFF,0xFF,0xFF,0xFF,0xFF,0xFF,0xFF,0xFF,0xFF,0xFF,0xFF,0xFF,0xFF,0xFF,0xFF,0xFF,0xFF,0xFF,0xFF,0xFF,0xFF,0xFF,0xFF,0xFF,
  0xFF,0xFF,0xFF,0xFF,0xFF,0xFF,0xFF,0xFF,0xFF,0xFF,0xFF,0xFF,0xFF,0xFF,0xFF,0xFF,0xFF,0xFF,0xFF,0xFF,0xFF,0xFF,0xFF,0xFF,
  0xFF,0xFF,0xFF,0xFF,0xFF,0xFF,0xFF,0xFF,0xB8,0x8C,0x92,0x42,0xD2,0x4A,0xD2,0x42,0xD3,0x42,0xF3,0x42,0xB2,0x42,0xDC,0xD6,
  0xFF,0xFF,0xDF,0xFF,0xDF,0xFF,0xFF,0xFF,0xFD,0xDE,0xB2,0x42,0xF3,0x42,0xF3,0x42,0xF3,0x42,0xF3,0x4A,0xB2,0x42,0x53,0x5B,
  0xDF,0xFF,0xFF,0xFF,0xFF,0xFF,0xFF,0xFF,0xFF,0xFF,0xFF,0xFF,0x75,0x63,0xD3,0x42,0xF3,0x42,0xD2,0x42,0xD2,0x42,0xD2,0x42,
  0xD3,0x42,0xD3,0x42,0xD3,0x42,0xF3,0x4A,0x71,0x42,0xB9,0xB5,0xDF,0xFF,0xDF,0xFF,0xFF,0xFF,0x3D,0xE7,0xD2,0x4A,0xD3,0x42,
  0xF3,0x42,0xF3,0x4A,0xF3,0x4A,0xF3,0x4A,0x71,0x42,0x99,0xAD,0xFF,0xFF,0xDF,0xFF,0xFF,0xFF,0xFF,0xFF,0xFF,0xFF,0xFF,0xFF,
  0xFF,0xFF,0x77,0x84,0xB2,0x42,0xF3,0x4A,0xD3,0x42,0xD3,0x42,0xF3,0x4A,0x92,0x42,0xF5,0x73,0xFF,0xFF,0xFF,0xFF,0x1E,0xE7,
  0xD3,0x42,0xF3,0x42,0xD3,0x42,0xD3,0x4A,0x92,0x42,0x73,0x5B,0xFF,0xFF,0xFF,0xFF,0xFF,0xFF,0x59,0xA5,0x72,0x42,0xF3,0x4A,
  0xF3,0x42,0xF3,0x42,0xF3,0x4A,0x51,0x42,0xDA,0xB5,0xBC,0xCE,0x93,0x42,0x14,0x4B,0xF3,0x42,0xD3,0x42,0xD3,0x42,0xD3,0x42,
  0xD3,0x42,0xD3,0x42,0xD3,0x42,0xD3,0x42,0xD3,0x42,0xD3,0x42,0xD3,0x42,0xD3,0x42,0xB2,0x42,0x12,0x53,0x3D,0xE7,0x74,0x5B,
  0xB2,0x42,0xF3,0x4A,0xD3,0x42,0xD2,0x42,0xB2,0x42,0xB2,0x42,0xD2,0x42,0xD2,0x42,0xD2,0x42,0xD2,0x42,0xD3,0x42,0xD3,0x4A,
  0x92,0x42,0x15,0x74,0xFF,0xFF,0xFF,0xFF,0xFF,0xFF,0xFF,0xFF,0xFF,0xFF,0xFF,0xFF,0xFF,0xFF,0xFF,0xFF,0xFF,0xFF,0xFF,0xFF,
  0xFF,0xFF,0xFF,0xFF,0xFF,0xFF,0xFF,0xFF,0xFF,0xFF,0xFF,0xFF,0xFF,0xFF,0xFF,0xFF,0xFF,0xFF,0xFF,0xFF,0xFF,0xFF,0xFF,0xFF,
  0xFF,0xFF,0xFF,0xFF,0x9E,0xEF,0xBC,0xD6,0xB3,0x42,0x0B,0x00,0x4C,0x00,0x2B,0x00,0x2C,0x00,0x6C,0x00,0x4C,0x00,0x97,0x8C,
  0xDD,0xDE,0xDF,0xFF,0xDF,0xFF,0x1D,0xDF,0x18,0x9D,0x4C,0x00,0x4C,0x00,0x4C,0x00,0x2C,0x00,0x2C,0x00,0x2B,0x00,0x2E,0x09,
  0x5B,0xC6,0x3D,0xE7,0xFF,0xFF,0xFF,0xFF,0x5E,0xEF,0x5B,0xC6,0x2E,0x11,0x0B,0x00,0x4C,0x00,0x2C,0x00,0x2C,0x00,0x2C,0x00,
  0x2C,0x00,0x2C,0x00,0x2C,0x00,0x4C,0x00,0x0C,0x00,0x18,0x9D,0xFF,0xFF,0xDF,0xFF,0x3D,0xE7,0x79,0xAD,0x6C,0x00,0x4C,0x00,
  0x4C,0x00,0x2C,0x00,0x2C,0x00,0x4C,0x00,0x0B,0x00,0x74,0x63,0x5E,0xEF,0xFF,0xFF,0xFF,0xFF,0xFF,0xFF,0xFF,0xFF,0xFF,0xFF,
  0xFD,0xD6,0x92,0x3A,0x0B,0x00,0x4C,0x00,0x2C,0x00,0x2C,0x00,0x4C,0x00,0x2B,0x00,0xB0,0x21,0x1B,0xBE,0x7B,0xCE,0xF8,0x94,
  0x0B,0x00,0x2C,0x00,0x2C,0x00,0x4C,0x00,0x4B,0x00,0x4F,0x11,0x3B,0xC6,0x5E,0xEF,0xFD,0xDE,0xF2,0x52,0x0C,0x00,0x4C,0x00,
  0x4C,0x00,0x2C,0x00,0x4C,0x00,0x0B,0x00,0x74,0x5B,0x16,0x74,0x0B,0x00,0x4C,0x00,0x4C,0x00,0x4C,0x00,0x2C,0x00,0x2C,0x00,
  0x2C,0x00,0x4C,0x00,0x2C,0x00,0x2C,0x00,0x2C,0x00,0x2C,0x00,0x2C,0x00,0x4C,0x00,0x4C,0x00,0xCE,0x00,0xB7,0x8C,0x0D,0x01,
  0x0B,0x00,0x2C,0x00,0x2C,0x00,0x2C,0x00,0x2B,0x00,0x2B,0x00,0x2B,0x00,0x2C,0x00,0x2C,0x00,0x2C,0x00,0x2C,0x00,0x4C,0x00,
  0x0B,0x00,0xF0,0x29,0xBC,0xD6,0x3D,0xE7,0xFF,0xFF,0xFF,0xFF,0xFF,0xFF,0xFF,0xFF,0xFF,0xFF,0xFF,0xFF,0xFF,0xFF,0xFF,0xFF,
  0xFF,0xFF,0xFF,0xFF,0xFF,0xFF,0xFF,0xFF,0xFF,0xFF,0xFF,0xFF,0xFF,0xFF,0xFF,0xFF,0xFF,0xFF,0xFF,0xFF,0xFF,0xFF,0xFF,0xFF,
  0xDF,0xFF,0xFF,0xFF,0xDA,0xB5,0xAD,0x00,0x0F,0x01,0xB5,0x1A,0xD5,0x22,0xD4,0x22,0xD4,0x22,0x34,0x0A,0x50,0x01,0x6C,0x00,
  0xD2,0x4A,0xFF,0xFF,0xFF,0xFF,0xB2,0x42,0x6C,0x00,0xB0,0x11,0xF5,0x22,0xF5,0x22,0x15,0x23,0xF5,0x22,0xF4,0x09,0x2F,0x01,
  0x8C,0x00,0x53,0x5B,0xFF,0xFF,0x3D,0xE7,0x31,0x2A,0xCE,0x00,0xD2,0x11,0xD6,0x1A,0xF5,0x22,0x15,0x2B,0x15,0x2B,0xF6,0x22,
  0xD5,0x1A,0xB4,0x1A,0xB4,0x1A,0xD4,0x1A,0x50,0x09,0x31,0x32,0xF2,0x52,0x7C,0xCE,0x33,0x53,0x6B,0x00,0x90,0x09,0xF5,0x22,
  0xF5,0x22,0xF5,0x22,0xF5,0x22,0xF5,0x22,0xF2,0x11,0x8C,0x00,0xAE,0x29,0xFA,0xBD,0xFF,0xFF,0xDF,0xFF,0xFF,0xFF,0x36,0x74,
  0xEF,0x00,0x50,0x09,0xD5,0x22,0xF5,0x22,0xB4,0x1A,0xB4,0x1A,0x95,0x12,0xB4,0x01,0x10,0x01,0xAE,0x00,0xAD,0x00,0x0E,0x01,
  0x35,0x33,0xF6,0x22,0xB5,0x12,0x34,0x0A,0x93,0x01,0x30,0x01,0x6E,0x00,0x38,0x9D,0xF2,0x4A,0x4C,0x00,0x4F,0x09,0xB4,0x1A,
  0xD4,0x22,0xB4,0x22,0xD5,0x22,0xF4,0x09,0xCF,0x00,0x8D,0x00,0x73,0x1A,0x15,0x2B,0xD5,0x22,0xD5,0x22,0xF5,0x22,0xF5,0x22,
  0xF5,0x22,0xF5,0x22,0xF5,0x22,0xF5,0x22,0xD5,0x22,0xD5,0x22,0xD4,0x22,0xB5,0x1A,0xD3,0x01,0x0F,0x01,0xAE,0x00,0x2E,0x01,
  0xD4,0x22,0x16,0x2B,0xF5,0x22,0xF5,0x22,0xD5,0x22,0xD4,0x22,0xD4,0x1A,0xD5,0x1A,0xD5,0x1A,0xB4,0x1A,0xB4,0x1A,0xD5,0x1A,
  0x76,0x0A,0x72,0x01,0x8D,0x00,0xF5,0x73,0xFF,0xFF,0xDF,0xFF,0xFF,0xFF,0xFF,0xFF,0xFF,0xFF,0xFF,0xFF,0xFF,0xFF,0xFF,0xFF,
  0xFF,0xFF,0xFF,0xFF,0xFF,0xFF,0xFF,0xFF,0xFF,0xFF,0xFF,0xFF,0xFF,0xFF,0xFF,0xFF,0xFF,0xFF,0xFF,0xFF,0xFF,0xFF,0xFF,0xFF,
  0xDF,0xFF,0xFF,0xFF,0xDA,0xB5,0x8C,0x00,0xEE,0x00,0x1D,0x45,0xFF,0x4D,0x9F,0x45,0xDF,0x4D,0xBF,0x24,0xD5,0x01,0x8D,0x00,
  0xF3,0x4A,0xFF,0xFF,0xFF,0xFF,0xD3,0x42,0x4D,0x00,0xB4,0x1A,0x1F,0x4E,0x9F,0x45,0xBF,0x45,0xBF,0x45,0x9D,0x0B,0x30,0x01,
  0x6D,0x00,0x74,0x5B,0xFF,0xFF,0x7B,0xC6,0xAC,0x00,0x4B,0x00,0x54,0x12,0x3F,0x2D,0x1F,0x66,0xDF,0x86,0x7F,0x6E,0xFF,0x55,
  0xFF,0x4D,0xFF,0x4D,0xFF,0x4D,0xFF,0x55,0xB1,0x09,0x4B,0x00,0x0B,0x00,0xBA,0xB5,0x74,0x5B,0x2C,0x00,0x52,0x12,0xFF,0x4D,
  0xBF,0x45,0xBF,0x45,0xBF,0x4D,0x5F,0x56,0x77,0x2B,0x4B,0x00,0x0B,0x00,0x56,0x7C,0xFF,0xFF,0xDF,0xFF,0xFF,0xFF,0xD0,0x21,
  0x8D,0x00,0x0F,0x01,0x5F,0x45,0x1F,0x56,0xFF,0x55,0x1F,0x56,0x5F,0x3D,0x7A,0x02,0xEE,0x00,0x0F,0x01,0xCE,0x00,0xF1,0x11,
  0xFF,0x8E,0xFF,0x5D,0x5F,0x35,0x5F,0x1C,0xBB,0x02,0x0F,0x01,0x6C,0x00,0x38,0x9D,0x54,0x53,0x6E,0x00,0xB1,0x09,0xDF,0x4D,
  0xBF,0x4D,0xBF,0x4D,0x3F,0x5E,0x19,0x13,0xCE,0x00,0x8C,0x00,0x7A,0x44,0xBF,0x6E,0x3F,0x5E,0x1F,0x5E,0x1F,0x56,0x1F,0x56,
  0x1F,0x56,0x1F,0x56,0xFF,0x55,0xFF,0x55,0xFF,0x55,0xFF,0x55,0xFF,0x55,0xBF,0x45,0x1B,0x03,0xEE,0x00,0xEE,0x00,0x70,0x01,
  0xBF,0x4D,0xFF,0x4D,0xBF,0x45,0xDF,0x4D,0x1F,0x56,0x1F,0x56,0x1F,0x56,0x1F,0x56,0xFF,0x55,0xFF,0x4D,0xDF,0x4D,0xDF,0x4D,
  0x7F,0x1C,0x72,0x01,0x6B,0x00,0x15,0x74,0xFF,0xFF,0xDF,0xFF,0xFF,0xFF,0xFF,0xFF,0xFF,0xFF,0xFF,0xFF,0xFF,0xFF,0xFF,0xFF,
  0xFF,0xFF,0xFF,0xFF,0xFF,0xFF,0xFF,0xFF,0xFF,0xFF,0xFF,0xFF,0xFF,0xFF,0xFF,0xFF,0xFF,0xFF,0xFF,0xFF,0xFF,0xFF,0xFF,0xFF,
  0xFF,0xFF,0xFF,0xFF,0xFA,0xB5,0x8C,0x00,0xED,0x00,0xBC,0x3C,0xDF,0x5D,0x1F,0xC7,0x9F,0xAE,0x9E,0x13,0x93,0x01,0x6C,0x00,
  0xD2,0x4A,0xFF,0xFF,0xFF,0xFF,0xB2,0x42,0x4C,0x00,0x94,0x1A,0x9F,0x3D,0x1F,0x7E,0xFF,0xBE,0x7E,0x6D,0xBC,0x02,0x51,0x01,
  0x8D,0x00,0xB5,0x6B,0x56,0x7C,0xD0,0x29,0xB1,0x09,0xB5,0x1A,0xF8,0x3B,0x1F,0x86,0x1E,0x55,0xDE,0x44,0xBE,0x3C,0x5E,0x24,
  0x5E,0x2C,0x7E,0x2C,0x7E,0x2C,0x1F,0x3D,0x38,0x1B,0x96,0x12,0xF3,0x09,0xD0,0x21,0x6F,0x11,0x8C,0x00,0x32,0x12,0x5F,0x3D,
  0x1F,0x86,0xFF,0xBE,0x9E,0x6D,0x7F,0x2C,0x9A,0x23,0x55,0x0A,0x92,0x01,0xD1,0x21,0x94,0x5B,0x1A,0xBE,0x71,0x3A,0x0E,0x09,
  0xD1,0x11,0xD5,0x12,0xFE,0x75,0x7F,0x65,0x7E,0x2C,0x9E,0x34,0xDD,0x23,0x39,0x02,0xEE,0x00,0xEE,0x00,0xAD,0x00,0xD1,0x11,
  0x3F,0x6E,0xDE,0x34,0xFE,0x13,0x5C,0x0B,0x39,0x02,0x0F,0x01,0x8D,0x00,0xF7,0x94,0x3D,0xE7,0x11,0x2A,0x51,0x01,0xDF,0x5D,
  0x3F,0xCF,0x5E,0xA6,0x1D,0x24,0x57,0x0A,0xEF,0x00,0xCD,0x00,0x38,0x1B,0x9E,0x34,0x7E,0x34,0x7E,0x34,0x7E,0x2C,0x7E,0x2C,
  0x5E,0x2C,0x5E,0x2C,0x5E,0x2C,0x5E,0x2C,0x5E,0x2C,0x3D,0x24,0x1D,0x24,0x1E,0x24,0xBA,0x02,0xEF,0x00,0xEE,0x00,0x4F,0x09,
  0x1D,0x3D,0xFF,0x6D,0x1F,0xC7,0x1F,0x96,0x1D,0x24,0x5E,0x2C,0x3E,0x2C,0x3E,0x24,0x1D,0x24,0x1D,0x24,0xFD,0x23,0xFD,0x23,
  0x1C,0x0B,0x51,0x01,0x8D,0x00,0x16,0x74,0xFF,0xFF,0xDF,0xFF,0xFF,0xFF,0xFF,0xFF,0xFF,0xFF,0xFF,0xFF,0xFF,0xFF,0xFF,0xFF,
  0xFF,0xFF,0xFF,0xFF,0xFF,0xFF,0xFF,0xFF,0xFF,0xFF,0xFF,0xFF,0xFF,0xFF,0xFF,0xFF,0xFF,0xFF,0xFF,0xFF,0xFF,0xFF,0xFF,0xFF,
  0xDF,0xFF,0xFF,0xFF,0xFA,0xB5,0xAC,0x00,0xED,0x00,0xBC,0x34,0x1F,0x6E,0xFF,0xFF,0x7F,0xEF,0xDC,0x02,0x72,0x01,0x4B,0x00,
  0xD2,0x4A,0xFF,0xFF,0xFF,0xFF,0xB2,0x42,0x4D,0x00,0xD5,0x22,0xDF,0x45,0x1F,0xB7,0xFF,0xFF,0x7E,0x8D,0xDA,0x01,0x30,0x01,
  0x6C,0x00,0x33,0x53,0x92,0x3A,0x0A,0x00,0x12,0x12,0xBF,0x2D,0xBF,0x8E,0xFF,0xFF,0x7E,0x4C,0x7D,0x02,0xFE,0x02,0xDE,0x02,
  0xDE,0x02,0xDE,0x02,0xBD,0x02,0xBF,0x24,0x7F,0x35,0x7F,0x2D,0x9A,0x13,0x6C,0x00,0xEE,0x00,0xAD,0x00,0x73,0x1A,0xBF,0x4D,
  0x1F,0xBF,0xFF,0xFF,0x9E,0x8D,0x3D,0x02,0xDE,0x13,0x3F,0x25,0x34,0x0A,0x2B,0x00,0x8F,0x11,0x18,0x9D,0x6C,0x00,0x6C,0x00,
  0x16,0x1B,0x5F,0x5E,0xFF,0xFF,0x5E,0x85,0x9E,0x02,0xFE,0x02,0xF9,0x01,0xD7,0x01,0xEE,0x00,0xEE,0x00,0xAD,0x00,0xB1,0x09,
  0xDF,0x4D,0x1F,0x1C,0xFE,0x02,0x7C,0x02,0xD8,0x01,0x10,0x01,0x6D,0x00,0xB7,0x8C,0xFF,0xFF,0x51,0x3A,0x0F,0x01,0xBF,0x65,
  0xFF,0xFF,0xFF,0xD6,0x5C,0x02,0xF8,0x01,0x10,0x01,0xEE,0x00,0x5A,0x02,0xDF,0x02,0xBD,0x02,0xDE,0x02,0xDE,0x02,0x9D,0x02,
  0xBD,0x02,0xDD,0x02,0xBD,0x02,0xBD,0x02,0xBE,0x02,0xBE,0x02,0x9D,0x02,0xBD,0x02,0x39,0x02,0xED,0x00,0xEE,0x00,0x70,0x09,
  0x7E,0x45,0x9F,0x96,0xFF,0xFF,0xBF,0xC6,0x7C,0x02,0xDE,0x02,0xDE,0x02,0xBE,0x02,0xBD,0x02,0x9D,0x02,0x9E,0x02,0x9D,0x02,
  0xBE,0x02,0x72,0x01,0x8C,0x00,0x15,0x74,0xFF,0xFF,0xDF,0xFF,0xFF,0xFF,0xFF,0xFF,0xFF,0xFF,0xFF,0xFF,0xFF,0xFF,0xFF,0xFF,
  0xFF,0xFF,0xFF,0xFF,0xFF,0xFF,0xFF,0xFF,0xFF,0xFF,0xFF,0xFF,0xFF,0xFF,0xFF,0xFF,0xFF,0xFF,0xFF,0xFF,0xFF,0xFF,0xFF,0xFF,
  0xFF,0xFF,0xFF,0xFF,0xFA,0xB5,0xAC,0x00,0xED,0x00,0xDC,0x3C,0xDF,0x5D,0x5F,0xA6,0xDE,0x8D,0x3E,0x0B,0xB4,0x01,0x6C,0x00,
  0xF3,0x4A,0xFF,0xFF,0xFF,0xFF,0x92,0x42,0x4C,0x00,0x94,0x1A,0xBF,0x45,0xBF,0x6D,0x1F,0x9E,0x7D,0x54,0xF9,0x01,0x0F,0x01,
  0xCD,0x00,0x0E,0x09,0x2F,0x09,0x91,0x09,0x56,0x33,0x5F,0x86,0x3F,0x96,0x3F,0xA6,0x3E,0x3C,0x7B,0x02,0x16,0x02,0xB4,0x01,
  0xF5,0x01,0x7A,0x02,0xFC,0x02,0xBF,0x2C,0x7E,0x24,0x7F,0x1C,0x19,0x0B,0xAD,0x00,0x0E,0x01,0xAD,0x00,0x52,0x12,0xBF,0x45,
  0xFF,0x85,0xBF,0xBE,0xFE,0x64,0xDE,0x02,0x9E,0x0B,0x5F,0x14,0x35,0x02,0x0F,0x01,0x0D,0x09,0xD0,0x21,0x2F,0x01,0xD2,0x09,
  0x19,0x3C,0x1F,0x86,0x9E,0xB6,0x9E,0x54,0xBD,0x02,0xFD,0x02,0x19,0x02,0xD7,0x01,0xEE,0x00,0xEE,0x00,0xAD,0x00,0xD1,0x09,
  0xDF,0x55,0x3F,0x24,0x1E,0x03,0xBC,0x02,0xF8,0x01,0x0F,0x01,0x6C,0x00,0xB6,0x8C,0xFF,0xFF,0x30,0x3A,0x0E,0x01,0x9F,0x55,
  0x3F,0x9E,0x3E,0x75,0xBD,0x02,0x18,0x02,0xEF,0x00,0xEE,0x00,0xB4,0x01,0xF6,0x01,0xD4,0x01,0xB4,0x01,0xF5,0x01,0xBD,0x13,
  0xBF,0x13,0x1E,0x03,0xDD,0x02,0xBC,0x02,0xF6,0x01,0xB4,0x01,0xD5,0x01,0xF6,0x01,0x93,0x01,0xEE,0x00,0xCE,0x00,0x2F,0x09,
  0x5E,0x45,0xDF,0x65,0x3F,0xA6,0x3F,0x75,0xDD,0x02,0x16,0x02,0xD5,0x01,0xF5,0x01,0xD5,0x01,0xD5,0x01,0xD5,0x01,0xD5,0x01,
  0xD6,0x01,0x10,0x01,0x0B,0x00,0xD5,0x6B,0xFF,0xFF,0xDF,0xFF,0xFF,0xFF,0xFF,0xFF,0xFF,0xFF,0xFF,0xFF,0xFF,0xFF,0xFF,0xFF,
  0xFF,0xFF,0xFF,0xFF,0xFF,0xFF,0xFF,0xFF,0xFF,0xFF,0xFF,0xFF,0xFF,0xFF,0xFF,0xFF,0xFF,0xFF,0xFF,0xFF,0xFF,0xFF,0xFF,0xFF,
  0xFF,0xFF,0xFF,0xFF,0xFA,0xB5,0x8C,0x00,0xEE,0x00,0xFC,0x44,0x7F,0x45,0xDE,0x02,0xBD,0x02,0x1F,0x03,0xB5,0x01,0x6D,0x00,
  0xB2,0x42,0x9E,0xF7,0x9E,0xF7,0x92,0x42,0x4C,0x00,0x94,0x1A,0xFF,0x55,0xFE,0x1B,0x9E,0x02,0xDD,0x02,0xF8,0x01,0xEF,0x00,
  0xED,0x00,0xEE,0x00,0xAD,0x00,0x19,0x2C,0x7F,0x7E,0xFF,0xFF,0xDE,0x95,0x5D,0x02,0xFE,0x02,0x72,0x01,0xCD,0x00,0xCD,0x00,
  0xCD,0x00,0xAD,0x00,0xF7,0x0A,0xDF,0x03,0xDD,0x02,0xFE,0x02,0x59,0x02,0xCE,0x00,0x0F,0x01,0xAD,0x00,0x53,0x12,0xFF,0x4D,
  0xFF,0x13,0xBE,0x02,0xFE,0x02,0x1E,0x03,0xFE,0x02,0xFE,0x02,0x3E,0x03,0xBA,0x02,0xCE,0x00,0xAE,0x00,0x50,0x09,0x5E,0x3D,
  0x1F,0xAF,0xBE,0x64,0x7D,0x02,0x1E,0x03,0x1E,0x03,0xDC,0x02,0xF8,0x01,0xF7,0x01,0xEF,0x00,0xEE,0x00,0xAD,0x00,0xD1,0x09,
  0xDF,0x55,0x1E,0x1C,0xDE,0x02,0x9C,0x02,0xD8,0x01,0x0F,0x01,0x6C,0x00,0xB7,0x8C,0xFF,0xFF,0x51,0x3A,0x4F,0x01,0x9F,0x4D,
  0x3F,0x03,0x9D,0x02,0x9C,0x02,0xF7,0x01,0xEE,0x00,0xEE,0x00,0xCE,0x00,0xAD,0x00,0xCE,0x00,0xCD,0x00,0x0E,0x01,0x5E,0x45,
  0xFF,0x3C,0xFF,0x02,0xBD,0x02,0xF9,0x01,0x10,0x01,0xCD,0x00,0xCD,0x00,0xAD,0x00,0xCD,0x00,0xEE,0x00,0xCD,0x00,0x0E,0x01,
  0x7E,0x4D,0xDF,0x34,0x9E,0x02,0xDE,0x02,0xDD,0x02,0x0F,0x01,0xAC,0x00,0xCD,0x00,0xCD,0x00,0xCD,0x00,0xCD,0x00,0xCD,0x00,
  0xCD,0x00,0x92,0x3A,0x95,0x63,0x9A,0xAD,0xFF,0xFF,0xFF,0xFF,0xFF,0xFF,0xFF,0xFF,0xFF,0xFF,0xFF,0xFF,0xFF,0xFF,0xFF,0xFF,
  0xFF,0xFF,0xFF,0xFF,0xFF,0xFF,0xFF,0xFF,0xFF,0xFF,0xFF,0xFF,0xFF,0xFF,0xFF,0xFF,0xFF,0xFF,0xFF,0xFF,0xFF,0xFF,0xFF,0xFF,
  0xDF,0xFF,0xFF,0xFF,0xDA,0xB5,0x8C,0x00,0xEE,0x00,0xFC,0x44,0x5F,0x3D,0xFD,0x02,0xFD,0x02,0xFE,0x02,0xB4,0x01,0xCD,0x00,
  0x2F,0x01,0xB0,0x19,0x8F,0x19,0x2E,0x09,0x8C,0x00,0x53,0x1A,0xBF,0x4D,0xFE,0x1B,0xFE,0x02,0xFD,0x02,0x19,0x02,0xEF,0x00,
  0xCD,0x00,0xEE,0x00,0xAD,0x00,0xF9,0x2B,0x3F,0x76,0x9F,0xE7,0x5E,0x7D,0x9C,0x02,0x7A,0x02,0x52,0x01,0x50,0x09,0xB0,0x19,
  0xB0,0x19,0x0F,0x09,0x96,0x02,0x7E,0x03,0xBC,0x02,0xDD,0x02,0x17,0x02,0x8C,0x00,0xCE,0x00,0xAD,0x00,0x53,0x12,0x1F,0x56,
  0x3F,0x24,0xFE,0x02,0x1E,0x03,0xFE,0x02,0xFD,0x02,0xFD,0x02,0x1E,0x03,0xDC,0x02,0x10,0x01,0xEE,0x00,0x70,0x09,0xBD,0x2C,
  0x1F,0x76,0x7D,0x4C,0xDD,0x02,0x3E,0x03,0x3E,0x03,0xDD,0x02,0xF9,0x01,0xD7,0x01,0xEE,0x00,0xEE,0x00,0xAD,0x00,0xD1,0x09,
  0xFF,0x55,0x1E,0x1C,0xDE,0x02,0x9C,0x02,0xF8,0x01,0x0F,0x01,0x6C,0x00,0xB7,0x8C,0xFF,0xFF,0x30,0x32,0x4F,0x01,0xBF,0x55,
  0xBF,0x13,0xFE,0x02,0xBC,0x02,0xF7,0x01,0xEF,0x00,0x0F,0x01,0x6F,0x11,0x8F,0x19,0x4F,0x11,0xEF,0x00,0x70,0x01,0x5E,0x4D,
  0xDF,0x34,0xFE,0x02,0xBC,0x02,0xD8,0x01,0x30,0x01,0xEE,0x00,0x2F,0x09,0x90,0x19,0xB0,0x19,0x70,0x11,0xCE,0x00,0x2F,0x01,
  0x7E,0x4D,0xFF,0x34,0xDD,0x02,0x1E,0x03,0xFE,0x02,0x51,0x01,0xEE,0x00,0x0F,0x01,0x0F,0x01,0x2F,0x01,0x8E,0x00,0x56,0x7C,
  0x5E,0xEF,0xBF,0xF7,0xFF,0xFF,0xFF,0xFF,0xFF,0xFF,0xFF,0xFF,0xFF,0xFF,0xFF,0xFF,0xFF,0xFF,0xFF,0xFF,0xFF,0xFF,0xFF,0xFF,
  0xFF,0xFF,0xFF,0xFF,0xFF,0xFF,0xFF,0xFF,0xFF,0xFF,0xFF,0xFF,0xFF,0xFF,0xFF,0xFF,0xFF,0xFF,0xFF,0xFF,0xFF,0xFF,0xFF,0xFF,
  0xDF,0xFF,0xFF,0xFF,0xFA,0xB5,0xAC,0x00,0xEE,0x00,0xFC,0x44,0x5F,0x3D,0xFE,0x02,0xFD,0x02,0x1E,0x03,0x52,0x01,0x6C,0x00,
  0x8D,0x00,0x6C,0x00,0x6D,0x00,0xAD,0x00,0x4C,0x00,0x33,0x12,0xBF,0x4D,0xFE,0x1B,0xDE,0x02,0xFD,0x02,0xF9,0x01,0x10,0x01,
  0xEE,0x00,0xEE,0x00,0x8C,0x00,0xF9,0x33,0x3F,0x3D,0x3D,0x0B,0x1D,0x0B,0x1F,0x03,0xB4,0x01,0x6C,0x00,0xB5,0x63,0x9E,0xF7,
  0x9F,0xF7,0x54,0x5B,0x8C,0x00,0x2F,0x01,0x10,0x01,0x30,0x01,0xCE,0x00,0xAF,0x21,0xCF,0x21,0x6C,0x00,0x32,0x12,0x1F,0x56,
  0x1E,0x1C,0xDE,0x02,0x1E,0x03,0xFE,0x02,0xFE,0x02,0x1E,0x03,0x1E,0x03,0x3E,0x03,0x79,0x02,0xED,0x00,0x7B,0x2C,0x7E,0x0B,
  0x3D,0x03,0x3E,0x03,0x1E,0x03,0x3E,0x03,0x3F,0x03,0xFD,0x02,0xF9,0x01,0xD7,0x01,0xEE,0x00,0xEE,0x00,0xAD,0x00,0xF1,0x11,
  0xFF,0x55,0xFE,0x1B,0xDE,0x02,0x9C,0x02,0xF8,0x01,0x0F,0x01,0x6C,0x00,0xB6,0x8C,0xFF,0xFF,0x50,0x3A,0x4F,0x01,0x9F,0x4D,
  0x7F,0x0B,0xDE,0x02,0xBD,0x02,0x18,0x02,0xCE,0x00,0x8F,0x19,0xDD,0xDE,0x9E,0xF7,0x38,0x9D,0x8D,0x00,0x70,0x09,0x7E,0x4D,
  0xFF,0x34,0xFE,0x02,0x9B,0x02,0xD7,0x01,0x31,0x01,0xAD,0x00,0x13,0x4B,0x9E,0xF7,0x9F,0xF7,0xD7,0x94,0x8C,0x00,0x70,0x09,
  0x9E,0x55,0xDF,0x34,0xBD,0x02,0xFD,0x02,0xFD,0x02,0x10,0x01,0x8D,0x00,0x8D,0x00,0x8C,0x00,0xAD,0x00,0x4C,0x00,0x35,0x7C,
  0x5E,0xEF,0x9E,0xF7,0xDF,0xFF,0xFF,0xFF,0xFF,0xFF,0xFF,0xFF,0xFF,0xFF,0xFF,0xFF,0xFF,0xFF,0xFF,0xFF,0xFF,0xFF,0xFF,0xFF,
  0xFF,0xFF,0xFF,0xFF,0xFF,0xFF,0xFF,0xFF,0xFF,0xFF,0xFF,0xFF,0xFF,0xFF,0xFF,0xFF,0xFF,0xFF,0xFF,0xFF,0xFF,0xFF,0xFF,0xFF,
  0xFF,0xFF,0xFF,0xFF,0xFA,0xB5,0xAC,0x00,0xEE,0x00,0xFC,0x44,0x7F,0x45,0x1E,0x03,0xFE,0x02,0xDD,0x02,0x5A,0x13,0xD9,0x2B,
  0xD9,0x2B,0xF9,0x2B,0xF9,0x33,0x1A,0x34,0x19,0x34,0x7B,0x34,0x5F,0x35,0xDE,0x13,0xDE,0x02,0xDD,0x02,0xF8,0x01,0x10,0x01,
  0xEE,0x00,0xEE,0x00,0x8D,0x00,0xF9,0x33,0x3F,0x3D,0xDD,0x02,0xFD,0x02,0x1F,0x03,0xB4,0x01,0x6C,0x00,0xF5,0x73,0xFF,0xFF,
  0xFF,0xFF,0x73,0x63,0x8B,0x00,0x2F,0x09,0x2E,0x09,0x2E,0x09,0xAD,0x00,0xFB,0xBD,0xFA,0xB5,0x2A,0x00,0x32,0x12,0xFF,0x4D,
  0x1E,0x1C,0xDE,0x02,0x1E,0x03,0x1E,0x03,0x3F,0x03,0x1E,0x03,0x1E,0x03,0x3E,0x03,0x79,0x02,0xEC,0x08,0xDD,0x34,0x7F,0x03,
  0x1E,0x03,0x3F,0x03,0x5F,0x03,0x1E,0x03,0x1E,0x03,0xFD,0x02,0xF9,0x01,0xD7,0x01,0xEE,0x00,0xEE,0x00,0xAD,0x00,0xF2,0x11,
  0xFF,0x55,0xFE,0x1B,0xDE,0x02,0x9C,0x02,0xF8,0x01,0x0F,0x01,0x8C,0x00,0xB6,0x8C,0xFF,0xFF,0x51,0x3A,0x4F,0x01,0x9F,0x4D,
  0x7F,0x0B,0xDE,0x02,0xBD,0x02,0xF7,0x01,0xCE,0x00,0x8E,0x19,0x7E,0xEF,0xFF,0xFF,0xBA,0xAD,0x8D,0x00,0x70,0x09,0x7E,0x4D,
  0xDF,0x34,0xDE,0x02,0x9C,0x02,0xD8,0x01,0x31,0x01,0x8D,0x00,0x33,0x53,0xFF,0xFF,0xFF,0xFF,0x18,0x9D,0x6C,0x00,0x70,0x09,
  0x9E,0x4D,0xDF,0x34,0xBD,0x02,0xFE,0x02,0xFD,0x02,0x99,0x23,0xD9,0x2B,0xD9,0x2B,0xD8,0x2B,0xF9,0x33,0x96,0x0A,0x0F,0x01,
  0xCD,0x08,0x58,0xA5,0xFF,0xFF,0xDF,0xFF,0xFF,0xFF,0xFF,0xFF,0xFF,0xFF,0xFF,0xFF,0xFF,0xFF,0xFF,0xFF,0xFF,0xFF,0xFF,0xFF,
  0xFF,0xFF,0xFF,0xFF,0xFF,0xFF,0xFF,0xFF,0xFF,0xFF,0xFF,0xFF,0xFF,0xFF,0xFF,0xFF,0xFF,0xFF,0xFF,0xFF,0xFF,0xFF,0xFF,0xFF,
  0xFF,0xFF,0xFF,0xFF,0xFA,0xB5,0xAC,0x00,0xEE,0x00,0xFC,0x44,0x7F,0x45,0x1E,0x03,0xFE,0x02,0xDD,0x02,0x3F,0x1C,0x5F,0x3D,
  0x3F,0x35,0x3F,0x35,0x3F,0x35,0x3F,0x35,0x7F,0x3D,0xFF,0x34,0xFF,0x13,0x7F,0x03,0xFE,0x02,0xDC,0x02,0xF8,0x01,0x0F,0x01,
  0xCE,0x00,0xEE,0x00,0xAD,0x00,0x19,0x34,0x5F,0x3D,0xFE,0x02,0xFE,0x02,0x1E,0x03,0xB3,0x01,0x6C,0x00,0xF5,0x6B,0xFF,0xFF,
  0xDF,0xFF,0x3D,0xE7,0xDC,0xD6,0xFD,0xDE,0xFD,0xDE,0xFD,0xDE,0xDC,0xD6,0xBF,0xF7,0xB9,0xAD,0x4B,0x00,0x73,0x1A,0x3F,0x5E,
  0x3E,0x24,0xDD,0x02,0x1D,0x03,0x16,0x02,0xD4,0x01,0x5C,0x03,0x5E,0x03,0x1E,0x03,0x3D,0x03,0x9B,0x13,0x3F,0x1C,0x3E,0x03,
  0x1E,0x03,0x57,0x02,0xB3,0x01,0x9B,0x13,0xDF,0x0B,0xDC,0x02,0x19,0x02,0xD7,0x01,0xEE,0x00,0xEE,0x00,0xAD,0x00,0xF2,0x11,
  0xDF,0x55,0xFE,0x1B,0xDE,0x02,0x7B,0x02,0xF8,0x01,0x0F,0x01,0x8C,0x00,0xB6,0x8C,0xFF,0xFF,0x51,0x3A,0x4F,0x01,0x7F,0x4D,
  0x7F,0x0B,0xDD,0x02,0xBD,0x02,0xF8,0x01,0xCE,0x00,0x8F,0x19,0x5E,0xE7,0xFF,0xFF,0x99,0xAD,0x8D,0x00,0x4F,0x09,0x7E,0x4D,
  0xDF,0x34,0xDE,0x02,0xBC,0x02,0xF8,0x01,0x51,0x01,0x8C,0x00,0x12,0x4B,0xFF,0xFF,0xFF,0xFF,0x18,0x9D,0x8D,0x00,0x70,0x09,
  0x9E,0x55,0xDF,0x34,0xDE,0x02,0x1E,0x03,0xFD,0x02,0xBF,0x2C,0x3F,0x3D,0x1F,0x35,0x1F,0x35,0x5F,0x3D,0x9E,0x13,0x31,0x01,
  0x6D,0x00,0x18,0x9D,0xFF,0xFF,0xDF,0xFF,0xFF,0xFF,0xFF,0xFF,0xFF,0xFF,0xFF,0xFF,0xFF,0xFF,0xFF,0xFF,0xFF,0xFF,0xFF,0xFF,
  0xFF,0xFF,0xFF,0xFF,0xFF,0xFF,0xFF,0xFF,0xFF,0xFF,0xFF,0xFF,0xFF,0xFF,0xFF,0xFF,0xFF,0xFF,0xFF,0xFF,0xFF,0xFF,0xFF,0xFF,
  0xFF,0xFF,0xFF,0xFF,0xFA,0xB5,0xAC,0x00,0xEE,0x00,0xFC,0x44,0x7F,0x45,0xFD,0x02,0xFE,0x02,0x1E,0x03,0x1E,0x03,0x1E,0x03,
  0xFE,0x02,0xFE,0x02,0xFE,0x02,0xFE,0x02,0x1E,0x03,0x1E,0x03,0xFE,0x02,0xFE,0x02,0xFE,0x02,0xDD,0x02,0x19,0x02,0x0F,0x01,
  0xEE,0x00,0xEE,0x00,0x8D,0x00,0x19,0x2C,0x5F,0x3D,0xFE,0x02,0xFE,0x02,0x1E,0x03,0x93,0x01,0x4B,0x00,0xF5,0x6B,0xFF,0xFF,
  0xDF,0xFF,0xFF,0xFF,0xFF,0xFF,0xFF,0xFF,0xFF,0xFF,0xFF,0xFF,0xFF,0xFF,0xFF,0xFF,0xB9,0xAD,0x6D,0x00,0x94,0x1A,0x3F,0x5E,
  0x1E,0x1C,0xDD,0x02,0x3E,0x03,0x31,0x01,0x8C,0x00,0x1D,0x14,0x9F,0x03,0x1E,0x03,0x3E,0x03,0x1F,0x03,0xFE,0x02,0x1E,0x03,
  0x3F,0x03,0x92,0x01,0x4A,0x00,0x5A,0x34,0xBF,0x2C,0xBC,0x02,0x19,0x02,0xF7,0x01,0xEE,0x00,0xEE,0x00,0xAD,0x00,0xF2,0x11,
  0xDF,0x55,0xDE,0x1B,0xDE,0x02,0x7B,0x02,0xF8,0x01,0x0F,0x01,0x6C,0x00,0xB6,0x8C,0xFF,0xFF,0x51,0x3A,0x4F,0x01,0x5F,0x45,
  0x5E,0x03,0xFE,0x02,0xBD,0x02,0xF7,0x01,0xCE,0x00,0x8F,0x19,0x5E,0xE7,0xFF,0xFF,0x79,0xAD,0x6C,0x00,0x4F,0x09,0x9E,0x4D,
  0xFF,0x34,0xDE,0x02,0x9C,0x02,0xF8,0x01,0x51,0x01,0x8C,0x00,0x12,0x4B,0xFF,0xFF,0xFF,0xFF,0x18,0x9D,0x6C,0x00,0x6F,0x09,
  0x9E,0x55,0xDF,0x34,0xDE,0x02,0x1E,0x03,0xFE,0x02,0xFE,0x02,0xFE,0x02,0xDD,0x02,0xDD,0x02,0xDD,0x02,0x9B,0x02,0x30,0x01,
  0x8D,0x00,0x59,0xA5,0xFF,0xFF,0xDF,0xFF,0xFF,0xFF,0xFF,0xFF,0xFF,0xFF,0xFF,0xFF,0xFF,0xFF,0xFF,0xFF,0xFF,0xFF,0xFF,0xFF,
  0xFF,0xFF,0xFF,0xFF,0xFF,0xFF,0xFF,0xFF,0xFF,0xFF,0xFF,0xFF,0xFF,0xFF,0xFF,0xFF,0xFF,0xFF,0xFF,0xFF,0xFF,0xFF,0xFF,0xFF,
  0xFF,0xFF,0xFF,0xFF,0xFA,0xB5,0xAD,0x00,0xEE,0x00,0xBC,0x3C,0x3F,0x3D,0x1E,0x03,0x1E,0x03,0xFD,0x02,0xDC,0x02,0xBB,0x02,
  0xDB,0x02,0xDC,0x02,0xDC,0x02,0xDC,0x02,0xDC,0x02,0x1D,0x03,0x5E,0x03,0x1E,0x03,0xFE,0x02,0xDD,0x02,0xF8,0x01,0x10,0x01,
  0xEE,0x00,0xEE,0x00,0xAD,0x00,0xF9,0x2B,0x3F,0x3D,0xFD,0x02,0xFD,0x02,0x3E,0x03,0xB3,0x01,0x4C,0x00,0xF5,0x6B,0xFF,0xFF,
  0xDF,0xFF,0xDF,0xFF,0xBF,0xF7,0xBF,0xF7,0xBF,0xF7,0xDF,0xF7,0xBF,0xF7,0xFF,0xFF,0x99,0xA5,0x4B,0x00,0x52,0x12,0xDF,0x45,
  0xFE,0x13,0xDD,0x02,0x3F,0x03,0x73,0x01,0xEF,0x00,0xBC,0x0B,0x7E,0x03,0x1E,0x03,0xFD,0x02,0xFD,0x02,0x1D,0x03,0xFD,0x02,
  0xFD,0x02,0xB3,0x01,0x8D,0x00,0x7B,0x3C,0xDF,0x2C,0xDD,0x02,0x19,0x02,0xD7,0x01,0xEE,0x00,0xEE,0x00,0xAD,0x00,0xF1,0x11,
  0xDF,0x55,0xFE,0x1B,0xDE,0x02,0x7B,0x02,0xF8,0x01,0x0F,0x01,0x6C,0x00,0xB6,0x8C,0xFF,0xFF,0x51,0x3A,0x70,0x01,0x5F,0x45,
  0x7F,0x03,0xFE,0x02,0xBD,0x02,0xF7,0x01,0xCE,0x00,0x8F,0x19,0x5E,0xE7,0xFF,0xFF,0x79,0xA5,0x6C,0x00,0x4F,0x01,0x7E,0x4D,
  0xFF,0x34,0xDE,0x02,0x9C,0x02,0xF8,0x01,0x31,0x01,0x8C,0x00,0x12,0x53,0xFF,0xFF,0xFF,0xFF,0x18,0x9D,0x6C,0x00,0x6F,0x09,
  0x9E,0x4D,0xDF,0x34,0xDD,0x02,0xFE,0x02,0xFE,0x02,0xBB,0x02,0xBB,0x02,0xBC,0x02,0xBC,0x02,0xBB,0x02,0x59,0x02,0x0E,0x01,
  0x4B,0x00,0x18,0x9D,0xFF,0xFF,0xDF,0xFF,0xFF,0xFF,0xFF,0xFF,0xFF,0xFF,0xFF,0xFF,0xFF,0xFF,0xFF,0xFF,0xFF,0xFF,0xFF,0xFF,
  0xFF,0xFF,0xFF,0xFF,0xFF,0xFF,0xFF,0xFF,0xFF,0xFF,0xFF,0xFF,0xFF,0xFF,0xFF,0xFF,0xFF,0xFF,0xFF,0xFF,0xFF,0xFF,0xFF,0xFF,
  0xFF,0xFF,0xFF,0xFF,0xFA,0xB5,0xAC,0x00,0xEE,0x00,0x9D,0x34,0x1F,0x35,0x1E,0x03,0x1E,0x03,0x7A,0x02,0x52,0x01,0x0F,0x01,
  0x30,0x01,0x30,0x01,0x30,0x01,0x2F,0x01,0xAD,0x00,0x54,0x0A,0x5F,0x35,0xFE,0x1B,0xDE,0x02,0xDD,0x02,0xD7,0x01,0x0F,0x01,
  0xEE,0x00,0x0E,0x01,0xAD,0x00,0xF9,0x2B,0x3F,0x3D,0xFD,0x02,0xFD,0x02,0x3E,0x03,0xB3,0x01,0x6C,0x00,0xF5,0x6B,0xFF,0xFF,
  0x9E,0xF7,0x92,0x42,0xB0,0x21,0xF1,0x21,0xF1,0x21,0x10,0x2A,0x4E,0x19,0xDA,0xB5,0x5B,0xC6,0x2A,0x00,0x32,0x12,0x9F,0x3D,
  0xFE,0x13,0xDE,0x02,0x3F,0x03,0x72,0x01,0xEE,0x00,0xAE,0x00,0xF6,0x12,0x5F,0x1C,0xDD,0x02,0x1D,0x03,0x1E,0x03,0xFD,0x02,
  0x51,0x01,0x0F,0x01,0xAE,0x00,0x5B,0x34,0xDF,0x2C,0xDD,0x02,0x19,0x02,0xD7,0x01,0xCE,0x00,0xEE,0x00,0xAD,0x00,0xD1,0x11,
  0xDF,0x55,0xFE,0x1B,0xDE,0x02,0x7B,0x02,0xF8,0x01,0x0F,0x01,0x8C,0x00,0x96,0x8C,0xFF,0xFF,0x30,0x3A,0x6F,0x01,0xDF,0x34,
  0x3F,0x03,0x1E,0x03,0xBD,0x02,0x17,0x02,0xCE,0x00,0x8F,0x19,0x5E,0xE7,0xFF,0xFF,0x99,0xAD,0x8D,0x00,0x4F,0x01,0xFE,0x34,
  0x9F,0x24,0xDE,0x02,0x9C,0x02,0xF8,0x01,0x51,0x01,0x8C,0x00,0x13,0x53,0xFF,0xFF,0xFF,0xFF,0x18,0x9D,0x6C,0x00,0x70,0x09,
  0x3E,0x3D,0x7F,0x24,0xBD,0x02,0xFE,0x02,0xFD,0x02,0x31,0x01,0xEE,0x00,0x0F,0x01,0x0F,0x01,0x0F,0x01,0x0F,0x01,0x4F,0x09,
  0xEE,0x10,0x79,0xA5,0xFF,0xFF,0xFF,0xFF,0xFF,0xFF,0xFF,0xFF,0xFF,0xFF,0xFF,0xFF,0xFF,0xFF,0xFF,0xFF,0xFF,0xFF,0xFF,0xFF,
  0xFF,0xFF,0xFF,0xFF,0xFF,0xFF,0xFF,0xFF,0xFF,0xFF,0xFF,0xFF,0xFF,0xFF,0xFF,0xFF,0xFF,0xFF,0xFF,0xFF,0xFF,0xFF,0xFF,0xFF,
  0xFF,0xFF,0xFF,0xFF,0xFA,0xB5,0xAC,0x00,0xEE,0x00,0x9C,0x34,0x1F,0x35,0x1D,0x03,0xFE,0x02,0x5B,0x02,0x52,0x01,0xEE,0x00,
  0xEE,0x00,0x8D,0x00,0x8D,0x00,0xEF,0x00,0xAE,0x00,0x54,0x12,0x9F,0x45,0xFE,0x1B,0xDE,0x02,0xFD,0x02,0xD8,0x01,0x0F,0x01,
  0xEE,0x00,0x0E,0x01,0xAD,0x00,0xF9,0x2B,0x3F,0x3D,0xFE,0x02,0x1E,0x03,0x3F,0x03,0x92,0x01,0x4A,0x00,0xF4,0x73,0xFF,0xFF,
  0xDF,0xFF,0xD1,0x21,0x6D,0x00,0xAD,0x00,0xAD,0x00,0xEE,0x00,0x8D,0x00,0x13,0x53,0xB4,0x63,0x6C,0x00,0x33,0x12,0x9F,0x3D,
  0xDE,0x13,0xDE,0x02,0x1E,0x03,0x51,0x01,0xCD,0x00,0x8C,0x00,0xD5,0x12,0x7F,0x1C,0xDD,0x02,0x1E,0x03,0x1E,0x03,0x1E,0x03,
  0x30,0x01,0xEE,0x00,0xAD,0x00,0x1A,0x2C,0xBF,0x24,0xDD,0x02,0x19,0x02,0xF7,0x01,0xEE,0x00,0xEE,0x00,0xAC,0x00,0xD1,0x09,
  0xDF,0x4D,0xFE,0x1B,0xDE,0x02,0x7B,0x02,0xD7,0x01,0x0F,0x01,0x6C,0x00,0xB6,0x8C,0xFF,0xFF,0x51,0x3A,0x4E,0x01,0x7F,0x2C,
  0xFE,0x02,0x1E,0x03,0xBD,0x02,0x18,0x02,0xCE,0x00,0x8F,0x19,0x5E,0xE7,0xFF,0xFF,0x99,0xAD,0x8D,0x00,0x4F,0x01,0xFE,0x34,
  0x9F,0x24,0xDE,0x02,0x9C,0x02,0xF8,0x01,0x51,0x01,0x8C,0x00,0x13,0x53,0xFF,0xFF,0xFF,0xFF,0x18,0x9D,0x6C,0x00,0x50,0x09,
  0x3E,0x3D,0x7F,0x24,0xDD,0x02,0x1E,0x03,0xFD,0x02,0x30,0x01,0xCE,0x00,0xEE,0x00,0xCD,0x00,0xEE,0x00,0x8D,0x00,0xB5,0x63,
  0xBC,0xD6,0x1D,0xE7,0x7E,0xEF,0x9E,0xF7,0xFF,0xFF,0xFF,0xFF,0xFF,0xFF,0xFF,0xFF,0xFF,0xFF,0xFF,0xFF,0xFF,0xFF,0xFF,0xFF,
  0xFF,0xFF,0xFF,0xFF,0xFF,0xFF,0xFF,0xFF,0xFF,0xFF,0xFF,0xFF,0xFF,0xFF,0xFF,0xFF,0xFF,0xFF,0xFF,0xFF,0xFF,0xFF,0xFF,0xFF,
  0xFF,0xFF,0xFF,0xFF,0xFA,0xB5,0xAC,0x00,0xEE,0x00,0x9C,0x34,0x1F,0x35,0xFD,0x02,0x1E,0x03,0x5B,0x02,0x52,0x01,0xCD,0x00,
  0x8F,0x19,0x53,0x5B,0x74,0x5B,0xB1,0x19,0xAE,0x00,0x95,0x1A,0xBF,0x4D,0xFE,0x1B,0xDE,0x02,0xDD,0x02,0xD8,0x01,0x0F,0x01,
  0xEE,0x00,0x0F,0x01,0xAD,0x00,0xF9,0x2B,0x3F,0x35,0xFD,0x02,0x1E,0x03,0x1E,0x03,0xFC,0x02,0x72,0x01,0x8F,0x19,0x92,0x3A,
  0x92,0x32,0x30,0x09,0xD6,0x1A,0xBC,0x3C,0x7C,0x34,0x7D,0x0B,0x37,0x02,0x8C,0x00,0x8D,0x00,0xAD,0x00,0x33,0x12,0x9F,0x3D,
  0xFE,0x13,0xDE,0x02,0x1E,0x03,0x51,0x01,0xCD,0x00,0xCD,0x00,0x2E,0x01,0x15,0x02,0x3F,0x03,0x1F,0x03,0xDD,0x02,0x93,0x01,
  0x0F,0x01,0xEE,0x00,0x8C,0x00,0x1A,0x2C,0xBF,0x24,0xDD,0x02,0x3A,0x02,0xF8,0x01,0xEE,0x00,0xEE,0x00,0xAD,0x00,0xD1,0x11,
  0xBF,0x4D,0xDE,0x13,0xDE,0x02,0xFE,0x02,0xBC,0x02,0x0F,0x01,0xCD,0x00,0xB0,0x21,0x92,0x42,0x51,0x09,0x34,0x0A,0x7F,0x2C,
  0xFE,0x02,0x1E,0x03,0x9D,0x02,0xF7,0x01,0xCE,0x00,0x8F,0x19,0x5E,0xE7,0xFF,0xFF,0x79,0xA5,0x6C,0x00,0x4F,0x01,0xFE,0x34,
  0x9F,0x24,0xDD,0x02,0x9B,0x02,0xF8,0x01,0x31,0x01,0x8C,0x00,0x13,0x53,0xFF,0xFF,0xFF,0xFF,0x18,0x9D,0x6C,0x00,0x50,0x09,
  0x3E,0x3D,0x7F,0x24,0xBD,0x02,0xFE,0x02,0xFD,0x02,0x30,0x01,0xEE,0x00,0xEE,0x00,0xEE,0x00,0xEE,0x00,0xCE,0x00,0x2E,0x09,
  0xAF,0x19,0xB0,0x19,0x0E,0x11,0x16,0x74,0xFF,0xFF,0xDF,0xFF,0xFF,0xFF,0xFF,0xFF,0xFF,0xFF,0xFF,0xFF,0xFF,0xFF,0xFF,0xFF,
  0xFF,0xFF,0xFF,0xFF,0xFF,0xFF,0xFF,0xFF,0xFF,0xFF,0xFF,0xFF,0xFF,0xFF,0xFF,0xFF,0xFF,0xFF,0xFF,0xFF,0xFF,0xFF,0xFF,0xFF,
  0xFF,0xFF,0xFF,0xFF,0xFA,0xB5,0xAD,0x00,0xEE,0x00,0x9C,0x34,0x1F,0x35,0xFD,0x02,0xFD,0x02,0x3A,0x02,0x51,0x01,0x8C,0x00,
  0x54,0x5B,0xFF,0xFF,0xFF,0xFF,0xB3,0x42,0x4C,0x00,0x94,0x1A,0xDF,0x4D,0x1E,0x1C,0xDE,0x02,0xDD,0x02,0xD8,0x01,0x0F,0x01,
  0xEE,0x00,0x0F,0x01,0x8D,0x00,0xF9,0x2B,0x5F,0x35,0xDD,0x02,0x1D,0x03,0x1E,0x03,0x7F,0x03,0xD5,0x01,0x8D,0x00,0x4C,0x00,
  0x6C,0x00,0x6D,0x00,0x57,0x23,0x1F,0x56,0x9F,0x45,0xDF,0x0B,0x58,0x02,0xCD,0x00,0x0F,0x01,0xAD,0x00,0x33,0x12,0x9F,0x3D,
  0xDE,0x13,0xDE,0x02,0x1E,0x03,0x51,0x01,0xCD,0x00,0xEE,0x00,0x4C,0x00,0x73,0x01,0x5F,0x03,0x1F,0x03,0xDD,0x02,0x8D,0x00,
  0x8D,0x00,0xEE,0x00,0x8C,0x00,0x3A,0x34,0xBF,0x24,0xDE,0x02,0x3A,0x02,0x18,0x02,0xEE,0x00,0xEE,0x00,0x8C,0x00,0xD1,0x11,
  0xDF,0x4D,0xBE,0x13,0xDD,0x02,0x3E,0x03,0xFD,0x02,0xEF,0x00,0xCE,0x00,0x8D,0x00,0x4D,0x00,0xCF,0x00,0x75,0x0A,0x9F,0x2C,
  0x1E,0x03,0x1E,0x03,0xBC,0x02,0xF6,0x01,0xCE,0x00,0xB0,0x19,0x5E,0xE7,0xFF,0xFF,0x79,0xA5,0x6C,0x00,0x4F,0x01,0x1E,0x3D,
  0x9F,0x24,0xDD,0x02,0x9C,0x02,0xF8,0x01,0x30,0x01,0x8C,0x00,0x12,0x53,0xFF,0xFF,0xFF,0xFF,0x18,0x9D,0x6C,0x00,0x4F,0x09,
  0x3E,0x45,0x9F,0x2C,0xDE,0x02,0xFE,0x02,0xDC,0x02,0xCE,0x00,0xAD,0x00,0xCE,0x00,0xCE,0x00,0xCD,0x00,0xCE,0x00,0xAD,0x00,
  0x8D,0x00,0xCD,0x00,0x4B,0x00,0xB4,0x63,0xFF,0xFF,0xDF,0xFF,0xFF,0xFF,0xFF,0xFF,0xFF,0xFF,0xFF,0xFF,0xFF,0xFF,0xFF,0xFF,
  0xFF,0xFF,0xFF,0xFF,0xFF,0xFF,0xFF,0xFF,0xFF,0xFF,0xFF,0xFF,0xFF,0xFF,0xFF,0xFF,0xFF,0xFF,0xFF,0xFF,0xFF,0xFF,0xFF,0xFF,
  0xDF,0xFF,0xFF,0xFF,0xFA,0xB5,0xAD,0x00,0xEE,0x00,0x9C,0x34,0x1F,0x35,0xFD,0x02,0xFD,0x02,0x3A,0x02,0x31,0x01,0x8C,0x00,
  0x54,0x5B,0xFF,0xFF,0xFF,0xFF,0x92,0x42,0x4C,0x00,0x74,0x1A,0xBF,0x45,0xFE,0x1B,0xDE,0x02,0xFD,0x02,0xF8,0x01,0xEF,0x00,
  0xCE,0x00,0xAD,0x00,0xED,0x00,0xB1,0x09,0x75,0x0A,0x1E,0x03,0x1E,0x03,0x1E,0x03,0x3E,0x03,0x3B,0x03,0x58,0x1B,0xD5,0x1A,
  0x16,0x23,0xFA,0x2B,0xFC,0x1B,0x9E,0x13,0xBE,0x0B,0xBC,0x02,0xF7,0x01,0xEE,0x00,0xEE,0x00,0xAD,0x00,0x33,0x12,0x9F,0x3D,
  0xFE,0x13,0xDD,0x02,0x1D,0x03,0x72,0x01,0xCD,0x00,0x6F,0x09,0x36,0x7C,0x52,0x2A,0x52,0x01,0xB3,0x01,0x72,0x01,0x94,0x63,
  0xF2,0x4A,0xAD,0x00,0xAD,0x00,0x5A,0x34,0x9F,0x24,0xDD,0x02,0x3A,0x02,0x18,0x02,0xEE,0x00,0xEE,0x00,0xED,0x00,0x2E,0x01,
  0x76,0x12,0x1D,0x03,0x1E,0x03,0xFD,0x02,0xFD,0x02,0xFA,0x02,0x1B,0x2C,0x1A,0x34,0xF9,0x33,0x3A,0x13,0xDC,0x02,0x7E,0x0B,
  0x3F,0x03,0xFD,0x02,0x1A,0x02,0x73,0x01,0xCD,0x00,0xAF,0x19,0x5E,0xE7,0xFF,0xFF,0x79,0xA5,0x8D,0x00,0x50,0x01,0x1E,0x3D,
  0x9F,0x2C,0xDE,0x02,0x9B,0x02,0xD7,0x01,0x30,0x01,0x8C,0x00,0x33,0x53,0xFF,0xFF,0xFF,0xFF,0x18,0x9D,0x6C,0x00,0x70,0x09,
  0x3E,0x45,0x9F,0x2C,0xDE,0x02,0xFD,0x02,0xFD,0x02,0xDA,0x23,0xFA,0x23,0x1A,0x2C,0x3B,0x2C,0x3B,0x2C,0x1A,0x2C,0x1A,0x2C,
  0x9A,0x1B,0x70,0x01,0x6C,0x00,0xD5,0x6B,0xFF,0xFF,0xDF,0xFF,0xFF,0xFF,0xFF,0xFF,0xFF,0xFF,0xFF,0xFF,0xFF,0xFF,0xFF,0xFF,
  0xFF,0xFF,0xFF,0xFF,0xFF,0xFF,0xFF,0xFF,0xFF,0xFF,0xFF,0xFF,0xFF,0xFF,0xFF,0xFF,0xFF,0xFF,0xFF,0xFF,0xFF,0xFF,0xFF,0xFF,
  0xFF,0xFF,0xFF,0xFF,0xFA,0xB5,0xAD,0x00,0xEE,0x00,0xDD,0x3C,0x3F,0x35,0xDD,0x02,0xFE,0x02,0x5B,0x02,0x52,0x01,0x6C,0x00,
  0x33,0x5B,0xFF,0xFF,0xFF,0xFF,0xB2,0x42,0x4C,0x00,0x94,0x1A,0xFF,0x4D,0x1F,0x1C,0xDE,0x02,0xFD,0x02,0xF8,0x01,0x10,0x01,
  0xEE,0x00,0x10,0x2A,0xCE,0x00,0x8D,0x00,0x31,0x01,0x3F,0x03,0x3F,0x03,0x1E,0x03,0x5E,0x03,0xBF,0x03,0x9F,0x35,0xFF,0x4D,
  0xFF,0x4D,0xFF,0x4D,0x5F,0x1C,0x9D,0x02,0x1E,0x03,0x7D,0x02,0xD7,0x01,0xCE,0x00,0xEE,0x00,0xAD,0x00,0x53,0x12,0xFF,0x45,
  0x1F,0x1C,0xFE,0x02,0x3F,0x03,0x93,0x01,0xCD,0x00,0xAF,0x19,0xFF,0xFF,0x13,0x53,0x0A,0x00,0x6B,0x00,0x0A,0x00,0xFD,0xDE,
  0xFB,0xBD,0xAE,0x00,0xEF,0x00,0x7B,0x34,0x9F,0x24,0xBC,0x02,0x19,0x02,0xF7,0x01,0xEE,0x00,0xEE,0x00,0xAD,0x00,0xCD,0x00,
  0x53,0x01,0xDE,0x02,0x3F,0x03,0x1E,0x03,0x3F,0x03,0x1F,0x0C,0xBF,0x45,0xDF,0x4D,0xFF,0x4D,0x7F,0x24,0xFE,0x02,0x1E,0x03,
  0x3F,0x03,0xFE,0x02,0xD9,0x01,0x52,0x01,0x4C,0x00,0x0D,0x09,0x5E,0xE7,0xFF,0xFF,0x9A,0xA5,0xAE,0x00,0x4F,0x01,0x3E,0x35,
  0xBF,0x24,0xDD,0x02,0x9C,0x02,0xF8,0x01,0x31,0x01,0x8C,0x00,0x13,0x53,0xFF,0xFF,0xFF,0xFF,0x18,0x9D,0x6C,0x00,0x70,0x09,
  0x7E,0x45,0xDF,0x2C,0xFE,0x02,0x1E,0x03,0x5E,0x03,0x5F,0x35,0x9F,0x3D,0x9F,0x3D,0x9F,0x45,0x9F,0x45,0x7F,0x3D,0x9F,0x45,
  0x7F,0x1C,0x93,0x01,0x8D,0x00,0xD5,0x6B,0xFF,0xFF,0xDF,0xFF,0xFF,0xFF,0xFF,0xFF,0xFF,0xFF,0xFF,0xFF,0xFF,0xFF,0xFF,0xFF,
  0xFF,0xFF,0xFF,0xFF,0xFF,0xFF,0xFF,0xFF,0xFF,0xFF,0xFF,0xFF,0xFF,0xFF,0xFF,0xFF,0xFF,0xFF,0xFF,0xFF,0xFF,0xFF,0xFF,0xFF,
  0xFF,0xFF,0xFF,0xFF,0xFA,0xB5,0xAC,0x00,0xED,0x00,0xF8,0x12,0x5B,0x13,0x5A,0x02,0x7B,0x02,0x3A,0x02,0x52,0x01,0x6C,0x00,
  0x33,0x5B,0xFF,0xFF,0xFF,0xFF,0xB3,0x42,0x8D,0x00,0x14,0x0A,0xDC,0x23,0xDA,0x0A,0x39,0x02,0x39,0x02,0xD7,0x01,0x0F,0x01,
  0xAD,0x00,0x18,0x95,0x76,0x84,0x72,0x3A,0x0E,0x01,0xD4,0x01,0x37,0x02,0xBC,0x02,0xDC,0x02,0xFD,0x02,0x7C,0x13,0xBC,0x1B,
  0x9C,0x1B,0xBC,0x1B,0x3C,0x0B,0x9C,0x02,0xF6,0x01,0x73,0x01,0x30,0x01,0xED,0x08,0x0E,0x01,0xCD,0x00,0xB2,0x01,0xDC,0x1B,
  0xFB,0x0A,0x7B,0x02,0x9C,0x02,0x74,0x01,0xAD,0x00,0x6E,0x19,0x5E,0xEF,0xBA,0xAD,0x77,0x84,0x97,0x8C,0x76,0x84,0x5E,0xEF,
  0x59,0xA5,0x8D,0x00,0xCD,0x00,0x97,0x12,0xFB,0x0A,0x5A,0x02,0x19,0x02,0xF8,0x01,0x0F,0x01,0x0F,0x01,0x11,0x2A,0xB0,0x19,
  0x30,0x01,0xB4,0x01,0x16,0x02,0xBC,0x02,0xBC,0x02,0xFC,0x02,0x7C,0x1B,0x7C,0x1B,0x7C,0x1B,0xFB,0x0A,0x7B,0x02,0xBC,0x02,
  0x38,0x02,0xB3,0x01,0x52,0x01,0x70,0x11,0x36,0x7C,0xF8,0x94,0x9E,0xEF,0xFF,0xFF,0x79,0xA5,0x8D,0x00,0x2F,0x01,0x19,0x13,
  0x1B,0x0B,0x5B,0x02,0x5B,0x02,0xF9,0x01,0x31,0x01,0x8C,0x00,0x33,0x53,0xFF,0xFF,0xFF,0xFF,0x18,0x9D,0x6C,0x00,0x4F,0x01,
  0x9B,0x23,0x3C,0x13,0x5B,0x02,0x7B,0x02,0x9B,0x02,0x5B,0x13,0x5B,0x13,0x5B,0x13,0x5B,0x13,0x5B,0x13,0x3B,0x13,0x5B,0x1B,
  0xFC,0x0A,0x72,0x01,0x8C,0x00,0xD5,0x6B,0xFF,0xFF,0xDF,0xFF,0xFF,0xFF,0xFF,0xFF,0xFF,0xFF,0xFF,0xFF,0xFF,0xFF,0xFF,0xFF,
  0xFF,0xFF,0xFF,0xFF,0xFF,0xFF,0xFF,0xFF,0xFF,0xFF,0xFF,0xFF,0xFF,0xFF,0xFF,0xFF,0xFF,0xFF,0xFF,0xFF,0xFF,0xFF,0xFF,0xFF,
  0xFF,0xFF,0xFF,0xFF,0xDA,0xB5,0x8C,0x00,0xCD,0x00,0x96,0x01,0xD9,0x01,0xF9,0x01,0xF8,0x01,0x1A,0x02,0x93,0x01,0x6D,0x00,
  0x34,0x53,0xFF,0xFF,0xFF,0xFF,0x92,0x3A,0x8C,0x00,0x51,0x01,0xB8,0x01,0xD8,0x01,0xF8,0x01,0xF8,0x01,0x19,0x02,0x51,0x01,
  0x8D,0x00,0x58,0xA5,0xFF,0xFF,0xB7,0x8C,0x0B,0x00,0xCC,0x00,0x73,0x01,0x7C,0x02,0x5B,0x02,0x5B,0x02,0x1B,0x02,0x1A,0x02,
  0x1A,0x02,0x3B,0x02,0x5B,0x02,0x9D,0x02,0x52,0x01,0xAD,0x00,0x0B,0x00,0x76,0x84,0xD2,0x4A,0x8D,0x00,0x73,0x01,0xFA,0x01,
  0xF9,0x01,0x19,0x02,0x3A,0x02,0x94,0x01,0xCE,0x00,0x6E,0x19,0x5E,0xEF,0xFF,0xFF,0xFF,0xFF,0xFF,0xFF,0xFF,0xFF,0xFF,0xFF,
  0x38,0x9D,0x6C,0x00,0xED,0x00,0x75,0x01,0xF9,0x01,0x19,0x02,0x3A,0x02,0x19,0x02,0x10,0x01,0x6D,0x00,0x7C,0xC6,0x15,0x7C,
  0x0A,0x00,0xCD,0x00,0x52,0x01,0x7C,0x02,0x3A,0x02,0x3A,0x02,0x1A,0x02,0x1A,0x02,0x1A,0x02,0x3A,0x02,0x5A,0x02,0x7C,0x02,
  0xB5,0x01,0xCD,0x00,0x4C,0x00,0x4E,0x11,0xFF,0xFF,0xFF,0xFF,0xFF,0xFF,0xFF,0xFF,0x59,0x9D,0x6B,0x00,0x0E,0x01,0xB7,0x01,
  0xD9,0x01,0xF8,0x01,0xF8,0x01,0x18,0x02,0x30,0x01,0x2B,0x00,0xF2,0x4A,0xFF,0xFF,0xFF,0xFF,0x18,0x9D,0x8C,0x00,0x50,0x01,
  0xF9,0x01,0xF9,0x01,0x19,0x02,0xF9,0x01,0xF9,0x01,0xF9,0x01,0xF9,0x01,0xF9,0x01,0xF9,0x01,0xF9,0x01,0xF9,0x01,0xD8,0x01,
  0xF9,0x01,0x0F,0x01,0x0A,0x00,0x94,0x63,0xFF,0xFF,0xDF,0xFF,0xFF,0xFF,0xFF,0xFF,0xFF,0xFF,0xFF,0xFF,0xFF,0xFF,0xFF,0xFF,
  0xFF,0xFF,0xFF,0xFF,0xFF,0xFF,0xFF,0xFF,0xFF,0xFF,0xFF,0xFF,0xFF,0xFF,0xFF,0xFF,0xFF,0xFF,0xFF,0xFF,0xFF,0xFF,0xFF,0xFF,
  0xDF,0xFF,0xFF,0xFF,0x9A,0xAD,0xCD,0x00,0x0E,0x01,0x93,0x01,0xB5,0x01,0xB5,0x01,0x94,0x01,0x93,0x01,0x50,0x01,0xED,0x10,
  0x94,0x6B,0xFF,0xFF,0xFF,0xFF,0xB2,0x4A,0xCE,0x00,0x51,0x01,0x93,0x01,0x93,0x01,0x94,0x01,0x94,0x01,0x93,0x01,0x2F,0x09,
  0x4E,0x19,0x99,0xAD,0xFF,0xFF,0x58,0xA5,0x71,0x42,0xB0,0x19,0x51,0x01,0xD5,0x01,0xB5,0x01,0xB5,0x01,0xB5,0x01,0xD5,0x01,
  0xD5,0x01,0xD5,0x01,0xD5,0x01,0xD5,0x01,0x30,0x01,0xB0,0x19,0x71,0x42,0x3B,0xBE,0x74,0x5B,0xAE,0x00,0x51,0x01,0xB4,0x01,
  0x93,0x01,0x94,0x01,0xB4,0x01,0x51,0x01,0xEE,0x00,0xCF,0x21,0x7E,0xEF,0xFF,0xFF,0xDF,0xFF,0xDF,0xFF,0xBF,0xF7,0xFF,0xFF,
  0x79,0xA5,0xCE,0x00,0x0F,0x01,0x72,0x01,0xB4,0x01,0xB5,0x01,0xB4,0x01,0x72,0x01,0x0E,0x09,0x4E,0x19,0x9C,0xCE,0x38,0xA5,
  0x30,0x3A,0xAF,0x21,0x30,0x01,0xB5,0x01,0xB4,0x01,0xB5,0x01,0xD5,0x01,0xB5,0x01,0xB5,0x01,0xB5,0x01,0xB5,0x01,0xD5,0x01,
  0x51,0x01,0x6F,0x11,0x13,0x53,0xD5,0x6B,0x9E,0xF7,0xDF,0xFF,0xDF,0xFF,0xFF,0xFF,0x99,0xAD,0xCD,0x00,0x0E,0x01,0x93,0x01,
  0x94,0x01,0x93,0x01,0x72,0x01,0x93,0x01,0x50,0x09,0xAF,0x29,0xD4,0x6B,0xFF,0xFF,0xFF,0xFF,0x59,0xA5,0xCD,0x08,0x2E,0x01,
  0x93,0x01,0xB4,0x01,0x94,0x01,0x93,0x01,0x93,0x01,0x93,0x01,0x94,0x01,0x94,0x01,0xB4,0x01,0xB4,0x01,0xB4,0x01,0x94,0x01,
  0x72,0x01,0x11,0x2A,0xF2,0x52,0x18,0x9D,0xFF,0xFF,0xFF,0xFF,0xFF,0xFF,0xFF,0xFF,0xFF,0xFF,0xFF,0xFF,0xFF,0xFF,0xFF,0xFF,
  0xFF,0xFF,0xFF,0xFF,0xFF,0xFF,0xFF,0xFF,0xFF,0xFF,0xFF,0xFF,0xFF,0xFF,0xFF,0xFF,0xFF,0xFF,0xFF,0xFF,0xFF,0xFF,0xFF,0xFF,
  0xFF,0xFF,0xFF,0xFF,0xBF,0xF7,0xFD,0xDE,0xF1,0x21,0x8D,0x00,0xCE,0x00,0xAE,0x00,0xAD,0x00,0xAE,0x00,0x8C,0x00,0x99,0xAD,
  0xBF,0xF7,0xDF,0xFF,0xFF,0xFF,0x7E,0xEF,0xD5,0x6B,0x4C,0x00,0xAD,0x00,0xAE,0x00,0xAE,0x00,0xAE,0x00,0x6C,0x00,0x4E,0x11,
  0x1D,0xDF,0xDF,0xFF,0xFF,0xFF,0xFF,0xFF,0xFF,0xFF,0x95,0x63,0x4D,0x00,0xCE,0x00,0xAD,0x00,0x8D,0x00,0xAD,0x00,0xAD,0x00,
  0xAD,0x00,0xAD,0x00,0xAD,0x00,0xAD,0x00,0x4C,0x00,0x94,0x63,0xFF,0xFF,0xDF,0xFF,0x5E,0xEF,0xF6,0x73,0x2C,0x00,0xAD,0x00,
  0xAD,0x00,0xAD,0x00,0xAD,0x00,0x6C,0x00,0xAF,0x19,0x1D,0xE7,0xFF,0xFF,0xFF,0xFF,0xFF,0xFF,0xFF,0xFF,0xFF,0xFF,0xFF,0xFF,
  0xBF,0xF7,0x5B,0xC6,0x30,0x01,0x8E,0x00,0x8D,0x00,0x8D,0x00,0xAD,0x00,0x4B,0x00,0xF0,0x29,0xBF,0xF7,0xDF,0xFF,0xFF,0xFF,
  0xFF,0xFF,0xD5,0x6B,0x2B,0x00,0xAC,0x00,0x8D,0x00,0xAD,0x00,0x8D,0x00,0x8D,0x00,0x8C,0x00,0x8D,0x00,0x8D,0x00,0xAD,0x00,
  0x6D,0x00,0x11,0x2A,0xFF,0xFF,0xFF,0xFF,0xFF,0xFF,0xFF,0xFF,0xFF,0xFF,0xFF,0xFF,0xBF,0xF7,0xDB,0xB5,0xAE,0x00,0xAD,0x00,
  0xAD,0x00,0xAD,0x00,0x8D,0x00,0x8D,0x00,0x0E,0x01,0x3E,0xE7,0xFF,0xFF,0xFF,0xFF,0xFF,0xFF,0xBF,0xF7,0xFA,0xBD,0xAC,0x00,
  0x8D,0x00,0x8D,0x00,0x8D,0x00,0x8D,0x00,0x8C,0x00,0x8C,0x00,0x6C,0x00,0x8D,0x00,0x8D,0x00,0x8D,0x00,0x8D,0x00,0xAE,0x00,
  0x0B,0x00,0x15,0x74,0xFF,0xFF,0xFF,0xFF,0xFF,0xFF,0xFF,0xFF,0xFF,0xFF,0xFF,0xFF,0xFF,0xFF,0xFF,0xFF,0xFF,0xFF,0xFF,0xFF,
  0xFF,0xFF,0xFF,0xFF,0xFF,0xFF,0xFF,0xFF,0xFF,0xFF,0xFF,0xFF,0xFF,0xFF,0xFF,0xFF,0xFF,0xFF,0xFF,0xFF,0xFF,0xFF,0xFF,0xFF,
  0xFF,0xFF,0xFF,0xFF,0xFF,0xFF,0xFF,0xFF,0x75,0x5B,0x52,0x32,0x72,0x3A,0x51,0x32,0x71,0x32,0x72,0x3A,0x52,0x32,0x9C,0xCE,
  0xFF,0xFF,0xFF,0xFF,0xDF,0xFF,0xFF,0xFF,0x38,0xA5,0x10,0x32,0x92,0x3A,0x92,0x3A,0x93,0x3A,0x92,0x3A,0x72,0x3A,0x33,0x53,
  0xBF,0xF7,0xFF,0xFF,0xFF,0xFF,0xDF,0xFF,0xFF,0xFF,0x56,0x7C,0xF0,0x29,0x52,0x32,0x31,0x2A,0x31,0x2A,0x31,0x2A,0x31,0x2A,
  0x31,0x2A,0x31,0x2A,0x31,0x2A,0x51,0x32,0xD0,0x29,0x56,0x7C,0xFF,0xFF,0xDF,0xFF,0xFF,0xFF,0x79,0xA5,0x10,0x3A,0x92,0x42,
  0x92,0x3A,0x72,0x3A,0x72,0x3A,0x51,0x3A,0x74,0x63,0xFF,0xFF,0xFF,0xFF,0xFF,0xFF,0xFF,0xFF,0xFF,0xFF,0xFF,0xFF,0xFF,0xFF,
  0xFF,0xFF,0x9E,0xF7,0xF3,0x4A,0x72,0x3A,0x71,0x3A,0x71,0x3A,0x92,0x3A,0x51,0x3A,0xB5,0x63,0xFF,0xFF,0xFF,0xFF,0xDF,0xFF,
  0xFF,0xFF,0xD7,0x94,0x30,0x3A,0x92,0x42,0x92,0x3A,0x92,0x3A,0x72,0x3A,0x72,0x3A,0x92,0x3A,0x92,0x3A,0x92,0x3A,0x92,0x3A,
  0x72,0x3A,0x95,0x63,0xDF,0xFF,0xFF,0xFF,0xFF,0xFF,0xFF,0xFF,0xFF,0xFF,0xFF,0xFF,0xFF,0xFF,0x1D,0xDF,0x92,0x3A,0x92,0x3A,
  0x92,0x3A,0x92,0x3A,0x92,0x42,0x92,0x3A,0xD2,0x4A,0x5E,0xEF,0xFF,0xFF,0xFF,0xFF,0xFF,0xFF,0xFF,0xFF,0x1D,0xE7,0xB2,0x42,
  0x92,0x3A,0x92,0x42,0x92,0x42,0x92,0x42,0x92,0x42,0x92,0x42,0x92,0x3A,0x92,0x3A,0x92,0x42,0x92,0x42,0x92,0x3A,0x92,0x42,
  0x51,0x3A,0x18,0x9D,0xFF,0xFF,0xDF,0xFF,0xFF,0xFF,0xFF,0xFF,0xFF,0xFF,0xFF,0xFF,0xFF,0xFF,0xFF,0xFF,0xFF,0xFF,0xFF,0xFF,
  0xFF,0xFF,0xFF,0xFF,0xFF,0xFF,0xFF,0xFF,0xFF,0xFF,0xFF,0xFF,0xFF,0xFF,0xFF,0xFF,0xFF,0xFF,0xFF,0xFF,0xFF,0xFF,0xFF,0xFF,
  0xFF,0xFF,0xFF,0xFF,0xFF,0xFF,0xFF,0xFF,0xFF,0xFF,0xFF,0xFF,0xFF,0xFF,0xFF,0xFF,0xFF,0xFF,0xFF,0xFF,0xFF,0xFF,0xFF,0xFF,
  0xFF,0xFF,0xFF,0xFF,0xFF,0xFF,0xFF,0xFF,0xFF,0xFF,0xFF,0xFF,0xFF,0xFF,0xFF,0xFF,0xFF,0xFF,0xFF,0xFF,0xFF,0xFF,0xFF,0xFF,
  0xFF,0xFF,0xFF,0xFF,0xFF,0xFF,0xFF,0xFF,0xFF,0xFF,0xFF,0xFF,0xFF,0xFF,0xFF,0xFF,0xFF,0xFF,0xFF,0xFF,0xFF,0xFF,0xFF,0xFF,
  0xFF,0xFF,0xFF,0xFF,0xFF,0xFF,0xFF,0xFF,0xFF,0xFF,0xFF,0xFF,0xFF,0xFF,0xFF,0xFF,0xFF,0xFF,0xFF,0xFF,0xFF,0xFF,0xFF,0xFF,
  0xFF,0xFF,0xFF,0xFF,0xFF,0xFF,0xFF,0xFF,0xFF,0xFF,0xFF,0xFF,0xFF,0xFF,0xFF,0xFF,0xFF,0xFF,0xFF,0xFF,0xFF,0xFF,0xFF,0xFF,
  0xFF,0xFF,0xFF,0xFF,0xFF,0xFF,0xFF,0xFF,0xFF,0xFF,0xFF,0xFF,0xFF,0xFF,0xFF,0xFF,0xFF,0xFF,0xFF,0xFF,0xFF,0xFF,0xFF,0xFF,
  0xFF,0xFF,0xFF,0xFF,0xFF,0xFF,0xFF,0xFF,0xFF,0xFF,0xFF,0xFF,0xFF,0xFF,0xFF,0xFF,0xFF,0xFF,0xFF,0xFF,0xFF,0xFF,0xFF,0xFF,
  0xFF,0xFF,0xFF,0xFF,0xFF,0xFF,0xFF,0xFF,0xFF,0xFF,0xFF,0xFF,0xFF,0xFF,0xFF,0xFF,0xFF,0xFF,0xFF,0xFF,0xFF,0xFF,0xFF,0xFF,
  0xFF,0xFF,0xFF,0xFF,0xFF,0xFF,0xFF,0xFF,0xFF,0xFF,0xFF,0xFF,0xFF,0xFF,0xFF,0xFF,0xFF,0xFF,0xFF,0xFF,0xFF,0xFF,0xFF,0xFF,
  0xFF,0xFF,0xFF,0xFF,0xFF,0xFF,0xFF,0xFF,0xFF,0xFF,0xFF,0xFF,0xFF,0xFF,0xFF,0xFF,0xFF,0xFF,0xFF,0xFF,0xFF,0xFF,0xFF,0xFF,
  0xFF,0xFF,0xFF,0xFF,0xFF,0xFF,0xFF,0xFF,0xFF,0xFF,0xFF,0xFF,0xFF,0xFF,0xFF,0xFF,0xFF,0xFF,0xFF,0xFF,0xFF,0xFF,0xFF,0xFF,
  0xFF,0xFF,0xFF,0xFF,0xFF,0xFF,0xFF,0xFF,0xFF,0xFF,0xFF,0xFF,0xFF,0xFF,0xFF,0xFF,0xFF,0xFF,0xFF,0xFF,0xFF,0xFF,0xFF,0xFF,
  0xFF,0xFF,0xFF,0xFF,0xFF,0xFF,0xFF,0xFF,0xFF,0xFF,0xFF,0xFF,0xFF,0xFF,0xFF,0xFF,0xFF,0xFF,0xFF,0xFF,0xFF,0xFF,0xFF,0xFF,
  0xFF,0xFF,0xFF,0xFF,0xFF,0xFF,0xFF,0xFF,0xFF,0xFF,0xFF,0xFF,0xFF,0xFF,0xFF,0xFF,0xFF,0xFF,0xFF,0xFF,0xFF,0xFF,0xFF,0xFF,
  0xFF,0xFF,0xFF,0xFF,0xFF,0xFF,0xFF,0xFF,0xFF,0xFF,0xFF,0xFF,0xFF,0xFF,0xFF,0xFF,0xFF,0xFF,0xFF,0xFF,0xFF,0xFF,0xFF,0xFF,
  0xFF,0xFF,0xFF,0xFF,0xFF,0xFF,0xFF,0xFF,0xFF,0xFF,0xFF,0xFF,0xFF,0xFF,0xFF,0xFF,0xFF,0xFF,0xFF,0xFF,0xFF,0xFF,0xFF,0xFF,
  0xFF,0xFF,0xFF,0xFF,0xFF,0xFF,0xFF,0xFF,0xFF,0xFF,0xFF,0xFF,0xFF,0xFF,0xFF,0xFF,0xFF,0xFF,0xFF,0xFF,0xFF,0xFF,0xFF,0xFF,
  0xFF,0xFF,0xFF,0xFF,0xFF,0xFF,0xFF,0xFF,0xFF,0xFF,0xFF,0xFF,0xFF,0xFF,0xFF,0xFF,0xFF,0xFF,0xFF,0xFF,0xFF,0xFF,0xFF,0xFF,
  0xFF,0xFF,0xFF,0xFF,0xFF,0xFF,0xFF,0xFF,0xFF,0xFF,0xFF,0xFF,0xFF,0xFF,0xFF,0xFF,0xFF,0xFF,0xFF,0xFF,0xFF,0xFF,0xFF,0xFF,
  0xFF,0xFF,0xFF,0xFF,0xFF,0xFF,0xFF,0xFF,0xFF,0xFF,0xFF,0xFF,0xFF,0xFF,0xFF,0xFF,0xFF,0xFF,0xFF,0xFF,0xFF,0xFF,0xFF,0xFF,
  0xFF,0xFF,0xFF,0xFF,0xFF,0xFF,0xFF,0xFF,0xFF,0xFF,0xFF,0xFF,0xFF,0xFF,0xFF,0xFF,0xFF,0xFF,0xFF,0xFF,0xFF,0xFF,0xFF,0xFF,
  0xFF,0xFF,0xFF,0xFF,0xFF,0xFF,0xFF,0xFF,0xFF,0xFF,0xFF,0xFF,0xFF,0xFF,0xFF,0xFF,0xFF,0xFF,0xFF,0xFF,0xFF,0xFF,0xFF,0xFF,
  0xFF,0xFF,0xFF,0xFF,0xFF,0xFF,0xFF,0xFF,0xFF,0xFF,0xFF,0xFF,0xFF,0xFF,0xFF,0xFF,0xFF,0xFF,0xFF,0xFF,0xFF,0xFF,0xFF,0xFF,
  0xFF,0xFF,0xFF,0xFF,0xFF,0xFF,0xFF,0xFF,0xFF,0xFF,0xFF,0xFF,0xFF,0xFF,0xFF,0xFF,0xFF,0xFF,0xFF,0xFF,0xFF,0xFF,0xFF,0xFF,
  0xFF,0xFF,0xFF,0xFF,0xFF,0xFF,0xFF,0xFF,0xFF,0xFF,0xFF,0xFF,0xFF,0xFF,0xFF,0xFF,0xFF,0xFF,0xFF,0xFF,0xFF,0xFF,0xFF,0xFF,
  0xFF,0xFF,0xFF,0xFF,0xFF,0xFF,0xFF,0xFF,0xFF,0xFF,0xFF,0xFF,0xFF,0xFF,0xFF,0xFF,0xFF,0xFF,0xFF,0xFF,0xFF,0xFF,0xFF,0xFF,
  0xFF,0xFF,0xFF,0xFF,0xFF,0xFF,0xFF,0xFF,0xFF,0xFF,0xFF,0xFF,0xFF,0xFF,0xFF,0xFF,0xFF,0xFF,0xFF,0xFF,0xFF,0xFF,0xFF,0xFF,
  0xFF,0xFF,0xFF,0xFF,0xFF,0xFF,0xFF,0xFF,0xFF,0xFF,0xFF,0xFF,0xFF,0xFF,0xFF,0xFF,0xFF,0xFF,0xFF,0xFF,0xFF,0xFF,0xFF,0xFF,
  0xFF,0xFF,0xFF,0xFF,0xFF,0xFF,0xFF,0xFF,0xFF,0xFF,0xFF,0xFF,0xFF,0xFF,0xFF,0xFF,0xFF,0xFF,0xFF,0xFF,0xFF,0xFF,0xFF,0xFF,
  0xFF,0xFF,0xFF,0xFF,0xFF,0xFF,0xFF,0xFF,0xFF,0xFF,0xFF,0xFF,0xFF,0xFF,0xFF,0xFF,0xFF,0xFF,0xFF,0xFF,0xFF,0xFF,0xFF,0xFF,
  0xFF,0xFF,0xFF,0xFF,0xFF,0xFF,0xFF,0xFF,0xFF,0xFF,0xFF,0xFF,0xFF,0xFF,0xFF,0xFF,0xFF,0xFF,0xFF,0xFF,0xFF,0xFF,0xFF,0xFF,
  0xFF,0xFF,0xFF,0xFF,0xFF,0xFF,0xFF,0xFF,0xFF,0xFF,0xFF,0xFF,0xFF,0xFF,0xFF,0xFF,0xFF,0xFF,0xFF,0xFF,0xFF,0xFF,0xFF,0xFF,
  0xFF,0xFF,0xFF,0xFF,0xFF,0xFF,0xFF,0xFF,0xFF,0xFF,0xFF,0xFF,0xFF,0xFF,0xFF,0xFF,0xFF,0xFF,0xFF,0xFF,0xFF,0xFF,0xFF,0xFF,
  0xFF,0xFF,0xFF,0xFF,0xFF,0xFF,0xFF,0xFF,0xFF,0xFF,0xFF,0xFF,0xFF,0xFF,0xFF,0xFF,0xFF,0xFF,0xFF,0xFF,0xFF,0xFF,0xFF,0xFF,
  0xFF,0xFF,0xFF,0xFF,0xFF,0xFF,0xFF,0xFF,0xFF,0xFF,0xFF,0xFF,0xFF,0xFF,0xFF,0xFF,0xFF,0xFF,0xFF,0xFF,0xFF,0xFF,0xFF,0xFF,
  0xFF,0xFF,0xFF,0xFF,0xFF,0xFF,0xFF,0xFF,0xFF,0xFF,0xFF,0xFF,0xFF,0xFF,0xFF,0xFF,0xFF,0xFF,0xFF,0xFF,0xFF,0xFF,0xFF,0xFF,
  0xFF,0xFF,0xFF,0xFF,0xFF,0xFF,0xFF,0xFF,0xFF,0xFF,0xFF,0xFF,0xFF,0xFF,0xFF,0xFF,0xFF,0xFF,0xFF,0xFF,0xFF,0xFF,0xFF,0xFF,
  0xFF,0xFF,0xFF,0xFF,0xFF,0xFF,0xFF,0xFF,0xFF,0xFF,0xFF,0xFF,0xFF,0xFF,0xFF,0xFF,0xFF,0xFF,0xFF,0xFF,0xFF,0xFF,0xFF,0xFF,
  0xFF,0xFF,0xFF,0xFF,0xFF,0xFF,0xFF,0xFF,0xFF,0xFF,0xFF,0xFF,0xFF,0xFF,0xFF,0xFF,0xFF,0xFF,0xFF,0xFF,0xFF,0xFF,0xFF,0xFF,
  0xFF,0xFF,0xFF,0xFF,0xFF,0xFF,0xFF,0xFF,0xFF,0xFF,0xFF,0xFF,0xFF,0xFF,0xFF,0xFF,0xFF,0xFF,0xFF,0xFF,0xFF,0xFF,0xFF,0xFF,
  0xFF,0xFF,0xFF,0xFF,0xFF,0xFF,0xFF,0xFF,0xFF,0xFF,0xFF,0xFF,0xFF,0xFF,0xFF,0xFF,0xFF,0xFF,0xFF,0xFF,0xFF,0xFF,0xFF,0xFF,
  0xFF,0xFF,0xFF,0xFF,0xFF,0xFF,0xFF,0xFF,0xFF,0xFF,0xFF,0xFF,0xFF,0xFF,0xFF,0xFF,0xFF,0xFF,0xFF,0xFF,0xFF,0xFF,0xFF,0xFF,
  0xFF,0xFF,0xFF,0xFF,0xFF,0xFF,0xFF,0xFF,0xFF,0xFF,0xFF,0xFF,0xFF,0xFF,0xFF,0xFF,0xFF,0xFF,0xFF,0xFF,0xFF,0xFF,0xFF,0xFF,
  0xFF,0xFF,0xFF,0xFF,0xFF,0xFF,0xFF,0xFF,0xFF,0xFF,0xFF,0xFF,0xFF,0xFF,0xFF,0xFF,0xFF,0xFF,0xFF,0xFF,0xFF,0xFF,0xFF,0xFF,
  0xFF,0xFF,0xFF,0xFF,0xFF,0xFF,0xFF,0xFF,0xFF,0xFF,0xFF,0xFF,0xFF,0xFF,0xFF,0xFF,0xFF,0xFF,0xFF,0xFF,0xFF,0xFF,0xFF,0xFF,
  0xFF,0xFF,0xFF,0xFF,0xFF,0xFF,0xFF,0xFF,0xFF,0xFF,0xFF,0xFF,0xFF,0xFF,0xFF,0xFF,0xFF,0xFF,0xFF,0xFF,0xFF,0xFF,0xFF,0xFF,
  0xFF,0xFF,0xFF,0xFF,0xFF,0xFF,0xFF,0xFF,0xFF,0xFF,0xFF,0xFF,0xFF,0xFF,0xFF,0xFF,0xFF,0xFF,0xFF,0xFF,0xFF,0xFF,0xFF,0xFF,
  0xFF,0xFF,0xFF,0xFF,0xFF,0xFF,0xFF,0xFF,0xFF,0xFF,0xFF,0xFF,0xFF,0xFF,0xFF,0xFF,0xFF,0xFF,0xFF,0xFF,0xFF,0xFF,0xFF,0xFF,
  0xFF,0xFF,0xFF,0xFF,0xFF,0xFF,0xFF,0xFF,0xFF,0xFF,0xFF,0xFF,0xFF,0xFF,0xFF,0xFF,0xFF,0xFF,0xFF,0xFF,0xFF,0xFF,0xFF,0xFF,
  0xFF,0xFF,0xFF,0xFF,0xFF,0xFF,0xFF,0xFF,0xFF,0xFF,0xFF,0xFF,0xFF,0xFF,0xFF,0xFF,0xFF,0xFF,0xFF,0xFF,0xFF,0xFF,0xFF,0xFF,
  0xFF,0xFF,0xFF,0xFF,0xFF,0xFF,0xFF,0xFF,0xFF,0xFF,0xFF,0xFF,0xFF,0xFF,0xFF,0xFF,0xFF,0xFF,0xFF,0xFF,0xFF,0xFF,0xFF,0xFF,
  0xFF,0xFF,0xFF,0xFF,0xFF,0xFF,0xFF,0xFF,0xFF,0xFF,0xFF,0xFF,0xFF,0xFF,0xFF,0xFF,0xFF,0xFF,0xFF,0xFF,0xFF,0xFF,0xFF,0xFF,
  0xFF,0xFF,0xFF,0xFF,0xFF,0xFF,0xFF,0xFF,0xFF,0xFF,0xFF,0xFF,0xFF,0xFF,0xFF,0xFF,0xFF,0xFF,0xFF,0xFF,0xFF,0xFF,0xFF,0xFF,
  0xFF,0xFF,0xFF,0xFF,0xFF,0xFF,0xFF,0xFF,0xFF,0xFF,0xFF,0xFF,0xFF,0xFF,0xFF,0xFF,0xFF,0xFF,0xFF,0xFF,0xFF,0xFF,0xFF,0xFF,
  0xFF,0xFF,0xFF,0xFF,0xFF,0xFF,0xFF,0xFF,0xFF,0xFF,0xFF,0xFF,0xFF,0xFF,0xFF,0xFF,0xFF,0xFF,0xFF,0xFF,0xFF,0xFF,0xFF,0xFF,
  0xFF,0xFF,0xFF,0xFF,0xFF,0xFF,0xFF,0xFF,0xFF,0xFF,0xFF,0xFF,0xFF,0xFF,0xFF,0xFF,0xFF,0xFF,0xFF,0xFF,0xFF,0xFF,0xFF,0xFF,
  0xFF,0xFF,0xFF,0xFF,0xFF,0xFF,0xFF,0xFF,0xFF,0xFF,0xFF,0xFF,0xFF,0xFF,0xFF,0xFF,0xFF,0xFF,0xFF,0xFF,0xFF,0xFF,0xFF,0xFF,
  0xFF,0xFF,0xFF,0xFF,0xFF,0xFF,0xFF,0xFF,0xFF,0xFF,0xFF,0xFF,0xFF,0xFF,0xFF,0xFF,0xFF,0xFF,0xFF,0xFF,0xFF,0xFF,0xFF,0xFF,
  0xFF,0xFF,0xFF,0xFF,0xFF,0xFF,0xFF,0xFF,0xFF,0xFF,0xFF,0xFF,0xFF,0xFF,0xFF,0xFF,0xFF,0xFF,0xFF,0xFF,0xFF,0xFF,0xFF,0xFF,
  0xFF,0xFF,0xFF,0xFF,0xFF,0xFF,0xFF,0xFF,0xFF,0xFF,0xFF,0xFF,0xFF,0xFF,0xFF,0xFF,0xFF,0xFF,0xFF,0xFF,0xFF,0xFF,0xFF,0xFF,
  0xFF,0xFF,0xFF,0xFF,0xFF,0xFF,0xFF,0xFF,0xFF,0xFF,0xFF,0xFF,0xFF,0xFF,0xFF,0xFF,0xFF,0xFF,0xFF,0xFF,0xFF,0xFF,0xFF,0xFF,
  0xFF,0xFF,0xFF,0xFF,0xFF,0xFF,0xFF,0xFF,0xFF,0xFF,0xFF,0xFF,0xFF,0xFF,0xFF,0xFF,0xFF,0xFF,0xFF,0xFF,0xFF,0xFF,0xFF,0xFF,
  0xFF,0xFF,0xFF,0xFF,0xFF,0xFF,0xFF,0xFF,0xFF,0xFF,0xFF,0xFF,0xFF,0xFF,0xFF,0xFF,0xFF,0xFF,0xFF,0xFF,0xFF,0xFF,0xFF,0xFF,
  0xFF,0xFF,0xFF,0xFF,0xFF,0xFF,0xFF,0xFF,0xFF,0xFF,0xFF,0xFF,0xFF,0xFF,0xFF,0xFF,0xFF,0xFF,0xFF,0xFF,0xFF,0xFF,0xFF,0xFF,
  0xFF,0xFF,0xFF,0xFF,0xFF,0xFF,0xFF,0xFF,0xFF,0xFF,0xFF,0xFF,0xFF,0xFF,0xFF,0xFF,0xFF,0xFF,0xFF,0xFF,0xFF,0xFF,0xFF,0xFF,
  0xFF,0xFF,0xFF,0xFF,0xFF,0xFF,0xFF,0xFF,0xFF,0xFF,0xFF,0xFF,0xFF,0xFF,0xFF,0xFF,0xFF,0xFF,0xFF,0xFF,0xFF,0xFF,0xFF,0xFF,
  0xFF,0xFF,0xFF,0xFF,0xFF,0xFF,0xFF,0xFF,0xFF,0xFF,0xFF,0xFF,0xFF,0xFF,0xFF,0xFF,0xFF,0xFF,0xFF,0xFF,0xFF,0xFF,0xFF,0xFF,
  0xFF,0xFF,0xFF,0xFF,0xFF,0xFF,0xFF,0xFF,0xFF,0xFF,0xFF,0xFF,0xFF,0xFF,0xFF,0xFF,0xFF,0xFF,0xFF,0xFF,0xFF,0xFF,0xFF,0xFF,
  0xFF,0xFF,0xFF,0xFF,0xFF,0xFF,0xFF,0xFF,0xFF,0xFF,0xFF,0xFF,0xFF,0xFF,0xFF,0xFF,0xFF,0xFF,0xFF,0xFF,0xFF,0xFF,0xFF,0xFF,
  0xFF,0xFF,0xFF,0xFF,0xFF,0xFF,0xFF,0xFF,0xFF,0xFF,0xFF,0xFF,0xFF,0xFF,0xFF,0xFF,0xFF,0xFF,0xFF,0xFF,0xFF,0xFF,0xFF,0xFF,
  0xFF,0xFF,0xFF,0xFF,0xFF,0xFF,0xFF,0xFF,0xFF,0xFF,0xFF,0xFF,0xFF,0xFF,0xFF,0xFF,0xFF,0xFF,0xFF,0xFF,0xFF,0xFF,0xFF,0xFF,
  0xFF,0xFF,0xFF,0xFF,0xFF,0xFF,0xFF,0xFF,0xFF,0xFF,0xFF,0xFF,0xFF,0xFF,0xFF,0xFF,0xFF,0xFF,0xFF,0xFF,0xFF,0xFF,0xFF,0xFF,
  0xFF,0xFF,0xFF,0xFF,0xFF,0xFF,0xFF,0xFF,0xFF,0xFF,0xFF,0xFF,0xFF,0xFF,0xFF,0xFF,0xFF,0xFF,0xFF,0xFF,0xFF,0xFF,0xFF,0xFF,
  0xFF,0xFF,0xFF,0xFF,0xFF,0xFF,0xFF,0xFF,0xFF,0xFF,0xFF,0xFF,0xFF,0xFF,0xFF,0xFF,0xFF,0xFF,0xFF,0xFF,0xFF,0xFF,0xFF,0xFF,
  0xFF,0xFF,0xFF,0xFF,0xFF,0xFF,0xFF,0xFF,0xFF,0xFF,0xFF,0xFF,0xFF,0xFF,0xFF,0xFF,0xFF,0xFF,0xFF,0xFF,0xFF,0xFF,0xFF,0xFF,
  0xFF,0xFF,0xFF,0xFF,0xFF,0xFF,0xFF,0xFF,0xFF,0xFF,0xFF,0xFF,0xFF,0xFF,0xFF,0xFF,0xFF,0xFF,0xFF,0xFF,0xFF,0xFF,0xFF,0xFF,
  0xFF,0xFF,0xFF,0xFF,0xFF,0xFF,0xFF,0xFF,0xFF,0xFF,0xFF,0xFF,0xFF,0xFF,0xFF,0xFF,0xFF,0xFF,0xFF,0xFF,0xFF,0xFF,0xFF,0xFF,
  0xFF,0xFF,0xFF,0xFF,0xFF,0xFF,0xFF,0xFF,0xFF,0xFF,0xFF,0xFF,0xFF,0xFF,0xFF,0xFF,0xFF,0xFF,0xFF,0xFF,0xFF,0xFF,0xFF,0xFF,
  0xFF,0xFF,0xFF,0xFF,0xFF,0xFF,0xFF,0xFF,0xFF,0xFF,0xFF,0xFF,0xFF,0xFF,0xFF,0xFF,0xFF,0xFF,0xFF,0xFF,0xFF,0xFF,0xFF,0xFF,
  0xFF,0xFF,0xFF,0xFF,0xFF,0xFF,0xFF,0xFF,0xFF,0xFF,0xFF,0xFF,0xFF,0xFF,0xFF,0xFF,0xFF,0xFF,0xFF,0xFF,0xFF,0xFF,0xFF,0xFF,
  0xFF,0xFF,0xFF,0xFF,0xFF,0xFF,0xFF,0xFF,0xFF,0xFF,0xFF,0xFF,0xFF,0xFF,0xFF,0xFF,0xFF,0xFF,0xFF,0xFF,0xFF,0xFF,0xFF,0xFF,
  0xFF,0xFF,0xFF,0xFF,0xFF,0xFF,0xFF,0xFF,0xFF,0xFF,0xFF,0xFF,0xFF,0xFF,0xFF,0xFF,0xFF,0xFF,0xFF,0xFF,0xFF,0xFF,0xFF,0xFF,
  0xFF,0xFF,0xFF,0xFF,0xFF,0xFF,0xFF,0xFF,0xFF,0xFF,0xFF,0xFF,0xFF,0xFF,0xFF,0xFF,0xFF,0xFF,0xFF,0xFF,0xFF,0xFF,0xFF,0xFF,
};

const lv_image_dsc_t hcmute_pixel = {
  .header.magic  = LV_IMAGE_HEADER_MAGIC,
  .header.cf     = LV_COLOR_FORMAT_RGB565,
  .header.flags  = 0,
  .header.w      = 144,
  .header.h      = 144,
  .header.stride = 288,
  .data_size     = sizeof(hcmute_pixel_map),
  .data          = hcmute_pixel_map,
};
