/* HCMUTE logo 144x144, LVGL 9.2, LV_COLOR_FORMAT_RGB565 (little-endian) */
#include "lvgl.h"

static const LV_ATTRIBUTE_MEM_ALIGN uint8_t hcmute_logo_map[] = {
  0xFF,0xFF,0xFF,0xFF,0xFF,0xFF,0xFF,0xFF,0xFF,0xFF,0xFF,0xFF,0xFF,0xFF,0xFF,0xFF,0xFF,0xFF,0xFF,0xFF,0xFF,0xFF,0xFF,0xFF,
  0xFF,0xFF,0xFF,0xFF,0xFF,0xFF,0xFF,0xFF,0xFF,0xFF,0xFF,0xFF,0xFF,0xFF,0xFF,0xFF,0xFF,0xFF,0xFF,0xFF,0xFF,0xFF,0xFF,0xFF,
  0xFF,0xFF,0xFF,0xFF,0xFF,0xFF,0xFF,0xFF,0xFF,0xFF,0xFF,0xFF,0xFF,0xFF,0xFF,0xFF,0xFF,0xFF,0xFF,0xFF,0xFF,0xFF,0xFF,0xFF,
  0xFF,0xFF,0xFF,0xFF,0xFF,0xFF,0xFF,0xFF,0xFF,0xFF,0xFF,0xFF,0xFF,0xFF,0xFF,0xFF,0xFF,0xFF,0xFF,0xFF,0xFF,0xFF,0xFF,0xFF,
  0xFF,0xFF,0xFF,0xFF,0xFF,0xFF,0xFF,0xFF,0xFF,0xFF,0xFF,0xFF,0xFF,0xFF,0xFF,0xFF,0xFF,0xFF,0xFF,0xFF,0xFF,0xFF,0xFF,0xFF,
  0xFF,0xFF,0xFF,0xFF,0xFF,0xFF,0xFF,0xFF,0xFF,0xFF,0xFF,0xFF,0xFF,0xFF,0xFF,0xFF,0xFF,0xFF,0xFF,0xFF,0xFF,0xFF,0xFF,0xFF,
  0xFF,0xFF,0xFF,0xFF,0xFF,0xFF,0xFF,0xFF,0xFF,0xFF,0xFF,0xFF,0xFF,0xFF,0xFF,0xFF,0xFF,0xFF,0xFF,0xFF,0xFF,0xFF,0xFF,0xFF,
  0xFF,0xFF,0xFF,0xFF,0xFF,0xFF,0xFF,0xFF,0xFF,0xFF,0xFF,0xFF,0xFF,0xFF,0xFF,0xFF,0xFF,0xFF,0xFF,0xFF,0xFF,0xFF,0xFF,0xFF,
  0xFF,0xFF,0xFF,0xFF,0xFF,0xFF,0xFF,0xFF,0xFF,0xFF,0xFF,0xFF,0xFF,0xFF,0xFF,0xFF,0xFF,0xFF,0xFF,0xFF,0xFF,0xFF,0xFF,0xFF,
  0xFF,0xFF,0xFF,0xFF,0xFF,0xFF,0xFF,0xFF,0xFF,0xFF,0xFF,0xFF,0xFF,0xFF,0xFF,0xFF,0xFF,0xFF,0xFF,0xFF,0xFF,0xFF,0xFF,0xFF,
  0xFF,0xFF,0xFF,0xFF,0xFF,0xFF,0xFF,0xFF,0xFF,0xFF,0xFF,0xFF,0xFF,0xFF,0xFF,0xFF,0xFF,0xFF,0xFF,0xFF,0xFF,0xFF,0xFF,0xFF,
  0xFF,0xFF,0xFF,0xFF,0xFF,0xFF,0xFF,0xFF,0xFF,0xFF,0xFF,0xFF,0xFF,0xFF,0xFF,0xFF,0xFF,0xFF,0xFF,0xFF,0xFF,0xFF,0xFF,0xFF,
  0xFF,0xFF,0xFF,0xFF,0xFF,0xFF,0xFF,0xFF,0xFF,0xFF,0xFF,0xFF,0xFF,0xFF,0xFF,0xFF,0xFF,0xFF,0xFF,0xFF,0xFF,0xFF,0xFF,0xFF,
  0xFF,0xFF,0xFF,0xFF,0xFF,0xFF,0xFF,0xFF,0xFF,0xFF,0xFF,0xFF,0xFF,0xFF,0xFF,0xFF,0xFF,0xFF,0xFF,0xFF,0xFF,0xFF,0xFF,0xFF,
  0xFF,0xFF,0xFF,0xFF,0xFF,0xFF,0xFF,0xFF,0xFF,0xFF,0xFF,0xFF,0xFF,0xFF,0xFF,0xFF,0xFF,0xFF,0xFF,0xFF,0xFF,0xFF,0xFF,0xFF,
  0xFF,0xFF,0xFF,0xFF,0xFF,0xFF,0xFF,0xFF,0xFF,0xFF,0xFF,0xFF,0xFF,0xFF,0xFF,0xFF,0xFF,0xFF,0xFF,0xFF,0xFF,0xFF,0xFF,0xFF,
  0xFF,0xFF,0xFF,0xFF,0xFF,0xFF,0xFF,0xFF,0xFF,0xFF,0xFF,0xFF,0xFF,0xFF,0xFF,0xFF,0xFF,0xFF,0xFF,0xFF,0xFF,0xFF,0xFF,0xFF,
  0xFF,0xFF,0xFF,0xFF,0xFF,0xFF,0xFF,0xFF,0xFF,0xFF,0xFF,0xFF,0xFF,0xFF,0xFF,0xFF,0xFF,0xFF,0xFF,0xFF,0xFF,0xFF,0xFF,0xFF,
  0xFF,0xFF,0xFF,0xFF,0xFF,0xFF,0xFF,0xFF,0xFF,0xFF,0xFF,0xFF,0xFF,0xFF,0xFF,0xFF,0xFF,0xFF,0xFF,0xFF,0xFF,0xFF,0xFF,0xFF,
  0xFF,0xFF,0xFF,0xFF,0xFF,0xFF,0xFF,0xFF,0xFF,0xFF,0xFF,0xFF,0xFF,0xFF,0xFF,0xFF,0xFF,0xFF,0xFF,0xFF,0xFF,0xFF,0xFF,0xFF,
  0xFF,0xFF,0xFF,0xFF,0xFF,0xFF,0xFF,0xFF,0xFF,0xFF,0xFF,0xFF,0xFF,0xFF,0xFF,0xFF,0xFF,0xFF,0xFF,0xFF,0xFF,0xFF,0xFF,0xFF,
  0xFF,0xFF,0xFF,0xFF,0xFF,0xFF,0xFF,0xFF,0xFF,0xFF,0xFF,0xFF,0xFF,0xFF,0xFF,0xFF,0xFF,0xFF,0xFF,0xFF,0xFF,0xFF,0xFF,0xFF,
  0xFF,0xFF,0xFF,0xFF,0xFF,0xFF,0xFF,0xFF,0xFF,0xFF,0xFF,0xFF,0xFF,0xFF,0xFF,0xFF,0xFF,0xFF,0xFF,0xFF,0xFF,0xFF,0xFF,0xFF,
  0xFF,0xFF,0xFF,0xFF,0xFF,0xFF,0xFF,0xFF,0xFF,0xFF,0xFF,0xFF,0xFF,0xFF,0xFF,0xFF,0xFF,0xFF,0xFF,0xFF,0xFF,0xFF,0xFF,0xFF,
  0xFF,0xFF,0xFF,0xFF,0xFF,0xFF,0xFF,0xFF,0xFF,0xFF,0xFF,0xFF,0xFF,0xFF,0xFF,0xFF,0xFF,0xFF,0xFF,0xFF,0xFF,0xFF,0xFF,0xFF,
  0xFF,0xFF,0xFF,0xFF,0xFF,0xFF,0xFF,0xFF,0xFF,0xFF,0xFF,0xFF,0xFF,0xFF,0xFF,0xFF,0xFF,0xFF,0xFF,0xFF,0xFF,0xFF,0xFF,0xFF,
  0xFF,0xFF,0xFF,0xFF,0xFF,0xFF,0xFF,0xFF,0xFF,0xFF,0xFF,0xFF,0xFF,0xFF,0xFF,0xFF,0xFF,0xFF,0xFF,0xFF,0xFF,0xFF,0xFF,0xFF,
  0xFF,0xFF,0xFF,0xFF,0xFF,0xFF,0xFF,0xFF,0xFF,0xFF,0xFF,0xFF,0xFF,0xFF,0xFF,0xFF,0xFF,0xFF,0xFF,0xFF,0xFF,0xFF,0xFF,0xFF,
  0xFF,0xFF,0xFF,0xFF,0xFF,0xFF,0xFF,0xFF,0xFF,0xFF,0xFF,0xFF,0xFF,0xFF,0xFF,0xFF,0xFF,0xFF,0xFF,0xFF,0xFF,0xFF,0xFF,0xFF,
  0xFF,0xFF,0xFF,0xFF,0xFF,0xFF,0xFF,0xFF,0xFF,0xFF,0xFF,0xFF,0xFF,0xFF,0xFF,0xFF,0xFF,0xFF,0xFF,0xFF,0xFF,0xFF,0xFF,0xFF,
  0xFF,0xFF,0xFF,0xFF,0xFF,0xFF,0xFF,0xFF,0xFF,0xFF,0xFF,0xFF,0xFF,0xFF,0xFF,0xFF,0xFF,0xFF,0xFF,0xFF,0xFF,0xFF,0xFF,0xFF,
  0xFF,0xFF,0xFF,0xFF,0xFF,0xFF,0xFF,0xFF,0xFF,0xFF,0xFF,0xFF,0xFF,0xFF,0xFF,0xFF,0xFF,0xFF,0xFF,0xFF,0xFF,0xFF,0xFF,0xFF,
  0xFF,0xFF,0xFF,0xFF,0xFF,0xFF,0xFF,0xFF,0xFF,0xFF,0xFF,0xFF,0xFF,0xFF,0xFF,0xFF,0xFF,0xFF,0xFF,0xFF,0xFF,0xFF,0xFF,0xFF,
  0xFF,0xFF,0xFF,0xFF,0xFF,0xFF,0xFF,0xFF,0xFF,0xFF,0xFF,0xFF,0xFF,0xFF,0xFF,0xFF,0xFF,0xFF,0xFF,0xFF,0xFF,0xFF,0xFF,0xFF,
  0xFF,0xFF,0xFF,0xFF,0xFF,0xFF,0xFF,0xFF,0xFF,0xFF,0xFF,0xFF,0xFF,0xFF,0xFF,0xFF,0xFF,0xFF,0xFF,0xFF,0xFF,0xFF,0xFF,0xFF,
  0xFF,0xFF,0xFF,0xFF,0xFF,0xFF,0xFF,0xFF,0xFF,0xFF,0xFF,0xFF,0xFF,0xFF,0xFF,0xFF,0xFF,0xFF,0xFF,0xFF,0xFF,0xFF,0xFF,0xFF,
  0xFF,0xFF,0xFF,0xFF,0xFF,0xFF,0xFF,0xFF,0xFF,0xFF,0xFF,0xFF,0xFF,0xFF,0xFF,0xFF,0xFF,0xFF,0xFF,0xFF,0xFF,0xFF,0xFF,0xFF,
  0xFF,0xFF,0xFF,0xFF,0xFF,0xFF,0xFF,0xFF,0xFF,0xFF,0xFF,0xFF,0xFF,0xFF,0xFF,0xFF,0xFF,0xFF,0xFF,0xFF,0xFF,0xFF,0xFF,0xFF,
  0xFF,0xFF,0xFF,0xFF,0xFF,0xFF,0xFF,0xFF,0xFF,0xFF,0xFF,0xFF,0xFF,0xFF,0xFF,0xFF,0xFF,0xFF,0xFF,0xFF,0xFF,0xFF,0xFF,0xFF,
  0xFF,0xFF,0xFF,0xFF,0xFF,0xFF,0xFF,0xFF,0xFF,0xFF,0xFF,0xFF,0xFF,0xFF,0xFF,0xFF,0xFF,0xFF,0xFF,0xFF,0xFF,0xFF,0xFF,0xFF,
  0xFF,0xFF,0xFF,0xFF,0xFF,0xFF,0xFF,0xFF,0xFF,0xFF,0xFF,0xFF,0xFF,0xFF,0xFF,0xFF,0xFF,0xFF,0xFF,0xFF,0xFF,0xFF,0xFF,0xFF,
  0xFF,0xFF,0xDF,0xFF,0xDF,0xFF,0xFF,0xFF,0xFF,0xFF,0xFF,0xFF,0xFF,0xFF,0xFF,0xFF,0xFF,0xFF,0xFF,0xFF,0xFF,0xFF,0xFF,0xFF,
  0xFF,0xFF,0xFF,0xFF,0xFF,0xFF,0xFF,0xFF,0xFF,0xFF,0xFF,0xFF,0xFF,0xFF,0xFF,0xFF,0xFF,0xFF,0xFF,0xFF,0xDF,0xFF,0xFF,0xFF,
  0xFF,0xFF,0xFF,0xFF,0xFF,0xFF,0xFF,0xFF,0xFF,0xFF,0xFF,0xFF,0xFF,0xFF,0xFF,0xFF,0xFF,0xFF,0xFF,0xFF,0xFF,0xFF,0xFF,0xFF,
  0xFF,0xFF,0xFF,0xFF,0xFF,0xFF,0xFF,0xFF,0xFF,0xFF,0xFF,0xFF,0xFF,0xFF,0xFF,0xFF,0xFF,0xFF,0xFF,0xFF,0xFF,0xFF,0xFF,0xFF,
  0xFF,0xFF,0xFF,0xFF,0xFF,0xFF,0xFF,0xFF,0xFF,0xFF,0xFF,0xFF,0xFF,0xFF,0xFF,0xFF,0xFF,0xFF,0xFF,0xFF,0xFF,0xFF,0xFF,0xFF,
  0xFF,0xFF,0xFF,0xFF,0xFF,0xFF,0xFF,0xFF,0xFF,0xFF,0xFF,0xFF,0xFF,0xFF,0xFF,0xFF,0xFF,0xFF,0xFF,0xFF,0xFF,0xFF,0xFF,0xFF,
  0xFF,0xFF,0xFF,0xFF,0xFF,0xFF,0xFF,0xFF,0xFF,0xFF,0xFF,0xFF,0xFF,0xFF,0xFF,0xFF,0xFF,0xFF,0xFF,0xFF,0xFF,0xFF,0xFF,0xFF,
  0xFF,0xFF,0xFF,0xFF,0xFF,0xFF,0xFF,0xFF,0xFF,0xFF,0xFF,0xFF,0xFF,0xFF,0xFF,0xFF,0xFF,0xFF,0xFF,0xFF,0xFF,0xFF,0xFF,0xFF,
  0xFF,0xFF,0xFF,0xFF,0xFF,0xFF,0xFF,0xFF,0xFF,0xFF,0xFF,0xFF,0xFF,0xFF,0xFF,0xFF,0xFF,0xFF,0xFF,0xFF,0xFF,0xFF,0xFF,0xFF,
  0xFF,0xFF,0xFF,0xFF,0xFF,0xFF,0xFF,0xFF,0xFF,0xFF,0xFF,0xFF,0xFF,0xFF,0xFF,0xFF,0xFF,0xFF,0xFF,0xFF,0xFF,0xFF,0xFF,0xFF,
  0xFF,0xFF,0xFF,0xFF,0xFF,0xFF,0xFF,0xFF,0xFF,0xFF,0xFF,0xFF,0xFF,0xFF,0xFF,0xFF,0xFF,0xFF,0xFF,0xFF,0xFF,0xFF,0xFF,0xFF,
  0xFF,0xFF,0xFF,0xFF,0xFF,0xFF,0xFF,0xFF,0xFF,0xFF,0xFF,0xFF,0xFF,0xFF,0xFF,0xFF,0xFF,0xFF,0xFF,0xFF,0xFF,0xFF,0xDF,0xFF,
  0x9E,0xF7,0xBF,0xFF,0x9E,0xF7,0x7E,0xF7,0x9F,0xF7,0x9E,0xF7,0xFF,0xFF,0x9E,0xF7,0xBF,0xFF,0xDF,0xFF,0xBE,0xF7,0xBE,0xF7,
  0xBE,0xF7,0xFF,0xFF,0xFF,0xFF,0xDE,0xFF,0xFF,0xFF,0xFF,0xFF,0xBE,0xF7,0x9E,0xF7,0xBF,0xF7,0x9E,0xF7,0xBF,0xF7,0xBE,0xF7,
  0xDF,0xFF,0xFF,0xFF,0xFF,0xFF,0xFF,0xFF,0xFF,0xFF,0xFF,0xFF,0xFF,0xFF,0xFF,0xFF,0xFF,0xFF,0xFF,0xFF,0xFF,0xFF,0xFF,0xFF,
  0xFF,0xFF,0xFF,0xFF,0xFF,0xFF,0xFF,0xFF,0xFF,0xFF,0xFF,0xFF,0xFF,0xFF,0xFF,0xFF,0xFF,0xFF,0xFF,0xFF,0xFF,0xFF,0xFF,0xFF,
  0xFF,0xFF,0xFF,0xFF,0xFF,0xFF,0xFF,0xFF,0xFF,0xFF,0xFF,0xFF,0xFF,0xFF,0xFF,0xFF,0xFF,0xFF,0xFF,0xFF,0xFF,0xFF,0xFF,0xFF,
  0xFF,0xFF,0xFF,0xFF,0xFF,0xFF,0xFF,0xFF,0xFF,0xFF,0xFF,0xFF,0xFF,0xFF,0xFF,0xFF,0xFF,0xFF,0xFF,0xFF,0xFF,0xFF,0xFF,0xFF,
  0xFF,0xFF,0xFF,0xFF,0xFF,0xFF,0xFF,0xFF,0xFF,0xFF,0xFF,0xFF,0xFF,0xFF,0xFF,0xFF,0xFF,0xFF,0xFF,0xFF,0xFF,0xFF,0xFF,0xFF,
  0xFF,0xFF,0xFF,0xFF,0xFF,0xFF,0xFF,0xFF,0xFF,0xFF,0xFF,0xFF,0xFF,0xFF,0xFF,0xFF,0xFF,0xFF,0xFF,0xFF,0xFF,0xFF,0xFF,0xFF,
  0xFF,0xFF,0xFF,0xFF,0xFF,0xFF,0xFF,0xFF,0xFF,0xFF,0xFF,0xFF,0xFF,0xFF,0xFF,0xFF,0xFF,0xFF,0xFF,0xFF,0xFF,0xFF,0xFF,0xFF,
  0xFF,0xFF,0xFF,0xFF,0xFF,0xFF,0xFF,0xFF,0xFF,0xFF,0xFF,0xFF,0xFF,0xFF,0xFF,0xFF,0xFF,0xFF,0xFF,0xFF,0xFF,0xFF,0xFF,0xFF,
  0xFF,0xFF,0xFF,0xFF,0xFF,0xFF,0xFF,0xFF,0xFF,0xFF,0xFF,0xFF,0xFF,0xFF,0xFF,0xFF,0xFF,0xFF,0xFF,0xFF,0xFF,0xFF,0xFF,0xFF,
  0xFF,0xFF,0xFF,0xFF,0xFF,0xFF,0xFF,0xFF,0xFF,0xFF,0xFF,0xFF,0xFF,0xFF,0xFF,0xFF,0xFF,0xFF,0xBF,0xF7,0x9E,0xF7,0x7E,0xEF,
  0x7D,0xEF,0x9E,0xF7,0xBF,0xF7,0xFF,0xFF,0xFF,0xFF,0xFF,0xFF,0xFF,0xFF,0xFF,0xFF,0xBE,0xFF,0xBE,0xFF,0x9E,0xF7,0x9E,0xF7,
  0x7D,0xF7,0xDE,0xFF,0xDF,0xFF,0xDE,0xFF,0xFF,0xFF,0xFF,0xFF,0xFF,0xFF,0xFF,0xFF,0xDF,0xFF,0xDF,0xFF,0x7E,0xEF,0x7E,0xEF,
  0x7E,0xF7,0x9E,0xF7,0xDF,0xFF,0xFF,0xFF,0xFF,0xFF,0xFF,0xFF,0xFF,0xFF,0xFF,0xFF,0xFF,0xFF,0xFF,0xFF,0xFF,0xFF,0xFF,0xFF,
  0xFF,0xFF,0xFF,0xFF,0xFF,0xFF,0xFF,0xFF,0xFF,0xFF,0xFF,0xFF,0xFF,0xFF,0xFF,0xFF,0xFF,0xFF,0xFF,0xFF,0xFF,0xFF,0xFF,0xFF,
  0xFF,0xFF,0xFF,0xFF,0xFF,0xFF,0xFF,0xFF,0xFF,0xFF,0xFF,0xFF,0xFF,0xFF,0xFF,0xFF,0xFF,0xFF,0xFF,0xFF,0xFF,0xFF,0xFF,0xFF,
  0xFF,0xFF,0xFF,0xFF,0xFF,0xFF,0xFF,0xFF,0xFF,0xFF,0xFF,0xFF,0xFF,0xFF,0xFF,0xFF,0xFF,0xFF,0xFF,0xFF,0xFF,0xFF,0xFF,0xFF,
  0xFF,0xFF,0xFF,0xFF,0xFF,0xFF,0xFF,0xFF,0xFF,0xFF,0xFF,0xFF,0xFF,0xFF,0xFF,0xFF,0xFF,0xFF,0xFF,0xFF,0xFF,0xFF,0xFF,0xFF,
  0xFF,0xFF,0xFF,0xFF,0xFF,0xFF,0xFF,0xFF,0xFF,0xFF,0xFF,0xFF,0xFF,0xFF,0xFF,0xFF,0xFF,0xFF,0xFF,0xFF,0xFF,0xFF,0xFF,0xFF,
  0xFF,0xFF,0xFF,0xFF,0xFF,0xFF,0xFF,0xFF,0xFF,0xFF,0xFF,0xFF,0xFF,0xFF,0xFF,0xFF,0xFF,0xFF,0xFF,0xFF,0xFF,0xFF,0xFF,0xFF,
  0xFF,0xFF,0xFF,0xFF,0xFF,0xFF,0xFF,0xFF,0xFF,0xFF,0xFF,0xFF,0xFF,0xFF,0xFF,0xFF,0xFF,0xFF,0xFF,0xFF,0xFF,0xFF,0xFF,0xFF,
  0xFF,0xFF,0xFF,0xFF,0xFF,0xFF,0xFF,0xFF,0xFF,0xFF,0xFF,0xFF,0xFF,0xFF,0xFF,0xFF,0xFF,0xFF,0xFF,0xFF,0xFF,0xFF,0xFF,0xFF,
  0xFF,0xFF,0xFF,0xFF,0xFF,0xFF,0xFF,0xFF,0xFF,0xFF,0xFF,0xFF,0xFF,0xFF,0xFF,0xFF,0xDF,0xFF,0xDF,0xFF,0xBE,0xFF,0xFF,0xFF,
  0xFF,0xFF,0xDF,0xFF,0x3D,0xE7,0x5B,0xCE,0x7A,0xAD,0x98,0x94,0x17,0x84,0x96,0x73,0x76,0x6B,0x35,0x6B,0x35,0x6B,0x55,0x6B,
  0x55,0x63,0x56,0x63,0x35,0x63,0x76,0x6B,0x96,0x6B,0xF7,0x7B,0x77,0x94,0x39,0xAD,0x3B,0xC6,0xFD,0xDE,0x9E,0xF7,0xFF,0xFF,
  0xFF,0xFF,0xDF,0xFF,0xFF,0xFF,0xDF,0xFF,0xDF,0xF7,0xFF,0xFF,0xDF,0xFF,0xBF,0xF7,0xFF,0xFF,0xFF,0xFF,0xFF,0xFF,0xFF,0xFF,
  0xFF,0xFF,0xFF,0xFF,0xFF,0xFF,0xFF,0xFF,0xFF,0xFF,0xFF,0xFF,0xFF,0xFF,0xFF,0xFF,0xFF,0xFF,0xFF,0xFF,0xFF,0xFF,0xFF,0xFF,
  0xFF,0xFF,0xFF,0xFF,0xFF,0xFF,0xFF,0xFF,0xFF,0xFF,0xFF,0xFF,0xFF,0xFF,0xFF,0xFF,0xFF,0xFF,0xFF,0xFF,0xFF,0xFF,0xFF,0xFF,
  0xFF,0xFF,0xFF,0xFF,0xFF,0xFF,0xFF,0xFF,0xFF,0xFF,0xFF,0xFF,0xFF,0xFF,0xFF,0xFF,0xFF,0xFF,0xFF,0xFF,0xFF,0xFF,0xFF,0xFF,
  0xFF,0xFF,0xFF,0xFF,0xFF,0xFF,0xFF,0xFF,0xFF,0xFF,0xFF,0xFF,0xFF,0xFF,0xFF,0xFF,0xFF,0xFF,0xFF,0xFF,0xFF,0xFF,0xFF,0xFF,
  0xFF,0xFF,0xFF,0xFF,0xFF,0xFF,0xFF,0xFF,0xFF,0xFF,0xFF,0xFF,0xFF,0xFF,0xFF,0xFF,0xFF,0xFF,0xFF,0xFF,0xFF,0xFF,0xFF,0xFF,
  0xFF,0xFF,0xFF,0xFF,0xFF,0xFF,0xFF,0xFF,0xFF,0xFF,0xFF,0xFF,0xFF,0xFF,0xFF,0xFF,0xFF,0xFF,0xFF,0xFF,0xFF,0xFF,0xFF,0xFF,
  0xFF,0xFF,0xFF,0xFF,0xFF,0xFF,0xFF,0xFF,0xFF,0xFF,0xFF,0xFF,0xFF,0xFF,0xFF,0xFF,0xFF,0xFF,0xFF,0xFF,0xFF,0xFF,0xFF,0xFF,
  0xFF,0xFF,0xFF,0xFF,0xFF,0xFF,0xFF,0xFF,0xFF,0xFF,0xFF,0xFF,0xFF,0xFF,0xFF,0xFF,0xFF,0xFF,0xFF,0xFF,0xFF,0xFF,0xFF,0xFF,
  0xFF,0xFF,0xFF,0xFF,0xFF,0xFF,0xDF,0xFF,0x9E,0xF7,0xBE,0xF7,0xDF,0xFF,0xFF,0xFF,0xFF,0xFF,0xFF,0xFF,0xDD,0xDE,0x7A,0xAD,
  0x17,0x7C,0x35,0x63,0x15,0x5B,0x35,0x63,0xB6,0x73,0x78,0x8C,0x19,0xA5,0xBA,0xBD,0x1B,0xC6,0x7B,0xCE,0xBD,0xD6,0xBC,0xD6,
  0xBC,0xD6,0xBC,0xD6,0x9C,0xD6,0x5B,0xCE,0xDA,0xBD,0x39,0xA5,0xB9,0x94,0xF7,0x83,0x55,0x63,0x15,0x5B,0x35,0x63,0xD7,0x73,
  0x19,0xA5,0xBC,0xD6,0xBF,0xFF,0xFF,0xFF,0xDE,0xFF,0xDF,0xFF,0x9E,0xF7,0x7E,0xF7,0xFF,0xFF,0xFF,0xFF,0xFF,0xFF,0xFF,0xFF,
  0xFF,0xFF,0xFF,0xFF,0xFF,0xFF,0xFF,0xFF,0xFF,0xFF,0xFF,0xFF,0xFF,0xFF,0xFF,0xFF,0xFF,0xFF,0xFF,0xFF,0xFF,0xFF,0xFF,0xFF,
  0xFF,0xFF,0xFF,0xFF,0xFF,0xFF,0xFF,0xFF,0xFF,0xFF,0xFF,0xFF,0xFF,0xFF,0xFF,0xFF,0xFF,0xFF,0xFF,0xFF,0xFF,0xFF,0xFF,0xFF,
  0xFF,0xFF,0xFF,0xFF,0xFF,0xFF,0xFF,0xFF,0xFF,0xFF,0xFF,0xFF,0xFF,0xFF,0xFF,0xFF,0xFF,0xFF,0xFF,0xFF,0xFF,0xFF,0xFF,0xFF,
  0xFF,0xFF,0xFF,0xFF,0xFF,0xFF,0xFF,0xFF,0xFF,0xFF,0xFF,0xFF,0xFF,0xFF,0xFF,0xFF,0xFF,0xFF,0xFF,0xFF,0xFF,0xFF,0xFF,0xFF,
  0xFF,0xFF,0xFF,0xFF,0xFF,0xFF,0xFF,0xFF,0xFF,0xFF,0xFF,0xFF,0xFF,0xFF,0xFF,0xFF,0xFF,0xFF,0xFF,0xFF,0xFF,0xFF,0xFF,0xFF,
  0xFF,0xFF,0xFF,0xFF,0xFF,0xFF,0xFF,0xFF,0xFF,0xFF,0xFF,0xFF,0xFF,0xFF,0xFF,0xFF,0xFF,0xFF,0xFF,0xFF,0xFF,0xFF,0xFF,0xFF,
  0xFF,0xFF,0xFF,0xFF,0xFF,0xFF,0xFF,0xFF,0xFF,0xFF,0xFF,0xFF,0xFF,0xFF,0xFF,0xFF,0xFF,0xFF,0xFF,0xFF,0xFF,0xFF,0xFF,0xFF,
  0xFF,0xFF,0xFF,0xFF,0xFF,0xFF,0xFF,0xFF,0xFF,0xFF,0xFF,0xFF,0xFF,0xFF,0xFF,0xFF,0xFF,0xFF,0xFF,0xFF,0xFF,0xFF,0xFF,0xFF,
  0xFF,0xFF,0xBF,0xFF,0x9E,0xF7,0xBF,0xF7,0xDF,0xFF,0xFF,0xFF,0xFF,0xFF,0x9C,0xD6,0xB8,0x94,0x36,0x63,0xF5,0x5A,0x95,0x73,
  0xD9,0x9C,0x3B,0xC6,0x3D,0xE7,0xDF,0xFF,0xFF,0xFF,0xFF,0xFF,0xFF,0xFF,0xDF,0xFF,0xFF,0xFF,0xFF,0xFF,0xFF,0xFF,0xBF,0xFF,
  0xDF,0xFF,0xBE,0xF7,0xFF,0xFF,0xFF,0xFF,0xFF,0xFF,0xFF,0xFF,0xFF,0xFF,0xFF,0xFF,0xDF,0xFF,0x5E,0xEF,0x5C,0xCE,0x19,0xA5,
  0xF7,0x7B,0xF5,0x5A,0xF5,0x5A,0x17,0x84,0x1B,0xC6,0x9E,0xF7,0xFF,0xFF,0xDF,0xFF,0x9E,0xF7,0xDF,0xFF,0xFF,0xFF,0xFF,0xFF,
  0xFF,0xFF,0xFF,0xFF,0xFF,0xFF,0xFF,0xFF,0xFF,0xFF,0xFF,0xFF,0xFF,0xFF,0xFF,0xFF,0xFF,0xFF,0xFF,0xFF,0xFF,0xFF,0xFF,0xFF,
  0xFF,0xFF,0xFF,0xFF,0xFF,0xFF,0xFF,0xFF,0xFF,0xFF,0xFF,0xFF,0xFF,0xFF,0xFF,0xFF,0xFF,0xFF,0xFF,0xFF,0xFF,0xFF,0xFF,0xFF,
  0xFF,0xFF,0xFF,0xFF,0xFF,0xFF,0xFF,0xFF,0xFF,0xFF,0xFF,0xFF,0xFF,0xFF,0xFF,0xFF,0xFF,0xFF,0xFF,0xFF,0xFF,0xFF,0xFF,0xFF,
  0xFF,0xFF,0xFF,0xFF,0xFF,0xFF,0xFF,0xFF,0xFF,0xFF,0xFF,0xFF,0xFF,0xFF,0xFF,0xFF,0xFF,0xFF,0xFF,0xFF,0xFF,0xFF,0xFF,0xFF,
  0xFF,0xFF,0xFF,0xFF,0xFF,0xFF,0xFF,0xFF,0xFF,0xFF,0xFF,0xFF,0xFF,0xFF,0xFF,0xFF,0xFF,0xFF,0xFF,0xFF,0xFF,0xFF,0xFF,0xFF,
  0xFF,0xFF,0xFF,0xFF,0xFF,0xFF,0xFF,0xFF,0xFF,0xFF,0xFF,0xFF,0xFF,0xFF,0xFF,0xFF,0xFF,0xFF,0xFF,0xFF,0xFF,0xFF,0xFF,0xFF,
  0xFF,0xFF,0xFF,0xFF,0xFF,0xFF,0xFF,0xFF,0xFF,0xFF,0xFF,0xFF,0xFF,0xFF,0xFF,0xFF,0xFF,0xFF,0xFF,0xFF,0xFF,0xFF,0xFF,0xFF,
  0xFF,0xFF,0xFF,0xFF,0xFF,0xFF,0xFF,0xFF,0xFF,0xFF,0xFF,0xFF,0xFF,0xFF,0xFF,0xFF,0xFF,0xFF,0xFF,0xFF,0xDF,0xFF,0xFF,0xFF,
  0xFF,0xFF,0xBF,0xFF,0xFF,0xFF,0xFF,0xFF,0x5D,0xE7,0xF9,0xA4,0x15,0x63,0xD4,0x5A,0x17,0x7C,0xFB,0xBD,0x5E,0xEF,0xFF,0xFF,
  0xFF,0xFF,0xFF,0xFF,0xDE,0xF7,0x9E,0xF7,0xBF,0xF7,0xDF,0xFF,0xDF,0xF7,0x9E,0xF7,0xFF,0xFF,0x76,0xED,0x36,0xED,0xBE,0xF7,
  0x9E,0xF7,0x9E,0xF7,0xBE,0xF7,0xFF,0xFF,0xFF,0xFF,0xBF,0xFF,0xBF,0xF7,0x7E,0xF7,0xDF,0xFF,0xDF,0xFF,0xFF,0xFF,0xFF,0xFF,
  0xFF,0xFF,0x7E,0xF7,0x5B,0xCE,0xB8,0x94,0x15,0x63,0xD5,0x5A,0x98,0x8C,0xBC,0xD6,0xFE,0xFF,0xDF,0xFF,0x9F,0xF7,0xBF,0xF7,
  0xFF,0xFF,0xFF,0xFF,0xFF,0xFF,0xFF,0xFF,0xFF,0xFF,0xFF,0xFF,0xFF,0xFF,0xFF,0xFF,0xFF,0xFF,0xFF,0xFF,0xFF,0xFF,0xFF,0xFF,
  0xFF,0xFF,0xFF,0xFF,0xFF,0xFF,0xFF,0xFF,0xFF,0xFF,0xFF,0xFF,0xFF,0xFF,0xFF,0xFF,0xFF,0xFF,0xFF,0xFF,0xFF,0xFF,0xFF,0xFF,
  0xFF,0xFF,0xFF,0xFF,0xFF,0xFF,0xFF,0xFF,0xFF,0xFF,0xFF,0xFF,0xFF,0xFF,0xFF,0xFF,0xFF,0xFF,0xFF,0xFF,0xFF,0xFF,0xFF,0xFF,
  0xFF,0xFF,0xFF,0xFF,0xFF,0xFF,0xFF,0xFF,0xFF,0xFF,0xFF,0xFF,0xFF,0xFF,0xFF,0xFF,0xFF,0xFF,0xFF,0xFF,0xFF,0xFF,0xFF,0xFF,
  0xFF,0xFF,0xFF,0xFF,0xFF,0xFF,0xFF,0xFF,0xFF,0xFF,0xFF,0xFF,0xFF,0xFF,0xFF,0xFF,0xFF,0xFF,0xFF,0xFF,0xFF,0xFF,0xFF,0xFF,
  0xFF,0xFF,0xFF,0xFF,0xFF,0xFF,0xFF,0xFF,0xFF,0xFF,0xFF,0xFF,0xFF,0xFF,0xFF,0xFF,0xFF,0xFF,0xFF,0xFF,0xFF,0xFF,0xFF,0xFF,
  0xFF,0xFF,0xFF,0xFF,0xFF,0xFF,0xFF,0xFF,0xFF,0xFF,0xFF,0xFF,0xFF,0xFF,0xFF,0xFF,0xFF,0xFF,0xFF,0xFF,0xFF,0xFF,0xFF,0xFF,
  0xFF,0xFF,0xFF,0xFF,0xFF,0xFF,0xFF,0xFF,0xFF,0xFF,0xFF,0xFF,0xFF,0xFF,0xFF,0xFF,0xFF,0xFF,0xFF,0xFF,0x9E,0xF7,0xBE,0xF7,
  0xDF,0xFF,0xFF,0xFF,0xDC,0xDE,0x17,0x7C,0xB4,0x52,0x95,0x73,0xFB,0xBD,0x9E,0xF7,0xFF,0xFF,0xFF,0xFF,0xDE,0xFF,0xBE,0xF7,
  0x9E,0xF7,0xBE,0xF7,0x9E,0xF7,0x9F,0xF7,0x7E,0xF7,0xBF,0xF7,0xDF,0xFF,0xFF,0xFF,0xF8,0xF5,0xA8,0xD9,0xFB,0xF6,0x9F,0xF7,
  0x7D,0xF7,0x9E,0xF7,0xBF,0xFF,0xFF,0xFF,0xFF,0xFF,0xBF,0xF7,0x9E,0xF7,0x9E,0xF7,0xBF,0xFF,0xBF,0xFF,0x9E,0xF7,0xBF,0xF7,
  0xDF,0xFF,0xBE,0xF7,0xFE,0xFF,0xFF,0xFF,0xBF,0xFF,0x5B,0xCE,0x37,0x84,0xB4,0x52,0x96,0x73,0x1B,0xBE,0xFF,0xFF,0xFF,0xFF,
  0x9E,0xF7,0x9F,0xF7,0xBF,0xF7,0xDF,0xFF,0xDF,0xFF,0xDF,0xFF,0xFF,0xFF,0xFF,0xFF,0xFF,0xFF,0xFF,0xFF,0xFF,0xFF,0xFF,0xFF,
  0xFF,0xFF,0xFF,0xFF,0xFF,0xFF,0xFF,0xFF,0xFF,0xFF,0xFF,0xFF,0xFF,0xFF,0xFF,0xFF,0xFF,0xFF,0xFF,0xFF,0xFF,0xFF,0xFF,0xFF,
  0xFF,0xFF,0xFF,0xFF,0xFF,0xFF,0xFF,0xFF,0xFF,0xFF,0xFF,0xFF,0xFF,0xFF,0xFF,0xFF,0xFF,0xFF,0xFF,0xFF,0xFF,0xFF,0xFF,0xFF,
  0xFF,0xFF,0xFF,0xFF,0xFF,0xFF,0xFF,0xFF,0xFF,0xFF,0xFF,0xFF,0xFF,0xFF,0xFF,0xFF,0xFF,0xFF,0xFF,0xFF,0xFF,0xFF,0xFF,0xFF,
  0xFF,0xFF,0xFF,0xFF,0xFF,0xFF,0xFF,0xFF,0xFF,0xFF,0xFF,0xFF,0xFF,0xFF,0xFF,0xFF,0xFF,0xFF,0xFF,0xFF,0xFF,0xFF,0xFF,0xFF,
  0xFF,0xFF,0xFF,0xFF,0xFF,0xFF,0xFF,0xFF,0xFF,0xFF,0xFF,0xFF,0xFF,0xFF,0xFF,0xFF,0xFF,0xFF,0xFF,0xFF,0xFF,0xFF,0xFF,0xFF,
  0xFF,0xFF,0xFF,0xFF,0xFF,0xFF,0xFF,0xFF,0xFF,0xFF,0xFF,0xFF,0xFF,0xFF,0xFF,0xFF,0xFF,0xFF,0xFF,0xFF,0xFF,0xFF,0xFF,0xFF,
  0xFF,0xFF,0xFF,0xFF,0xFF,0xFF,0xFF,0xFF,0xFF,0xFF,0xFF,0xFF,0xFF,0xFF,0xFF,0xFF,0xFF,0xFF,0xDF,0xF7,0xFF,0xFF,0xFF,0xFF,
  0x9B,0xD6,0xB6,0x73,0x94,0x52,0x98,0x8C,0xFD,0xDE,0xFF,0xFF,0xFF,0xFF,0xBF,0xF7,0x9E,0xF7,0xBE,0xF7,0xDF,0xFF,0xFF,0xFF,
  0xFF,0xFF,0xFF,0xFF,0xFF,0xFF,0xFF,0xFF,0x9E,0xF7,0x7D,0xEF,0x7E,0xF7,0xFF,0xFF,0x93,0xEC,0x82,0xD8,0xB3,0xF4,0xFF,0xF7,
  0x7D,0xEF,0x9E,0xF7,0x9E,0xF7,0xFF,0xFF,0xFF,0xFF,0xFF,0xFF,0xFF,0xFF,0xFF,0xFF,0xDF,0xFF,0xDF,0xFF,0xFF,0xFF,0xFF,0xFF,
  0xFF,0xFF,0xFF,0xFF,0x9E,0xF7,0x7E,0xEF,0x9E,0xEF,0xFF,0xFF,0xFF,0xFF,0x5E,0xEF,0x19,0xA5,0xD4,0x5A,0x14,0x63,0xFB,0xBD,
  0xFF,0xFF,0xFF,0xFF,0xDF,0xFF,0xBF,0xFF,0xDF,0xFF,0xFF,0xFF,0xFF,0xFF,0xFF,0xFF,0xFF,0xFF,0xFF,0xFF,0xFF,0xFF,0xFF,0xFF,
  0xFF,0xFF,0xFF,0xFF,0xFF,0xFF,0xFF,0xFF,0xFF,0xFF,0xFF,0xFF,0xFF,0xFF,0xFF,0xFF,0xFF,0xFF,0xFF,0xFF,0xFF,0xFF,0xFF,0xFF,
  0xFF,0xFF,0xFF,0xFF,0xFF,0xFF,0xFF,0xFF,0xFF,0xFF,0xFF,0xFF,0xFF,0xFF,0xFF,0xFF,0xFF,0xFF,0xFF,0xFF,0xFF,0xFF,0xFF,0xFF,
  0xFF,0xFF,0xFF,0xFF,0xFF,0xFF,0xFF,0xFF,0xFF,0xFF,0xFF,0xFF,0xFF,0xFF,0xFF,0xFF,0xFF,0xFF,0xFF,0xFF,0xFF,0xFF,0xFF,0xFF,
  0xFF,0xFF,0xFF,0xFF,0xFF,0xFF,0xFF,0xFF,0xFF,0xFF,0xFF,0xFF,0xFF,0xFF,0xFF,0xFF,0xFF,0xFF,0xFF,0xFF,0xFF,0xFF,0xFF,0xFF,
  0xFF,0xFF,0xFF,0xFF,0xFF,0xFF,0xFF,0xFF,0xFF,0xFF,0xFF,0xFF,0xFF,0xFF,0xFF,0xFF,0xFF,0xFF,0xFF,0xFF,0xFF,0xFF,0xFF,0xFF,
  0xFF,0xFF,0xFF,0xFF,0xFF,0xFF,0xFF,0xFF,0xFF,0xFF,0xFF,0xFF,0xFF,0xFF,0xFF,0xFF,0xFF,0xFF,0xFF,0xFF,0xFF,0xFF,0xFF,0xFF,
  0xFF,0xFF,0xFF,0xFF,0xFF,0xFF,0xFF,0xFF,0xFF,0xFF,0xDF,0xFF,0xFF,0xFF,0xDF,0xFF,0xFF,0xFF,0xFF,0xFF,0x1D,0xE7,0xD6,0x7B,
  0x73,0x52,0xB8,0x94,0x5E,0xF7,0xFF,0xFF,0xBE,0xFF,0xBF,0xFF,0x7E,0xEF,0xBF,0xF7,0x9E,0xF7,0x9E,0xFF,0xFF,0xFF,0xFF,0xFF,
  0xFF,0xFF,0xFF,0xFF,0xFF,0xFF,0xDF,0xF7,0x7E,0xEF,0xBE,0xF7,0xBE,0xF7,0xDE,0xF7,0x9A,0xF6,0x25,0xE1,0x42,0xE8,0x31,0xEC,
  0xBE,0xF7,0xDE,0xFF,0x9D,0xF7,0xBE,0xF7,0xFF,0xFF,0xFF,0xFF,0xFF,0xFF,0xFF,0xFF,0xFF,0xFF,0xFF,0xFF,0xFF,0xFF,0xFF,0xFF,
  0xFF,0xFF,0xFF,0xFF,0x9E,0xEF,0xFF,0xFF,0xBE,0xF7,0x9F,0xFF,0x7E,0xF7,0xBE,0xFF,0xFF,0xFF,0xBF,0xFF,0x9A,0xB5,0xB4,0x5A,
  0x35,0x63,0x7B,0xCE,0xFF,0xFF,0xFF,0xFF,0xBF,0xF7,0xFF,0xFF,0xDF,0xFF,0xFF,0xFF,0xFF,0xFF,0xFF,0xFF,0xFF,0xFF,0xFF,0xFF,
  0xFF,0xFF,0xFF,0xFF,0xFF,0xFF,0xFF,0xFF,0xFF,0xFF,0xFF,0xFF,0xFF,0xFF,0xFF,0xFF,0xFF,0xFF,0xFF,0xFF,0xFF,0xFF,0xFF,0xFF,
  0xFF,0xFF,0xFF,0xFF,0xFF,0xFF,0xFF,0xFF,0xFF,0xFF,0xFF,0xFF,0xFF,0xFF,0xFF,0xFF,0xFF,0xFF,0xFF,0xFF,0xFF,0xFF,0xFF,0xFF,
  0xFF,0xFF,0xFF,0xFF,0xFF,0xFF,0xFF,0xFF,0xFF,0xFF,0xFF,0xFF,0xFF,0xFF,0xFF,0xFF,0xFF,0xFF,0xFF,0xFF,0xFF,0xFF,0xFF,0xFF,
  0xFF,0xFF,0xFF,0xFF,0xFF,0xFF,0xFF,0xFF,0xFF,0xFF,0xFF,0xFF,0xFF,0xFF,0xFF,0xFF,0xFF,0xFF,0xFF,0xFF,0xFF,0xFF,0xFF,0xFF,
  0xFF,0xFF,0xFF,0xFF,0xFF,0xFF,0xFF,0xFF,0xFF,0xFF,0xFF,0xFF,0xFF,0xFF,0xFF,0xFF,0xFF,0xFF,0xFF,0xFF,0xFF,0xFF,0xFF,0xFF,
  0xFF,0xFF,0xFF,0xFF,0xFF,0xFF,0xFF,0xFF,0xFF,0xFF,0xFF,0xFF,0xFF,0xFF,0xFF,0xFF,0xFF,0xFF,0xFF,0xFF,0xFF,0xFF,0xFF,0xFF,
  0xFF,0xFF,0xFF,0xFF,0xFF,0xFF,0xFF,0xFF,0xBF,0xFF,0xBE,0xF7,0x7D,0xEF,0xFF,0xFF,0xFF,0xFF,0xD8,0x9C,0x73,0x42,0x77,0x84,
  0x7F,0xEF,0xFF,0xFF,0x7E,0xF7,0x9E,0xF7,0xDE,0xF7,0xFF,0xFF,0x9E,0xF7,0xFF,0xFF,0xFF,0xFF,0xFF,0xFF,0xFF,0xFF,0xFF,0xFF,
  0xFF,0xFF,0xFF,0xFF,0xFF,0xFF,0xDE,0xFF,0x7E,0xF7,0x9F,0xF7,0xBF,0xFF,0x9E,0xF7,0xDF,0xFF,0x71,0xEC,0x83,0xE0,0x63,0xE8,
  0x10,0xEC,0x9E,0xFF,0xBF,0xF7,0xDF,0xFF,0xFF,0xFF,0xFF,0xFF,0xFF,0xFF,0xFF,0xFF,0xFF,0xFF,0xFF,0xFF,0xFF,0xFF,0xFF,0xFF,
  0xFF,0xFF,0xFF,0xFF,0xFF,0xFF,0xFF,0xFF,0xDF,0xFF,0x9E,0xFF,0xBF,0xFF,0xDF,0xFF,0xBF,0xF7,0xBE,0xF7,0xFF,0xFF,0xDF,0xFF,
  0x39,0xA5,0x73,0x52,0xF6,0x7B,0x7E,0xF7,0xFF,0xFF,0x9E,0xF7,0x9E,0xF7,0x9E,0xF7,0xFF,0xFF,0xFF,0xFF,0xFF,0xFF,0xFF,0xFF,
  0xFF,0xFF,0xFF,0xFF,0xFF,0xFF,0xFF,0xFF,0xFF,0xFF,0xFF,0xFF,0xFF,0xFF,0xFF,0xFF,0xFF,0xFF,0xFF,0xFF,0xFF,0xFF,0xFF,0xFF,
  0xFF,0xFF,0xFF,0xFF,0xFF,0xFF,0xFF,0xFF,0xFF,0xFF,0xFF,0xFF,0xFF,0xFF,0xFF,0xFF,0xFF,0xFF,0xFF,0xFF,0xFF,0xFF,0xFF,0xFF,
  0xFF,0xFF,0xFF,0xFF,0xFF,0xFF,0xFF,0xFF,0xFF,0xFF,0xFF,0xFF,0xFF,0xFF,0xFF,0xFF,0xFF,0xFF,0xFF,0xFF,0xFF,0xFF,0xFF,0xFF,
  0xFF,0xFF,0xFF,0xFF,0xFF,0xFF,0xFF,0xFF,0xFF,0xFF,0xFF,0xFF,0xFF,0xFF,0xFF,0xFF,0xFF,0xFF,0xFF,0xFF,0xFF,0xFF,0xFF,0xFF,
  0xFF,0xFF,0xFF,0xFF,0xFF,0xFF,0xFF,0xFF,0xFF,0xFF,0xFF,0xFF,0xFF,0xFF,0xFF,0xFF,0xFF,0xFF,0xFF,0xFF,0xFF,0xFF,0xFF,0xFF,
  0xFF,0xFF,0xFF,0xFF,0xFF,0xFF,0xFF,0xFF,0xFF,0xFF,0xFF,0xFF,0xFF,0xFF,0xFF,0xFF,0xFF,0xFF,0xFF,0xFF,0xFF,0xFF,0xFF,0xFF,
  0xFF,0xFF,0xFF,0xFF,0xFF,0xFF,0xFF,0xFF,0x9E,0xF7,0xDF,0xFF,0xFF,0xFF,0x9C,0xCE,0xF4,0x5A,0x55,0x63,0xBD,0xD6,0xFF,0xFF,
  0xFF,0xFF,0x9F,0xF7,0xBE,0xF7,0x7D,0xEF,0xFF,0xFF,0xFF,0xFF,0xFF,0xFF,0xFF,0xFF,0xFF,0xFF,0xFF,0xFF,0xFF,0xFF,0xFF,0xFF,
  0xFF,0xFF,0xFF,0xFF,0xFF,0xFF,0x7E,0xF7,0x7D,0xF7,0x9E,0xF7,0xBF,0xFF,0xBF,0xFF,0xFF,0xF7,0xFB,0xF6,0x25,0xE9,0xA3,0xF0,
  0x25,0xE1,0x1C,0xF7,0x1C,0xF7,0xBE,0xFF,0xFF,0xFF,0xFF,0xFF,0xFF,0xFF,0xFF,0xFF,0xFF,0xFF,0xFF,0xFF,0xFF,0xFF,0xFF,0xFF,
  0xFF,0xFF,0xFF,0xFF,0xFF,0xFF,0xFF,0xFF,0xFF,0xFF,0xFF,0xFF,0xFF,0xFF,0xDF,0xFF,0x7D,0xF7,0x9E,0xFF,0x7E,0xEF,0xDF,0xFF,
  0xFF,0xFF,0x5E,0xEF,0x17,0x84,0x73,0x4A,0xBA,0xB5,0xFF,0xFF,0x9E,0xF7,0x7E,0xEF,0xFF,0xFF,0xFF,0xFF,0xFF,0xFF,0xFF,0xFF,
  0xFF,0xFF,0xFF,0xFF,0xFF,0xFF,0xFF,0xFF,0xFF,0xFF,0xFF,0xFF,0xFF,0xFF,0xFF,0xFF,0xFF,0xFF,0xFF,0xFF,0xFF,0xFF,0xFF,0xFF,
  0xFF,0xFF,0xFF,0xFF,0xFF,0xFF,0xFF,0xFF,0xFF,0xFF,0xFF,0xFF,0xFF,0xFF,0xFF,0xFF,0xFF,0xFF,0xFF,0xFF,0xFF,0xFF,0xFF,0xFF,
  0xFF,0xFF,0xFF,0xFF,0xFF,0xFF,0xFF,0xFF,0xFF,0xFF,0xFF,0xFF,0xFF,0xFF,0xFF,0xFF,0xFF,0xFF,0xFF,0xFF,0xFF,0xFF,0xFF,0xFF,
  0xFF,0xFF,0xFF,0xFF,0xFF,0xFF,0xFF,0xFF,0xFF,0xFF,0xFF,0xFF,0xFF,0xFF,0xFF,0xFF,0xFF,0xFF,0xFF,0xFF,0xFF,0xFF,0xFF,0xFF,
  0xFF,0xFF,0xFF,0xFF,0xFF,0xFF,0xFF,0xFF,0xFF,0xFF,0xFF,0xFF,0xFF,0xFF,0xFF,0xFF,0xFF,0xFF,0xFF,0xFF,0xFF,0xFF,0xFF,0xFF,
  0xFF,0xFF,0xFF,0xFF,0xFF,0xFF,0xFF,0xFF,0xFF,0xFF,0xFF,0xFF,0xFF,0xFF,0xFF,0xFF,0xFF,0xFF,0xFF,0xFF,0xFF,0xFF,0xFF,0xFF,
  0xFF,0xFF,0xFF,0xFF,0xFF,0xFF,0xBF,0xF7,0xDE,0xFF,0xFF,0xFF,0xD8,0x94,0x53,0x4A,0x7A,0xAD,0xFF,0xFF,0xDF,0xFF,0x7E,0xF7,
  0xBF,0xFF,0xDF,0xFF,0x9F,0xF7,0x9F,0xF7,0xFF,0xFF,0xFF,0xFF,0xFF,0xFF,0xFF,0xFF,0xFF,0xFF,0xFF,0xFF,0xFF,0xFF,0xFF,0xFF,
  0xFF,0xFF,0xFF,0xFF,0xFF,0xFF,0xBF,0xF7,0x7D,0xEF,0xBE,0xF7,0x7E,0xFF,0xDF,0xF7,0xFB,0xFE,0x8B,0xEA,0xC4,0xE8,0xA3,0xF0,
  0xA7,0xD9,0xD3,0xEC,0x2D,0xE3,0xBE,0xFF,0xFF,0xFF,0xFF,0xFF,0xFF,0xFF,0xFF,0xFF,0xFF,0xFF,0xFF,0xFF,0xFF,0xFF,0xFF,0xFF,
  0xFF,0xFF,0xFF,0xFF,0xFF,0xFF,0xFF,0xFF,0xFF,0xFF,0xFF,0xFF,0xFF,0xFF,0xFF,0xFF,0x9F,0xF7,0xBE,0xF7,0xBE,0xF7,0x9F,0xF7,
  0x9F,0xF7,0xBE,0xF7,0xFF,0xFF,0x5C,0xC6,0x93,0x52,0xD6,0x73,0x9F,0xF7,0xDE,0xFF,0x9E,0xF7,0xFF,0xFF,0xFF,0xFF,0xDF,0xFF,
  0xFF,0xFF,0xFF,0xFF,0xFF,0xFF,0xFF,0xFF,0xFF,0xFF,0xFF,0xFF,0xFF,0xFF,0xFF,0xFF,0xFF,0xFF,0xFF,0xFF,0xFF,0xFF,0xFF,0xFF,
  0xFF,0xFF,0xFF,0xFF,0xFF,0xFF,0xFF,0xFF,0xFF,0xFF,0xFF,0xFF,0xFF,0xFF,0xFF,0xFF,0xFF,0xFF,0xFF,0xFF,0xFF,0xFF,0xFF,0xFF,
  0xFF,0xFF,0xFF,0xFF,0xFF,0xFF,0xFF,0xFF,0xFF,0xFF,0xFF,0xFF,0xFF,0xFF,0xFF,0xFF,0xFF,0xFF,0xFF,0xFF,0xFF,0xFF,0xFF,0xFF,
  0xFF,0xFF,0xFF,0xFF,0xFF,0xFF,0xFF,0xFF,0xFF,0xFF,0xFF,0xFF,0xFF,0xFF,0xFF,0xFF,0xFF,0xFF,0xFF,0xFF,0xFF,0xFF,0xFF,0xFF,
  0xFF,0xFF,0xFF,0xFF,0xFF,0xFF,0xFF,0xFF,0xFF,0xFF,0xFF,0xFF,0xFF,0xFF,0xFF,0xFF,0xFF,0xFF,0xFF,0xFF,0xFF,0xFF,0xFF,0xFF,
  0xFF,0xFF,0xFF,0xFF,0xFF,0xFF,0xFF,0xFF,0xFF,0xFF,0xFF,0xFF,0xFF,0xFF,0xFF,0xFF,0xFF,0xFF,0xFF,0xFF,0x9F,0xF7,0x9E,0xF7,
  0x9F,0xF7,0xDF,0xFF,0x9F,0xF7,0xBE,0xFF,0x7F,0xEF,0x54,0x6B,0x35,0x63,0x1E,0xE7,0xFF,0xFF,0xBF,0xF7,0xFF,0xFF,0xFF,0xFF,
  0xFF,0xFF,0xDF,0xFF,0xDF,0xFF,0xFF,0xFF,0xFF,0xFF,0xFF,0xFF,0xFF,0xFF,0xFF,0xFF,0xFF,0xFF,0xFF,0xFF,0xFF,0xFF,0xFF,0xFF,
  0xFF,0xFF,0xFF,0xFF,0xFF,0xFF,0xDE,0xFF,0x9E,0xEF,0x9E,0xF7,0xDF,0xF7,0x9E,0xFF,0xEC,0xE2,0x21,0xE8,0xE4,0xE8,0x82,0xE8,
  0x08,0xEA,0x66,0xE1,0x2D,0xE3,0xDF,0xFF,0xDB,0xEE,0xBE,0xFF,0xBE,0xF7,0x9E,0xF7,0xBE,0xF7,0xFF,0xFF,0xFF,0xFF,0xFF,0xFF,
  0xFF,0xFF,0xFF,0xFF,0xFF,0xFF,0xFF,0xFF,0xFF,0xFF,0xFF,0xFF,0xFF,0xFF,0xFF,0xFF,0xFF,0xFF,0xDF,0xFF,0xFF,0xFF,0xDF,0xFF,
  0xDF,0xFF,0xBF,0xFF,0x7E,0xF7,0xDE,0xFF,0xBF,0xFF,0x17,0x7C,0x93,0x52,0xBC,0xD6,0xFF,0xFF,0x9E,0xF7,0xDF,0xFF,0x9E,0xF7,
  0x9E,0xF7,0xBE,0xF7,0xFF,0xFF,0xFF,0xFF,0xFF,0xFF,0xFF,0xFF,0xFF,0xFF,0xFF,0xFF,0xFF,0xFF,0xFF,0xFF,0xFF,0xFF,0xFF,0xFF,
  0xFF,0xFF,0xFF,0xFF,0xFF,0xFF,0xFF,0xFF,0xFF,0xFF,0xFF,0xFF,0xFF,0xFF,0xFF,0xFF,0xFF,0xFF,0xFF,0xFF,0xFF,0xFF,0xFF,0xFF,
  0xFF,0xFF,0xFF,0xFF,0xFF,0xFF,0xFF,0xFF,0xFF,0xFF,0xFF,0xFF,0xFF,0xFF,0xFF,0xFF,0xFF,0xFF,0xFF,0xFF,0xFF,0xFF,0xFF,0xFF,
  0xFF,0xFF,0xFF,0xFF,0xFF,0xFF,0xFF,0xFF,0xFF,0xFF,0xFF,0xFF,0xFF,0xFF,0xFF,0xFF,0xFF,0xFF,0xFF,0xFF,0xFF,0xFF,0xFF,0xFF,
  0xFF,0xFF,0xFF,0xFF,0xFF,0xFF,0xFF,0xFF,0xFF,0xFF,0xFF,0xFF,0xFF,0xFF,0xFF,0xFF,0xFF,0xFF,0xFF,0xFF,0xFF,0xFF,0xFF,0xFF,
  0xFF,0xFF,0xFF,0xFF,0xFF,0xFF,0xFF,0xFF,0xFF,0xFF,0xFF,0xFF,0xFF,0xFF,0xFF,0xFF,0xFF,0xFF,0xFF,0xFF,0xDF,0xFF,0x9E,0xF7,
  0x9E,0xF7,0x7E,0xEF,0xFF,0xFF,0x7C,0xD6,0x52,0x4A,0x77,0x8C,0xFF,0xFF,0xFF,0xFF,0x7E,0xEF,0xFF,0xFF,0xFF,0xFF,0xFF,0xFF,
  0xFF,0xFF,0xFF,0xFF,0xFF,0xFF,0xFF,0xFF,0xFF,0xFF,0xFF,0xFF,0xFF,0xFF,0xFF,0xFF,0xFF,0xFF,0xFF,0xFF,0xFF,0xFF,0xFF,0xFF,
  0xFF,0xFF,0xFF,0xFF,0xFF,0xFF,0x9E,0xF7,0xFF,0xFF,0xF8,0xF5,0xF7,0xED,0xDC,0xFE,0x05,0xE1,0xC3,0xF0,0xC4,0xE8,0x82,0xE8,
  0x05,0xF1,0xA4,0xE8,0xCC,0xEA,0xBB,0xF6,0xF0,0xCB,0x9E,0xFF,0x9E,0xEF,0x7E,0xF7,0x9E,0xF7,0xFF,0xFF,0xFF,0xFF,0xFF,0xFF,
  0xFF,0xFF,0xFF,0xFF,0xFF,0xFF,0xFF,0xFF,0xFF,0xFF,0xFF,0xFF,0xFF,0xFF,0xFF,0xFF,0xFF,0xFF,0xFF,0xFF,0xFF,0xFF,0xFF,0xFF,
  0xFF,0xFF,0xFF,0xFF,0xBE,0xF7,0x7E,0xEF,0xBF,0xFF,0xFF,0xFF,0xBA,0xB5,0x32,0x42,0x59,0xAD,0xFF,0xFF,0x7E,0xF7,0x7E,0xEF,
  0x9D,0xEF,0xDF,0xFF,0xFF,0xFF,0xFF,0xFF,0xFF,0xFF,0xFF,0xFF,0xFF,0xFF,0xFF,0xFF,0xFF,0xFF,0xFF,0xFF,0xFF,0xFF,0xFF,0xFF,
  0xFF,0xFF,0xFF,0xFF,0xFF,0xFF,0xFF,0xFF,0xFF,0xFF,0xFF,0xFF,0xFF,0xFF,0xFF,0xFF,0xFF,0xFF,0xFF,0xFF,0xFF,0xFF,0xFF,0xFF,
  0xFF,0xFF,0xFF,0xFF,0xFF,0xFF,0xFF,0xFF,0xFF,0xFF,0xFF,0xFF,0xFF,0xFF,0xFF,0xFF,0xFF,0xFF,0xFF,0xFF,0xFF,0xFF,0xFF,0xFF,
  0xFF,0xFF,0xFF,0xFF,0xFF,0xFF,0xFF,0xFF,0xFF,0xFF,0xFF,0xFF,0xFF,0xFF,0xFF,0xFF,0xFF,0xFF,0xFF,0xFF,0xFF,0xFF,0xFF,0xFF,
  0xFF,0xFF,0xFF,0xFF,0xFF,0xFF,0xFF,0xFF,0xFF,0xFF,0xFF,0xFF,0xFF,0xFF,0xFF,0xFF,0xFF,0xFF,0xFF,0xFF,0xFF,0xFF,0xFF,0xFF,
  0xFF,0xFF,0xFF,0xFF,0xFF,0xFF,0xFF,0xFF,0xFF,0xFF,0xFF,0xFF,0xFF,0xFF,0xFF,0xFF,0xFF,0xFF,0xFF,0xFF,0xFF,0xFF,0x9E,0xFF,
  0xBE,0xF7,0xFF,0xFF,0xBA,0xB5,0x32,0x42,0xBA,0xB5,0xFF,0xFF,0x7E,0xEF,0x9E,0xF7,0xBF,0xFF,0x9E,0xF7,0xFF,0xFF,0xFF,0xFF,
  0xFF,0xFF,0xFF,0xFF,0xFF,0xFF,0xFF,0xFF,0xFF,0xFF,0xFF,0xFF,0xFF,0xFF,0xFF,0xFF,0xFF,0xFF,0xFF,0xFF,0xFF,0xFF,0xFF,0xFF,
  0xFF,0xFF,0xFF,0xFF,0xFF,0xFF,0x9E,0xF7,0xDF,0xFF,0x96,0xF5,0x87,0xD1,0x35,0xF5,0x25,0xD9,0xA3,0xF0,0xA4,0xE8,0xE8,0xE1,
  0x45,0xE9,0x62,0xE8,0x08,0xEA,0x14,0xF5,0xEC,0xD2,0xDE,0xF7,0x7D,0xEF,0x7E,0xF7,0xBE,0xF7,0xFF,0xFF,0xFF,0xFF,0xFF,0xFF,
  0xFF,0xFF,0xFF,0xFF,0xFF,0xFF,0xFF,0xFF,0xFF,0xFF,0xFF,0xFF,0xFF,0xFF,0xFF,0xFF,0xFF,0xFF,0xFF,0xFF,0xFF,0xFF,0xFF,0xFF,
  0xFF,0xFF,0xFF,0xFF,0x9E,0xEF,0x9D,0xEF,0x9E,0xF7,0x7D,0xEF,0xFE,0xFF,0xDD,0xD6,0x72,0x4A,0x57,0x8C,0xFF,0xFF,0x9E,0xF7,
  0x9E,0xF7,0xDF,0xFF,0xFF,0xFF,0xFF,0xFF,0xFF,0xFF,0xFF,0xFF,0xFF,0xFF,0xFF,0xFF,0xFF,0xFF,0xFF,0xFF,0xFF,0xFF,0xFF,0xFF,
  0xFF,0xFF,0xFF,0xFF,0xFF,0xFF,0xFF,0xFF,0xFF,0xFF,0xFF,0xFF,0xFF,0xFF,0xFF,0xFF,0xFF,0xFF,0xFF,0xFF,0xFF,0xFF,0xFF,0xFF,
  0xFF,0xFF,0xFF,0xFF,0xFF,0xFF,0xFF,0xFF,0xFF,0xFF,0xFF,0xFF,0xFF,0xFF,0xFF,0xFF,0xFF,0xFF,0xFF,0xFF,0xFF,0xFF,0xFF,0xFF,
  0xFF,0xFF,0xFF,0xFF,0xFF,0xFF,0xFF,0xFF,0xFF,0xFF,0xFF,0xFF,0xFF,0xFF,0xFF,0xFF,0xFF,0xFF,0xFF,0xFF,0xFF,0xFF,0xFF,0xFF,
  0xFF,0xFF,0xFF,0xFF,0xFF,0xFF,0xFF,0xFF,0xFF,0xFF,0xFF,0xFF,0xFF,0xFF,0xFF,0xFF,0xFF,0xFF,0xFF,0xFF,0xFF,0xFF,0xFF,0xFF,
  0xFF,0xFF,0xFF,0xFF,0xFF,0xFF,0xFF,0xFF,0xFF,0xFF,0xFF,0xFF,0xFF,0xFF,0xFF,0xFF,0xFF,0xFF,0xDF,0xFF,0xBE,0xF7,0x7E,0xF7,
  0xFF,0xFF,0x19,0xA5,0x52,0x4A,0x9C,0xD6,0xFF,0xFF,0xBF,0xF7,0xDF,0xFF,0xFF,0xFF,0xDF,0xFF,0xDF,0xFF,0xFF,0xFF,0xFF,0xFF,
  0xFF,0xFF,0xFF,0xFF,0xFF,0xFF,0xFF,0xFF,0xFF,0xFF,0xFF,0xFF,0xFF,0xFF,0xFF,0xFF,0xFF,0xFF,0xFF,0xFF,0xFF,0xFF,0xFF,0xFF,
  0xFF,0xFF,0xFF,0xFF,0xFF,0xFF,0x9E,0xF7,0xFF,0xFF,0x99,0xF6,0x04,0xC9,0xCF,0xEB,0x66,0xE9,0xC4,0xF0,0x62,0xE0,0x11,0xE4,
  0x52,0xEC,0x42,0xE8,0x45,0xE9,0xA6,0xE9,0xC8,0xE1,0x3D,0xFF,0xBE,0xF7,0x9E,0xF7,0xBF,0xFF,0xFF,0xFF,0xFF,0xFF,0xFF,0xFF,
  0xFF,0xFF,0xFF,0xFF,0xFF,0xFF,0xFF,0xFF,0xFF,0xFF,0xFF,0xFF,0xFF,0xFF,0xFF,0xFF,0xFF,0xFF,0xFF,0xFF,0xFF,0xFF,0xFF,0xFF,
  0xFF,0xFF,0xFF,0xFF,0xFF,0xFF,0xDF,0xFF,0xDE,0xFF,0xDF,0xFF,0xBF,0xFF,0xFF,0xFF,0x7E,0xEF,0xF4,0x5A,0xD6,0x7B,0xFF,0xFF,
  0xBE,0xFF,0x7F,0xF7,0xFF,0xFF,0xFF,0xFF,0xFF,0xFF,0xFF,0xFF,0xFF,0xFF,0xFF,0xFF,0xFF,0xFF,0xFF,0xFF,0xFF,0xFF,0xFF,0xFF,
  0xFF,0xFF,0xFF,0xFF,0xFF,0xFF,0xFF,0xFF,0xFF,0xFF,0xFF,0xFF,0xFF,0xFF,0xFF,0xFF,0xFF,0xFF,0xFF,0xFF,0xFF,0xFF,0xFF,0xFF,
  0xFF,0xFF,0xFF,0xFF,0xFF,0xFF,0xFF,0xFF,0xFF,0xFF,0xFF,0xFF,0xFF,0xFF,0xFF,0xFF,0xFF,0xFF,0xFF,0xFF,0xFF,0xFF,0xFF,0xFF,
  0xFF,0xFF,0xFF,0xFF,0xFF,0xFF,0xFF,0xFF,0xFF,0xFF,0xFF,0xFF,0xFF,0xFF,0xFF,0xFF,0xFF,0xFF,0xFF,0xFF,0xFF,0xFF,0xFF,0xFF,
  0xFF,0xFF,0xFF,0xFF,0xFF,0xFF,0xFF,0xFF,0xFF,0xFF,0xFF,0xFF,0xFF,0xFF,0xFF,0xFF,0xFF,0xFF,0xFF,0xFF,0xFF,0xFF,0xFF,0xFF,
  0xFF,0xFF,0xFF,0xFF,0xFF,0xFF,0xFF,0xFF,0xFF,0xFF,0xFF,0xFF,0xFF,0xFF,0xFF,0xFF,0xFF,0xFF,0xFF,0xFF,0x9E,0xF7,0xFF,0xFF,
  0x98,0x94,0x72,0x4A,0x3E,0xE7,0xDE,0xFF,0xBE,0xF7,0xFF,0xFF,0xFF,0xFF,0xFF,0xFF,0xFF,0xFF,0xFF,0xFF,0xFF,0xFF,0xFF,0xFF,
  0xFF,0xFF,0xFF,0xFF,0xFF,0xFF,0xFF,0xFF,0xFF,0xFF,0xFF,0xFF,0xFF,0xFF,0xFF,0xFF,0xFF,0xFF,0xFF,0xFF,0xFF,0xFF,0xFF,0xFF,
  0xFF,0xFF,0xFF,0xFF,0xDF,0xFF,0xFF,0xFF,0xFF,0xFF,0xF7,0xF5,0xE4,0xD8,0xAB,0xF2,0x26,0xE9,0xC4,0xE8,0x62,0xE8,0x35,0xF5,
  0x5D,0xFF,0x86,0xE1,0xA3,0xE8,0x83,0xF0,0xA4,0xE0,0xD7,0xF5,0xFF,0xF7,0x9E,0xF7,0xFF,0xFF,0xFF,0xFF,0xFF,0xFF,0xFF,0xFF,
  0xFF,0xFF,0xFF,0xFF,0xFF,0xFF,0xFF,0xFF,0xFF,0xFF,0xFF,0xFF,0xFF,0xFF,0xFF,0xFF,0xFF,0xFF,0xFF,0xFF,0xFF,0xFF,0xFF,0xFF,
  0xFF,0xFF,0xFF,0xFF,0xFF,0xFF,0xFF,0xFF,0xFF,0xFF,0xFF,0xFF,0xFF,0xFF,0x7E,0xF7,0x9D,0xF7,0xDF,0xF7,0x75,0x6B,0x75,0x6B,
  0xDF,0xFF,0x9E,0xF7,0xDF,0xFF,0xFF,0xFF,0xFF,0xFF,0xFF,0xFF,0xFF,0xFF,0xFF,0xFF,0xFF,0xFF,0xFF,0xFF,0xFF,0xFF,0xFF,0xFF,
  0xFF,0xFF,0xFF,0xFF,0xFF,0xFF,0xFF,0xFF,0xFF,0xFF,0xFF,0xFF,0xFF,0xFF,0xFF,0xFF,0xFF,0xFF,0xFF,0xFF,0xFF,0xFF,0xFF,0xFF,
  0xFF,0xFF,0xFF,0xFF,0xFF,0xFF,0xFF,0xFF,0xFF,0xFF,0xFF,0xFF,0xFF,0xFF,0xFF,0xFF,0xFF,0xFF,0xFF,0xFF,0xFF,0xFF,0xFF,0xFF,
  0xFF,0xFF,0xFF,0xFF,0xFF,0xFF,0xFF,0xFF,0xFF,0xFF,0xFF,0xFF,0xFF,0xFF,0xFF,0xFF,0xFF,0xFF,0xFF,0xFF,0xFF,0xFF,0xFF,0xFF,
  0xFF,0xFF,0xFF,0xFF,0xFF,0xFF,0xFF,0xFF,0xFF,0xFF,0xFF,0xFF,0xFF,0xFF,0xFF,0xFF,0xFF,0xFF,0xFF,0xFF,0xFF,0xFF,0xFF,0xFF,
  0xFF,0xFF,0xFF,0xFF,0xFF,0xFF,0xFF,0xFF,0xFF,0xFF,0x9E,0xF7,0xFF,0xFF,0xDF,0xF7,0xDF,0xFF,0xBE,0xF7,0xFF,0xFF,0xB8,0x94,
  0x73,0x4A,0x5E,0xEF,0xBE,0xFF,0x5D,0xEF,0xBF,0xF7,0xBE,0xF7,0xBE,0xFF,0xBE,0xFF,0xBE,0xFF,0xBF,0xFF,0xBF,0xFF,0xDF,0xFF,
  0xFF,0xFF,0xDF,0xFF,0xDF,0xFF,0xFF,0xFF,0xFF,0xFF,0xFF,0xFF,0xFF,0xFF,0xFF,0xFF,0xFF,0xFF,0xFF,0xFF,0xFF,0xFF,0xFF,0xFF,
  0xFF,0xFF,0xFF,0xFF,0xFF,0xFF,0x9D,0xF7,0xFF,0xF7,0xB4,0xF4,0x62,0xE8,0x25,0xF1,0xE4,0xE8,0xA3,0xE8,0x86,0xD9,0xBB,0xF6,
  0xFF,0xFF,0x8E,0xEB,0x62,0xE8,0x05,0xF1,0x42,0xE8,0x6E,0xE3,0xBF,0xFF,0x7E,0xF7,0xDF,0xFF,0xFF,0xFF,0xFF,0xFF,0xFF,0xFF,
  0xFF,0xFF,0xFF,0xFF,0xFF,0xFF,0xFF,0xFF,0xFF,0xFF,0xFF,0xFF,0xFF,0xFF,0xFF,0xFF,0xFF,0xFF,0xFF,0xFF,0xFF,0xFF,0xFF,0xFF,
  0xFF,0xFF,0xFF,0xFF,0xDF,0xFF,0xDF,0xFF,0xDF,0xFF,0xBE,0xFF,0xBE,0xFF,0x9E,0xF7,0x7E,0xF7,0x9E,0xF7,0xFF,0xFF,0x96,0x6B,
  0x54,0x6B,0xFF,0xFF,0xDF,0xFF,0xBF,0xFF,0xDF,0xFF,0xFF,0xFF,0xDF,0xFF,0xFF,0xFF,0xFF,0xFF,0xFF,0xFF,0xFF,0xFF,0xFF,0xFF,
  0xFF,0xFF,0xFF,0xFF,0xFF,0xFF,0xFF,0xFF,0xFF,0xFF,0xFF,0xFF,0xFF,0xFF,0xFF,0xFF,0xFF,0xFF,0xFF,0xFF,0xFF,0xFF,0xFF,0xFF,
  0xFF,0xFF,0xFF,0xFF,0xFF,0xFF,0xFF,0xFF,0xFF,0xFF,0xFF,0xFF,0xFF,0xFF,0xFF,0xFF,0xFF,0xFF,0xFF,0xFF,0xFF,0xFF,0xFF,0xFF,
  0xFF,0xFF,0xFF,0xFF,0xFF,0xFF,0xFF,0xFF,0xFF,0xFF,0xFF,0xFF,0xFF,0xFF,0xFF,0xFF,0xFF,0xFF,0xFF,0xFF,0xFF,0xFF,0xFF,0xFF,
  0xFF,0xFF,0xFF,0xFF,0xFF,0xFF,0xFF,0xFF,0xFF,0xFF,0xFF,0xFF,0xFF,0xFF,0xFF,0xFF,0xFF,0xFF,0xFF,0xFF,0xFF,0xFF,0xFF,0xFF,
  0xFF,0xFF,0xFF,0xFF,0xFF,0xFF,0xFF,0xFF,0xDF,0xFF,0x9E,0xEF,0xBE,0xF7,0x9E,0xF7,0x7E,0xEF,0xFF,0xFF,0xF8,0x9C,0x52,0x4A,
  0x3E,0xE7,0xFF,0xFF,0x9E,0xF7,0xBE,0xF7,0xBF,0xFF,0xDF,0xFF,0xDF,0xFF,0xDF,0xFF,0xDF,0xFF,0xDF,0xFF,0xDF,0xFF,0xDF,0xFF,
  0xFF,0xFF,0x7E,0xEF,0x7E,0xEF,0xFF,0xFF,0xFF,0xFF,0xFF,0xFF,0xFF,0xFF,0xFF,0xFF,0xFF,0xFF,0xFF,0xFF,0xFF,0xFF,0xFF,0xFF,
  0xFF,0xFF,0xFF,0xFF,0xFF,0xFF,0xDE,0xFF,0xBE,0xFF,0x4D,0xDB,0xE4,0xE8,0xA3,0xE8,0xE4,0xE8,0x62,0xE8,0x8F,0xEB,0xDF,0xFF,
  0xBE,0xFF,0xCB,0xE2,0x63,0xE8,0xE4,0xF0,0xA3,0xF0,0x45,0xE1,0xBB,0xFE,0xBF,0xF7,0x7E,0xF7,0xFF,0xFF,0xFF,0xFF,0xFF,0xFF,
  0xFF,0xFF,0xFF,0xFF,0xFF,0xFF,0xFF,0xFF,0xFF,0xFF,0xFF,0xFF,0xFF,0xFF,0xFF,0xFF,0xFF,0xFF,0xFF,0xFF,0xFF,0xFF,0xFF,0xFF,
  0xBE,0xF7,0xDF,0xFF,0x9E,0xF7,0x9E,0xF7,0xBF,0xF7,0xDF,0xFF,0xDF,0xFF,0xFF,0xFF,0xFF,0xFF,0x7E,0xF7,0x9E,0xF7,0xDF,0xFF,
  0x75,0x6B,0xB5,0x73,0xFF,0xFF,0x9E,0xF7,0x9E,0xF7,0xDF,0xFF,0x9E,0xF7,0xDF,0xFF,0xFF,0xFF,0xFF,0xFF,0xFF,0xFF,0xFF,0xFF,
  0xFF,0xFF,0xFF,0xFF,0xFF,0xFF,0xFF,0xFF,0xFF,0xFF,0xFF,0xFF,0xFF,0xFF,0xFF,0xFF,0xFF,0xFF,0xFF,0xFF,0xFF,0xFF,0xFF,0xFF,
  0xFF,0xFF,0xFF,0xFF,0xFF,0xFF,0xFF,0xFF,0xFF,0xFF,0xFF,0xFF,0xFF,0xFF,0xFF,0xFF,0xFF,0xFF,0xFF,0xFF,0xFF,0xFF,0xFF,0xFF,
  0xFF,0xFF,0xFF,0xFF,0xFF,0xFF,0xFF,0xFF,0xFF,0xFF,0xFF,0xFF,0xFF,0xFF,0xFF,0xFF,0xFF,0xFF,0xFF,0xFF,0xFF,0xFF,0xFF,0xFF,
  0xFF,0xFF,0xFF,0xFF,0xFF,0xFF,0xFF,0xFF,0xFF,0xFF,0xFF,0xFF,0xFF,0xFF,0xFF,0xFF,0xFF,0xFF,0xFF,0xFF,0xFF,0xFF,0xFF,0xFF,
  0xFF,0xFF,0xFF,0xFF,0xFF,0xFF,0xFF,0xFF,0xDF,0xFF,0xBE,0xF7,0xDE,0xF7,0x7E,0xF7,0xFF,0xFF,0x9B,0xB5,0x51,0x42,0x7E,0xEF,
  0xFF,0xFF,0xFF,0xFF,0xFF,0xFF,0xFF,0xFF,0xFF,0xFF,0xFF,0xFF,0xFF,0xFF,0xFF,0xFF,0xFF,0xFF,0xFF,0xFF,0xDF,0xFF,0xBE,0xFF,
  0xDF,0xFF,0x7E,0xEF,0xDF,0xF7,0xDE,0xF7,0xFF,0xFF,0xFF,0xFF,0xFF,0xFF,0xFF,0xFF,0xFF,0xFF,0xFF,0xFF,0xFF,0xFF,0xFF,0xFF,
  0xFF,0xFF,0xFF,0xFF,0xFF,0xFF,0xFF,0xFF,0x39,0xF6,0x4D,0xDB,0x4A,0xEA,0x63,0xE8,0xE4,0xE8,0xC3,0xE0,0xD7,0xF5,0xBF,0xEF,
  0x9A,0xF6,0x26,0xE1,0xC3,0xF0,0xC4,0xE8,0xE4,0xF0,0x43,0xE8,0x52,0xEC,0xFF,0xF7,0x7E,0xF7,0xFF,0xFF,0xFF,0xFF,0xFF,0xFF,
  0xFF,0xFF,0xFF,0xFF,0xFF,0xFF,0xFF,0xFF,0xFF,0xFF,0xFF,0xFF,0xFF,0xFF,0xFF,0xFF,0xFF,0xFF,0xFF,0xFF,0xFF,0xFF,0x9E,0xF7,
  0x9E,0xF7,0xDF,0xFF,0xFF,0xFF,0xFF,0xFF,0xFF,0xFF,0xFF,0xFF,0xFF,0xFF,0xFF,0xFF,0xFF,0xFF,0xFF,0xFF,0xFF,0xFF,0xFE,0xFF,
  0xFF,0xFF,0xF4,0x62,0x36,0x8C,0xFF,0xFF,0x9E,0xF7,0x9E,0xEF,0x9E,0xF7,0xDF,0xFF,0xFF,0xFF,0xFF,0xFF,0xFF,0xFF,0xFF,0xFF,
  0xFF,0xFF,0xFF,0xFF,0xFF,0xFF,0xFF,0xFF,0xFF,0xFF,0xFF,0xFF,0xFF,0xFF,0xFF,0xFF,0xFF,0xFF,0xFF,0xFF,0xFF,0xFF,0xFF,0xFF,
  0xFF,0xFF,0xFF,0xFF,0xFF,0xFF,0xFF,0xFF,0xFF,0xFF,0xFF,0xFF,0xFF,0xFF,0xFF,0xFF,0xFF,0xFF,0xFF,0xFF,0xFF,0xFF,0xFF,0xFF,
  0xFF,0xFF,0xFF,0xFF,0xFF,0xFF,0xFF,0xFF,0xFF,0xFF,0xFF,0xFF,0xFF,0xFF,0xFF,0xFF,0xFF,0xFF,0xFF,0xFF,0xFF,0xFF,0xFF,0xFF,
  0xFF,0xFF,0xFF,0xFF,0xFF,0xFF,0xFF,0xFF,0xFF,0xFF,0xFF,0xFF,0xFF,0xFF,0xFF,0xFF,0xFF,0xFF,0xFF,0xFF,0xFF,0xFF,0xFF,0xFF,
  0xFF,0xFF,0xFF,0xFF,0xFF,0xFF,0xFF,0xFF,0xDF,0xFF,0xDF,0xFF,0x9F,0xF7,0xFF,0xFF,0x7C,0xCE,0x11,0x42,0xDD,0xDE,0x7E,0xEF,
  0xF8,0x9C,0xF8,0x9C,0xD9,0x9C,0xF9,0x9C,0xF9,0x9C,0xF8,0x9C,0xD8,0x9C,0xF9,0x9C,0xD8,0x9C,0x97,0x94,0xBC,0xDE,0xDF,0xFF,
  0xDE,0xFF,0xFF,0xFF,0xFF,0xFF,0xFF,0xFF,0xFF,0xFF,0xFF,0xFF,0xFF,0xFF,0xFF,0xFF,0xFF,0xFF,0xFF,0xFF,0xFF,0xFF,0xFF,0xFF,
  0xFF,0xFF,0xFF,0xFF,0xBE,0xFF,0xFF,0xFF,0x72,0xE4,0x10,0xEC,0xAF,0xEB,0x63,0xE8,0xA3,0xF0,0x65,0xE1,0x3C,0xFF,0x98,0x84,
  0x96,0xBC,0x86,0xF9,0x83,0xE8,0xC4,0xF0,0xE4,0xF0,0x82,0xE8,0x29,0xE2,0x5D,0xFF,0xDF,0xFF,0xFF,0xFF,0xFF,0xFF,0xFF,0xFF,
  0xFF,0xFF,0xFF,0xFF,0xFF,0xFF,0xFF,0xFF,0xFF,0xFF,0xFF,0xFF,0xFF,0xFF,0xFF,0xFF,0xFF,0xFF,0xFF,0xFF,0xFF,0xFF,0xFF,0xFF,
  0xFF,0xFF,0x9F,0xF7,0x18,0x9D,0xB8,0x94,0xF9,0x9C,0xD8,0x9C,0xF8,0x9C,0xF8,0x9C,0xD8,0x9C,0xF9,0x9C,0xF9,0x9C,0xB8,0x9C,
  0x9C,0xD6,0xBF,0xF7,0xB3,0x52,0x19,0x9D,0xFF,0xFF,0x9E,0xF7,0x9E,0xF7,0xDE,0xF7,0xFF,0xFF,0xFF,0xFF,0xFF,0xFF,0xFF,0xFF,
  0xFF,0xFF,0xFF,0xFF,0xFF,0xFF,0xFF,0xFF,0xFF,0xFF,0xFF,0xFF,0xFF,0xFF,0xFF,0xFF,0xFF,0xFF,0xFF,0xFF,0xFF,0xFF,0xFF,0xFF,
  0xFF,0xFF,0xFF,0xFF,0xFF,0xFF,0xFF,0xFF,0xFF,0xFF,0xFF,0xFF,0xFF,0xFF,0xFF,0xFF,0xFF,0xFF,0xFF,0xFF,0xFF,0xFF,0xFF,0xFF,
  0xFF,0xFF,0xFF,0xFF,0xFF,0xFF,0xFF,0xFF,0xFF,0xFF,0xFF,0xFF,0xFF,0xFF,0xFF,0xFF,0xFF,0xFF,0xFF,0xFF,0xFF,0xFF,0xFF,0xFF,
  0xFF,0xFF,0xFF,0xFF,0xFF,0xFF,0xFF,0xFF,0xFF,0xFF,0xFF,0xFF,0xFF,0xFF,0xFF,0xFF,0xFF,0xFF,0xFF,0xFF,0xFF,0xFF,0xFF,0xFF,
  0xFF,0xFF,0xFF,0xFF,0xFF,0xFF,0xFF,0xFF,0xDF,0xFF,0x9E,0xEF,0xDE,0xFF,0x3E,0xEF,0x52,0x42,0xFB,0xBD,0xFF,0xFF,0xF3,0x5A,
  0xF0,0x10,0x32,0x21,0x11,0x19,0x11,0x19,0x11,0x21,0x11,0x21,0x32,0x21,0x11,0x19,0xF0,0x18,0x57,0x8C,0x9E,0xF7,0xDF,0xFF,
  0xBE,0xFF,0xFF,0xFF,0xFF,0xFF,0xFF,0xFF,0xFF,0xFF,0xFF,0xFF,0xFF,0xFF,0xFF,0xFF,0xFF,0xFF,0xFF,0xFF,0xFF,0xFF,0xFF,0xFF,
  0xFF,0xFF,0xFF,0xFF,0xBF,0xFF,0xFF,0xFF,0x6D,0xD3,0x93,0xEC,0x59,0xF6,0x82,0xE0,0xC3,0xF0,0x25,0xD9,0x39,0xEE,0x93,0x3A,
  0x8F,0x51,0x47,0xE1,0xA3,0xF0,0xC4,0xF0,0xC4,0xF0,0xA3,0xF0,0x26,0xE1,0x9A,0xF6,0xDF,0xF7,0xDF,0xFF,0xFF,0xFF,0xFF,0xFF,
  0xFF,0xFF,0xFF,0xFF,0xFF,0xFF,0xFF,0xFF,0xFF,0xFF,0xFF,0xFF,0xFF,0xFF,0xFF,0xFF,0xFF,0xFF,0xFF,0xFF,0xFF,0xFF,0xFF,0xFF,
  0xFF,0xFF,0xDF,0xFF,0x9A,0xAD,0x71,0x29,0xF1,0x10,0x31,0x21,0x11,0x19,0x11,0x21,0x11,0x19,0x11,0x21,0x31,0x21,0x11,0x19,
  0xF2,0x39,0x1D,0xDF,0x3E,0xE7,0x31,0x42,0x1C,0xC6,0xFF,0xFF,0x9E,0xF7,0xBE,0xF7,0xFF,0xFF,0xFF,0xFF,0xFF,0xFF,0xFF,0xFF,
  0xFF,0xFF,0xFF,0xFF,0xFF,0xFF,0xFF,0xFF,0xFF,0xFF,0xFF,0xFF,0xFF,0xFF,0xFF,0xFF,0xFF,0xFF,0xFF,0xFF,0xFF,0xFF,0xFF,0xFF,
  0xFF,0xFF,0xFF,0xFF,0xFF,0xFF,0xFF,0xFF,0xFF,0xFF,0xFF,0xFF,0xFF,0xFF,0xFF,0xFF,0xFF,0xFF,0xFF,0xFF,0xFF,0xFF,0xFF,0xFF,
  0xFF,0xFF,0xFF,0xFF,0xFF,0xFF,0xFF,0xFF,0xFF,0xFF,0xFF,0xFF,0xFF,0xFF,0xFF,0xFF,0xFF,0xFF,0xFF,0xFF,0xFF,0xFF,0xFF,0xFF,
  0xFF,0xFF,0xFF,0xFF,0xFF,0xFF,0xFF,0xFF,0xFF,0xFF,0xFF,0xFF,0xFF,0xFF,0xFF,0xFF,0xFF,0xFF,0xFF,0xFF,0xFF,0xFF,0xFF,0xFF,
  0xFF,0xFF,0xFF,0xFF,0xFF,0xFF,0xFF,0xFF,0xBE,0xFF,0x5E,0xF7,0xDF,0xFF,0x14,0x63,0x97,0x94,0xFF,0xFF,0xD6,0x73,0x11,0x19,
  0xB3,0x31,0xB2,0x29,0x92,0x29,0x92,0x29,0x92,0x29,0xB2,0x31,0x72,0x21,0x91,0x29,0xBA,0xB5,0xFF,0xFF,0xBF,0xFF,0x7E,0xF7,
  0xBF,0xFF,0xFF,0xFF,0xFF,0xFF,0xFF,0xFF,0xFF,0xFF,0xFF,0xFF,0xFF,0xFF,0xFF,0xFF,0xFF,0xFF,0xFF,0xFF,0xFF,0xFF,0xFF,0xFF,
  0xFF,0xFF,0xFF,0xFF,0xBE,0xFF,0xDF,0xFF,0xAF,0xE3,0x87,0xE1,0xD7,0xF5,0x87,0xE9,0xA3,0xE8,0xA3,0xF8,0x4D,0xBA,0x54,0x5B,
  0x76,0x6B,0x8B,0xA1,0xA3,0xF0,0xC4,0xE8,0xC4,0xE8,0xC3,0xE8,0x04,0xE1,0x59,0xF6,0xDF,0xF7,0xFF,0xFF,0xFF,0xFF,0xFF,0xFF,
  0xFF,0xFF,0xFF,0xFF,0xFF,0xFF,0xFF,0xFF,0xFF,0xFF,0xFF,0xFF,0xFF,0xFF,0xFF,0xFF,0xFF,0xFF,0xFF,0xFF,0xFF,0xFF,0xFF,0xFF,
  0xFF,0xFF,0xBE,0xFF,0xFF,0xFF,0xDD,0xDE,0x32,0x42,0x51,0x21,0xB3,0x31,0x92,0x31,0x92,0x29,0x92,0x31,0x92,0x31,0xB3,0x29,
  0x31,0x19,0xB3,0x52,0xBF,0xF7,0x3B,0xC6,0x52,0x42,0x3E,0xE7,0xBE,0xFF,0xDF,0xFF,0xFF,0xFF,0xFF,0xFF,0xFF,0xFF,0xFF,0xFF,
  0xFF,0xFF,0xFF,0xFF,0xFF,0xFF,0xFF,0xFF,0xFF,0xFF,0xFF,0xFF,0xFF,0xFF,0xFF,0xFF,0xFF,0xFF,0xFF,0xFF,0xFF,0xFF,0xFF,0xFF,
  0xFF,0xFF,0xFF,0xFF,0xFF,0xFF,0xFF,0xFF,0xFF,0xFF,0xFF,0xFF,0xFF,0xFF,0xFF,0xFF,0xFF,0xFF,0xFF,0xFF,0xFF,0xFF,0xFF,0xFF,
  0xFF,0xFF,0xFF,0xFF,0xFF,0xFF,0xFF,0xFF,0xFF,0xFF,0xFF,0xFF,0xFF,0xFF,0xFF,0xFF,0xFF,0xFF,0xFF,0xFF,0xFF,0xFF,0xFF,0xFF,
  0xFF,0xFF,0xFF,0xFF,0xFF,0xFF,0xFF,0xFF,0xFF,0xFF,0xFF,0xFF,0xFF,0xFF,0xFF,0xFF,0xFF,0xFF,0xFF,0xFF,0xFF,0xFF,0xFF,0xFF,
  0xFF,0xFF,0xFF,0xFF,0xDF,0xFF,0xDF,0xFF,0x9E,0xF7,0xFF,0xFF,0x78,0x8C,0x34,0x63,0xFF,0xFF,0x19,0x9D,0x31,0x19,0x93,0x29,
  0x92,0x29,0x92,0x29,0x92,0x29,0x92,0x29,0x92,0x29,0x52,0x21,0x91,0x31,0x1C,0xC6,0xFF,0xFF,0xBF,0xFF,0xDF,0xFF,0xDF,0xFF,
  0xFF,0xFF,0xFF,0xFF,0xFF,0xFF,0xFF,0xFF,0xFF,0xFF,0xFF,0xFF,0xFF,0xFF,0xFF,0xFF,0xFF,0xFF,0xFF,0xFF,0xFF,0xFF,0xFF,0xFF,
  0xFF,0xFF,0xFF,0xFF,0xFF,0xFF,0xDF,0xFF,0x75,0xF5,0x21,0xE0,0x49,0xEA,0xA7,0xE9,0x83,0xE8,0xA4,0xE8,0xCD,0x91,0x7A,0xA5,
  0x98,0x8C,0xB7,0xAC,0x65,0xB8,0xE4,0xF0,0xC4,0xE8,0xA3,0xF0,0xA7,0xE1,0x1C,0xFF,0x9F,0xF7,0xFF,0xFF,0xFF,0xFF,0xFF,0xFF,
  0xFF,0xFF,0xFF,0xFF,0xFF,0xFF,0xFF,0xFF,0xFF,0xFF,0xFF,0xFF,0xFF,0xFF,0xFF,0xFF,0xFF,0xFF,0xFF,0xFF,0xFF,0xFF,0xFF,0xFF,
  0xFF,0xFF,0xFF,0xFF,0x7D,0xF7,0xFE,0xFF,0xFD,0xDE,0x73,0x4A,0x31,0x21,0xB2,0x29,0x92,0x29,0x92,0x31,0x72,0x29,0x72,0x29,
  0x92,0x31,0xF1,0x18,0xB6,0x73,0xFF,0xFF,0x98,0x94,0x34,0x63,0xDF,0xFF,0xBF,0xF7,0xFF,0xFF,0xDF,0xFF,0xDF,0xF7,0xDF,0xFF,
  0xDF,0xFF,0xFF,0xFF,0xFF,0xFF,0xFF,0xFF,0xFF,0xFF,0xFF,0xFF,0xFF,0xFF,0xFF,0xFF,0xFF,0xFF,0xFF,0xFF,0xFF,0xFF,0xFF,0xFF,
  0xFF,0xFF,0xFF,0xFF,0xFF,0xFF,0xFF,0xFF,0xFF,0xFF,0xFF,0xFF,0xFF,0xFF,0xFF,0xFF,0xFF,0xFF,0xFF,0xFF,0xFF,0xFF,0xFF,0xFF,
  0xFF,0xFF,0xFF,0xFF,0xFF,0xFF,0xFF,0xFF,0xFF,0xFF,0xFF,0xFF,0xFF,0xFF,0xFF,0xFF,0xFF,0xFF,0xFF,0xFF,0xFF,0xFF,0xFF,0xFF,
  0xFF,0xFF,0xFF,0xFF,0xFF,0xFF,0xFF,0xFF,0xFF,0xFF,0xFF,0xFF,0xFF,0xFF,0xFF,0xFF,0xFF,0xFF,0xFF,0xFF,0xFF,0xFF,0xFF,0xFF,
  0x9F,0xF7,0x9E,0xF7,0xDF,0xFF,0x9E,0xF7,0xFF,0xFF,0x5C,0xCE,0x51,0x42,0x7F,0xEF,0x7C,0xD6,0x91,0x29,0x92,0x21,0x92,0x29,
  0x92,0x29,0x92,0x29,0x92,0x29,0x92,0x29,0x72,0x21,0x91,0x29,0xFB,0xC5,0xFF,0xFF,0x7E,0xF7,0x9E,0xEF,0xFF,0xFF,0xFF,0xFF,
  0xFF,0xFF,0xFF,0xFF,0xFF,0xFF,0xFF,0xFF,0xFF,0xFF,0xFF,0xFF,0xFF,0xFF,0xFF,0xFF,0xFF,0xFF,0xFF,0xFF,0xFF,0xFF,0xFF,0xFF,
  0xFF,0xFF,0xFF,0xFF,0xDF,0xFF,0xBE,0xF7,0x7D,0xFF,0x49,0xE2,0xA3,0xE8,0xE5,0xF0,0xE4,0xF8,0xA6,0xA8,0xF8,0xA4,0xFD,0xD6,
  0x75,0x73,0x7E,0xE7,0xED,0x81,0xA4,0xE8,0xE5,0xF0,0x42,0xE8,0x31,0xEC,0xDF,0xF7,0xBE,0xFF,0xFF,0xFF,0xFF,0xFF,0xFF,0xFF,
  0xFF,0xFF,0xFF,0xFF,0xFF,0xFF,0xFF,0xFF,0xFF,0xFF,0xFF,0xFF,0xFF,0xFF,0xFF,0xFF,0xFF,0xFF,0xFF,0xFF,0xFF,0xFF,0xFF,0xFF,
  0xFF,0xFF,0xFF,0xFF,0xBE,0xF7,0x7E,0xEF,0xFF,0xFF,0xFD,0xDE,0x32,0x42,0x31,0x21,0x92,0x29,0x72,0x29,0x92,0x29,0x92,0x29,
  0x72,0x29,0x92,0x31,0x10,0x21,0x39,0xA5,0xFF,0xFF,0xF4,0x5A,0xF8,0x9C,0xFF,0xFF,0x9E,0xF7,0x9F,0xF7,0xBE,0xF7,0x7E,0xEF,
  0x9E,0xEF,0xFF,0xFF,0xFF,0xFF,0xFF,0xFF,0xFF,0xFF,0xFF,0xFF,0xFF,0xFF,0xFF,0xFF,0xFF,0xFF,0xFF,0xFF,0xFF,0xFF,0xFF,0xFF,
  0xFF,0xFF,0xFF,0xFF,0xFF,0xFF,0xFF,0xFF,0xFF,0xFF,0xFF,0xFF,0xFF,0xFF,0xFF,0xFF,0xFF,0xFF,0xFF,0xFF,0xFF,0xFF,0xFF,0xFF,
  0xFF,0xFF,0xFF,0xFF,0xFF,0xFF,0xFF,0xFF,0xFF,0xFF,0xFF,0xFF,0xFF,0xFF,0xFF,0xFF,0xFF,0xFF,0xFF,0xFF,0xFF,0xFF,0xFF,0xFF,
  0xFF,0xFF,0xFF,0xFF,0xFF,0xFF,0xFF,0xFF,0xFF,0xFF,0xFF,0xFF,0xFF,0xFF,0xFF,0xFF,0xFF,0xFF,0xFF,0xFF,0xFF,0xFF,0xFF,0xFF,
  0xFF,0xFF,0xBF,0xF7,0xBE,0xF7,0x9E,0xF7,0x9F,0xF7,0xB3,0x52,0xBA,0xB5,0xBF,0xF7,0x94,0x52,0x31,0x21,0x92,0x31,0x92,0x29,
  0x92,0x29,0x92,0x29,0x92,0x29,0x72,0x29,0x51,0x29,0x9A,0xB5,0xFE,0xFF,0x5D,0xEF,0x7E,0xEF,0x7D,0xEF,0xDF,0xFF,0xFF,0xFF,
  0xFF,0xFF,0xFF,0xFF,0xFF,0xFF,0xFF,0xFF,0xFF,0xFF,0xFF,0xFF,0xFF,0xFF,0xFF,0xFF,0xFF,0xFF,0xFF,0xFF,0xFF,0xFF,0xFF,0xFF,
  0xFF,0xFF,0xFF,0xFF,0xDF,0xFF,0xBF,0xF7,0xDF,0xF7,0x78,0xF6,0x46,0xE1,0x62,0xF0,0xA4,0xE8,0x2F,0x8A,0xBF,0xEF,0xFD,0xDE,
  0x34,0x63,0xFF,0xFF,0x36,0x9C,0xA6,0xC0,0x62,0xF0,0x29,0xE2,0x5D,0xFF,0x9F,0xF7,0x9F,0xF7,0xFF,0xFF,0xFF,0xFF,0xFF,0xFF,
  0xFF,0xFF,0xFF,0xFF,0xFF,0xFF,0xFF,0xFF,0xFF,0xFF,0xFF,0xFF,0xFF,0xFF,0xFF,0xFF,0xFF,0xFF,0xFF,0xFF,0xFF,0xFF,0xFF,0xFF,
  0xFF,0xFF,0xFF,0xFF,0x9D,0xEF,0xBE,0xF7,0x9E,0xF7,0xBE,0xFF,0xBD,0xD6,0xF1,0x39,0x52,0x21,0x92,0x29,0x92,0x29,0x92,0x29,
  0x92,0x29,0x92,0x29,0x72,0x21,0xB1,0x31,0xFD,0xDE,0x1E,0xE7,0x52,0x42,0xBD,0xD6,0xDE,0xFF,0x7E,0xF7,0x9E,0xF7,0xFF,0xFF,
  0xDF,0xFF,0xFF,0xFF,0xFF,0xFF,0xFF,0xFF,0xFF,0xFF,0xFF,0xFF,0xFF,0xFF,0xFF,0xFF,0xFF,0xFF,0xFF,0xFF,0xFF,0xFF,0xFF,0xFF,
  0xFF,0xFF,0xFF,0xFF,0xFF,0xFF,0xFF,0xFF,0xFF,0xFF,0xFF,0xFF,0xFF,0xFF,0xFF,0xFF,0xFF,0xFF,0xFF,0xFF,0xFF,0xFF,0xFF,0xFF,
  0xFF,0xFF,0xFF,0xFF,0xFF,0xFF,0xFF,0xFF,0xFF,0xFF,0xFF,0xFF,0xFF,0xFF,0xFF,0xFF,0xFF,0xFF,0xFF,0xFF,0xFF,0xFF,0xFF,0xFF,
  0xFF,0xFF,0xFF,0xFF,0xFF,0xFF,0xFF,0xFF,0xFF,0xFF,0xFF,0xFF,0xFF,0xFF,0xFF,0xFF,0xFF,0xFF,0xFF,0xFF,0xFF,0xFF,0xDF,0xFF,
  0xBE,0xF7,0x9D,0xEF,0x7D,0xF7,0xFF,0xFF,0x98,0x8C,0x95,0x6B,0xFF,0xFF,0x37,0x8C,0x10,0x19,0xB2,0x29,0x72,0x29,0x72,0x29,
  0x92,0x29,0x92,0x29,0x93,0x29,0x30,0x21,0xF9,0x9C,0xFF,0xFF,0x9E,0xF7,0xBF,0xF7,0xBF,0xF7,0xBE,0xFF,0xFF,0xFF,0xFF,0xFF,
  0xFF,0xFF,0xFF,0xFF,0xFF,0xFF,0xFF,0xFF,0xFF,0xFF,0xDF,0xFF,0xBE,0xFF,0xFF,0xFF,0xDF,0xFF,0xBE,0xFF,0x9E,0xF7,0x7D,0xF7,
  0x7D,0xF7,0x7E,0xF7,0x7E,0xF7,0x9E,0xF7,0x7E,0xF7,0xFF,0xFF,0x59,0xF6,0x29,0xF2,0xA6,0xA8,0x78,0xB5,0xFF,0xFF,0xFD,0xE6,
  0x74,0x6B,0x9F,0xF7,0xFB,0xC5,0xC8,0x90,0x69,0xF2,0xDB,0xF6,0x9F,0xF7,0x9E,0xFF,0x9E,0xF7,0x9E,0xF7,0x7E,0xF7,0x9E,0xF7,
  0x9E,0xF7,0xDF,0xFF,0xDF,0xFF,0xBE,0xFF,0xDF,0xFF,0xDE,0xFF,0x7D,0xF7,0xDE,0xFF,0xFF,0xFF,0xFF,0xFF,0xFF,0xFF,0xFF,0xFF,
  0xFF,0xFF,0xFF,0xFF,0xBE,0xF7,0xDF,0xFF,0xDF,0xFF,0x9E,0xF7,0xFF,0xFF,0x3B,0xC6,0x71,0x29,0x72,0x29,0x92,0x29,0x72,0x29,
  0x92,0x29,0x92,0x29,0x92,0x29,0x31,0x19,0xF4,0x5A,0xFF,0xFF,0xF8,0x9C,0x34,0x63,0xFF,0xFF,0xDE,0xFF,0x7D,0xEF,0xBF,0xF7,
  0xBF,0xF7,0xFF,0xFF,0xFF,0xFF,0xFF,0xFF,0xFF,0xFF,0xFF,0xFF,0xFF,0xFF,0xFF,0xFF,0xFF,0xFF,0xFF,0xFF,0xFF,0xFF,0xFF,0xFF,
  0xFF,0xFF,0xFF,0xFF,0xFF,0xFF,0xFF,0xFF,0xFF,0xFF,0xFF,0xFF,0xFF,0xFF,0xFF,0xFF,0xFF,0xFF,0xFF,0xFF,0xFF,0xFF,0xFF,0xFF,
  0xFF,0xFF,0xFF,0xFF,0xFF,0xFF,0xFF,0xFF,0xFF,0xFF,0xFF,0xFF,0xFF,0xFF,0xFF,0xFF,0xFF,0xFF,0xFF,0xFF,0xFF,0xFF,0xFF,0xFF,
  0xFF,0xFF,0xFF,0xFF,0xFF,0xFF,0xFF,0xFF,0xFF,0xFF,0xFF,0xFF,0xFF,0xFF,0xFF,0xFF,0xFF,0xFF,0xFF,0xFF,0xFF,0xFF,0x9D,0xEF,
  0xBE,0xF7,0x7E,0xF7,0xBE,0xF7,0xDC,0xDE,0x72,0x42,0x3E,0xE7,0x7C,0xCE,0x71,0x29,0x72,0x29,0x92,0x29,0x72,0x31,0x72,0x31,
  0x92,0x29,0xB3,0x29,0x11,0x19,0xD5,0x7B,0xFF,0xFF,0xFF,0xFF,0xFF,0xFF,0xFF,0xFF,0xFF,0xFF,0xFF,0xFF,0xFF,0xFF,0xFF,0xFF,
  0xFF,0xFF,0xFF,0xFF,0xFF,0xFF,0xBF,0xFF,0x7E,0xF7,0xBE,0xF7,0x5D,0xF7,0x7E,0xF7,0xDF,0xFF,0xFF,0xFF,0xDF,0xF7,0xFF,0xFF,
  0xFF,0xF7,0xDF,0xEF,0xFF,0xFF,0xFF,0xF7,0xBF,0xF7,0x7E,0xF7,0xFF,0xF7,0x1C,0xEF,0xD1,0x72,0x3E,0xE7,0xDE,0xFF,0x1E,0xE7,
  0x34,0x63,0x7E,0xF7,0x5C,0xCE,0x33,0x7B,0xDE,0xFF,0xDF,0xEF,0xDF,0xF7,0xFF,0xFF,0xFF,0xEF,0xFF,0xEF,0xFF,0xFF,0xFF,0xFF,
  0xFF,0xFF,0xFF,0xF7,0xFF,0xF7,0xFF,0xFF,0x9E,0xF7,0x7D,0xEF,0x7E,0xF7,0x7E,0xEF,0xDF,0xFF,0xFF,0xFF,0xFF,0xFF,0xFF,0xFF,
  0xFF,0xFF,0xFF,0xFF,0xFF,0xFF,0xFF,0xFF,0xFF,0xFF,0xFF,0xFF,0xFF,0xFF,0xFF,0xFF,0x59,0xAD,0x31,0x21,0x92,0x29,0x72,0x29,
  0x72,0x29,0x72,0x29,0x71,0x29,0x92,0x29,0x11,0x19,0x19,0xA5,0xFF,0xFF,0xD3,0x52,0x9A,0xAD,0xFF,0xFF,0x7E,0xEF,0x7E,0xF7,
  0xBE,0xF7,0xFF,0xFF,0xFF,0xFF,0xFF,0xFF,0xFF,0xFF,0xFF,0xFF,0xFF,0xFF,0xFF,0xFF,0xFF,0xFF,0xFF,0xFF,0xFF,0xFF,0xFF,0xFF,
  0xFF,0xFF,0xFF,0xFF,0xFF,0xFF,0xFF,0xFF,0xFF,0xFF,0xFF,0xFF,0xFF,0xFF,0xFF,0xFF,0xFF,0xFF,0xFF,0xFF,0xFF,0xFF,0xFF,0xFF,
  0xFF,0xFF,0xFF,0xFF,0xFF,0xFF,0xFF,0xFF,0xFF,0xFF,0xFF,0xFF,0xFF,0xFF,0xFF,0xFF,0xFF,0xFF,0xFF,0xFF,0xFF,0xFF,0xFF,0xFF,
  0xFF,0xFF,0xFF,0xFF,0xFF,0xFF,0xFF,0xFF,0xFF,0xFF,0xFF,0xFF,0xFF,0xFF,0xFF,0xFF,0xFF,0xFF,0xFF,0xFF,0xFF,0xFF,0x7E,0xF7,
  0x9E,0xF7,0x7E,0xF7,0xFF,0xFF,0x74,0x6B,0xD8,0x94,0xFF,0xFF,0xF3,0x5A,0x31,0x21,0x92,0x29,0x72,0x29,0x72,0x29,0x92,0x29,
  0x92,0x29,0x32,0x21,0x93,0x4A,0x9F,0xF7,0xDF,0xFF,0xDF,0xFF,0xFF,0xFF,0xFF,0xFF,0xFF,0xFF,0xFF,0xFF,0xFF,0xFF,0xFF,0xFF,
  0xFF,0xFF,0xFF,0xFF,0xDF,0xFF,0xBF,0xFF,0x7E,0xF7,0xFF,0xFF,0xFF,0xF7,0xFF,0xF7,0x9E,0xF7,0x3C,0xFF,0x7A,0xEE,0x38,0xF6,
  0xF8,0xED,0xF8,0xED,0x38,0xF6,0x59,0xEE,0xDB,0xF6,0x5D,0xEF,0xBE,0xFF,0x3E,0xD7,0xD4,0x6B,0xFF,0xFF,0xFF,0xFF,0x1D,0xE7,
  0x14,0x63,0x5E,0xEF,0x3C,0xCE,0x17,0x7C,0xDF,0xFF,0x7A,0xEE,0xD7,0xF5,0x14,0xED,0x93,0xF4,0x52,0xEC,0x52,0xF4,0x52,0xEC,
  0x92,0xEC,0x14,0xED,0xD7,0xF5,0xDB,0xF6,0x9E,0xEF,0xFF,0xF7,0xFF,0xF7,0xBF,0xF7,0xBE,0xFF,0xFF,0xFF,0xFF,0xFF,0xFF,0xFF,
  0xFF,0xFF,0xFF,0xFF,0xFF,0xFF,0xFF,0xFF,0xFF,0xFF,0xFF,0xFF,0xFF,0xFF,0xBF,0xF7,0xDF,0xFF,0xF6,0x7B,0x10,0x21,0x92,0x29,
  0x72,0x29,0x72,0x29,0x72,0x29,0x92,0x29,0x72,0x29,0xD1,0x31,0x3E,0xE7,0x3C,0xCE,0xB2,0x52,0x7F,0xF7,0x7E,0xF7,0x9E,0xF7,
  0x9F,0xF7,0xFF,0xFF,0xFF,0xFF,0xFF,0xFF,0xFF,0xFF,0xFF,0xFF,0xFF,0xFF,0xFF,0xFF,0xFF,0xFF,0xFF,0xFF,0xFF,0xFF,0xFF,0xFF,
  0xFF,0xFF,0xFF,0xFF,0xFF,0xFF,0xFF,0xFF,0xFF,0xFF,0xFF,0xFF,0xFF,0xFF,0xFF,0xFF,0xFF,0xFF,0xFF,0xFF,0xFF,0xFF,0xFF,0xFF,
  0xFF,0xFF,0xFF,0xFF,0xFF,0xFF,0xFF,0xFF,0xFF,0xFF,0xFF,0xFF,0xFF,0xFF,0xFF,0xFF,0xFF,0xFF,0xFF,0xFF,0xFF,0xFF,0xFF,0xFF,
  0xFF,0xFF,0xFF,0xFF,0xFF,0xFF,0xFF,0xFF,0xFF,0xFF,0xFF,0xFF,0xFF,0xFF,0xFF,0xFF,0xFF,0xFF,0xFF,0xFF,0xFF,0xFF,0x7E,0xEF,
  0x9E,0xF7,0xFF,0xFF,0x3C,0xC6,0x93,0x52,0xBF,0xFF,0x99,0xAD,0x31,0x21,0x93,0x29,0x92,0x29,0x92,0x29,0x92,0x29,0x92,0x29,
  0x72,0x29,0x91,0x29,0x9D,0xCE,0xFF,0xFF,0x9E,0xF7,0xFF,0xFF,0xFF,0xFF,0xFF,0xFF,0xFF,0xFF,0xBE,0xFF,0x9E,0xF7,0x7E,0xF7,
  0xBE,0xFF,0x9E,0xF7,0xBE,0xEF,0xFF,0xFF,0xBE,0xF7,0x59,0xF6,0x93,0xF4,0x6E,0xF3,0xCC,0xF2,0xAB,0xEA,0x0C,0xEB,0x2D,0xF3,
  0x2D,0xEB,0x2D,0xEB,0x4E,0xEB,0x2D,0xF3,0xEC,0xEA,0xCB,0xEA,0x0D,0xFB,0xCE,0xCA,0x52,0x83,0xFF,0xFF,0x9E,0xFF,0x1D,0xE7,
  0x54,0x6B,0x9F,0xF7,0x3B,0xC6,0xED,0x89,0xCC,0xF2,0xCC,0xEA,0x2D,0xF3,0xCF,0xEB,0x51,0xF4,0xB3,0xF4,0xF4,0xF4,0x92,0xEC,
  0x52,0xF4,0xD0,0xF3,0x4E,0xEB,0xEB,0xF2,0xCB,0xEA,0xAF,0xEB,0x76,0xED,0x7E,0xF7,0xFF,0xFF,0xBF,0xF7,0x9E,0xF7,0xBE,0xF7,
  0x9E,0xEF,0xDF,0xFF,0xFF,0xFF,0xFF,0xFF,0xFF,0xFF,0xFF,0xFF,0xFF,0xFF,0x9E,0xF7,0xBE,0xF7,0x5E,0xEF,0x72,0x4A,0x52,0x21,
  0x92,0x29,0x71,0x29,0x92,0x29,0x72,0x29,0x92,0x29,0x10,0x19,0x16,0x7C,0xFF,0xFF,0x95,0x6B,0xD9,0x9C,0xFF,0xFF,0xDF,0xFF,
  0xDF,0xFF,0xDF,0xFF,0xFF,0xFF,0xFF,0xFF,0xFF,0xFF,0xFF,0xFF,0xFF,0xFF,0xFF,0xFF,0xFF,0xFF,0xFF,0xFF,0xFF,0xFF,0xFF,0xFF,
  0xFF,0xFF,0xFF,0xFF,0xFF,0xFF,0xFF,0xFF,0xFF,0xFF,0xFF,0xFF,0xFF,0xFF,0xFF,0xFF,0xFF,0xFF,0xFF,0xFF,0xFF,0xFF,0xFF,0xFF,
  0xFF,0xFF,0xFF,0xFF,0xFF,0xFF,0xFF,0xFF,0xFF,0xFF,0xFF,0xFF,0xFF,0xFF,0xFF,0xFF,0xFF,0xFF,0xFF,0xFF,0xFF,0xFF,0xFF,0xFF,
  0xFF,0xFF,0xFF,0xFF,0xFF,0xFF,0xFF,0xFF,0xFF,0xFF,0xFF,0xFF,0xFF,0xFF,0xFF,0xFF,0xFF,0xFF,0xFF,0xFF,0xFF,0xFF,0x9F,0xF7,
  0x7D,0xEF,0xFF,0xFF,0x74,0x6B,0x59,0xAD,0xDF,0xFF,0x52,0x4A,0x31,0x21,0x92,0x29,0x92,0x29,0x92,0x29,0x72,0x29,0x92,0x29,
  0x11,0x19,0xD8,0x94,0xFF,0xFF,0x7E,0xF7,0xFF,0xFF,0xFF,0xFF,0xFF,0xFF,0xFF,0xFF,0xFF,0xFF,0xBF,0xFF,0xDF,0xF7,0x9E,0xF7,
  0x9E,0xEF,0xFF,0xF7,0x1C,0xF7,0x73,0xEC,0xCC,0xEA,0xCC,0xEA,0x10,0xEC,0x76,0xED,0x9A,0xF6,0x7D,0xFF,0xBE,0xF7,0xDF,0xF7,
  0xDF,0xF7,0xDF,0xF7,0xFF,0xF7,0xBF,0xF7,0x9E,0xFF,0x1C,0xEF,0x7A,0xF6,0x97,0xE5,0x33,0x6B,0x9F,0xEF,0xBE,0xFF,0xFE,0xE6,
  0x95,0x6B,0xFF,0xFF,0xD7,0x94,0x35,0x9C,0x1C,0xFF,0x7E,0xF7,0xFF,0xF7,0xFF,0xFF,0xFF,0xF7,0xFF,0xFF,0xFF,0xFF,0xFF,0xFF,
  0xFF,0xF7,0xFF,0xF7,0xFF,0xF7,0x9D,0xF7,0x9A,0xF6,0xF4,0xEC,0x0D,0xEB,0x8A,0xEA,0x51,0xEC,0x1C,0xF7,0xFF,0xF7,0x9E,0xF7,
  0x7D,0xF7,0xBE,0xF7,0xDF,0xFF,0xFF,0xFF,0xFF,0xFF,0xFF,0xFF,0xFF,0xFF,0xFF,0xFF,0xBF,0xFF,0xDE,0xFF,0x3B,0xC6,0x71,0x21,
  0x93,0x29,0x92,0x29,0x92,0x29,0x92,0x29,0x72,0x29,0x73,0x29,0x91,0x29,0xDD,0xD6,0xDD,0xD6,0x92,0x52,0x7E,0xF7,0xDF,0xFF,
  0x9E,0xF7,0xFF,0xFF,0xFF,0xFF,0xFF,0xFF,0xFF,0xFF,0xFF,0xFF,0xFF,0xFF,0xFF,0xFF,0xFF,0xFF,0xFF,0xFF,0xFF,0xFF,0xFF,0xFF,
  0xFF,0xFF,0xFF,0xFF,0xFF,0xFF,0xFF,0xFF,0xFF,0xFF,0xFF,0xFF,0xFF,0xFF,0xFF,0xFF,0xFF,0xFF,0xFF,0xFF,0xFF,0xFF,0xFF,0xFF,
  0xFF,0xFF,0xFF,0xFF,0xFF,0xFF,0xFF,0xFF,0xFF,0xFF,0xFF,0xFF,0xFF,0xFF,0xFF,0xFF,0xFF,0xFF,0xFF,0xFF,0xFF,0xFF,0xFF,0xFF,
  0xFF,0xFF,0xFF,0xFF,0xFF,0xFF,0xFF,0xFF,0xFF,0xFF,0xFF,0xFF,0xFF,0xFF,0xFF,0xFF,0xFF,0xFF,0xFF,0xFF,0xFF,0xFF,0x7E,0xF7,
  0xDF,0xFF,0x3B,0xC6,0xB3,0x52,0xDF,0xFF,0x19,0xA5,0x11,0x21,0x92,0x29,0x92,0x29,0x72,0x29,0x72,0x29,0x92,0x29,0x31,0x21,
  0xB4,0x5A,0x9F,0xF7,0x7D,0xF7,0x9F,0xF7,0xDE,0xFF,0xFF,0xFF,0xFF,0xFF,0xFF,0xFF,0xFF,0xFF,0xDF,0xFF,0x7E,0xF7,0xDF,0xF7,
  0x7D,0xF7,0x71,0xEC,0x6A,0xEA,0xEF,0xEB,0x39,0xF6,0xBF,0xF7,0xFF,0xF7,0xFF,0xFF,0x9F,0xF7,0xFF,0xFF,0xBE,0xFF,0x9E,0xF7,
  0x5D,0xF7,0x7D,0xF7,0xBF,0xF7,0x9E,0xF7,0xDF,0xFF,0x9E,0xF7,0xDF,0xF7,0xFF,0xFF,0x16,0x7C,0x39,0xA5,0xFF,0xFF,0x9C,0xD6,
  0x94,0x73,0x7F,0xF7,0x13,0x63,0xFD,0xDE,0xFF,0xF7,0x9E,0xF7,0xDF,0xFF,0x5D,0xF7,0x5C,0xEF,0xBE,0xF7,0xBE,0xFF,0xBE,0xFF,
  0x7D,0xEF,0x7D,0xEF,0x9E,0xF7,0xBE,0xF7,0xDF,0xF7,0xFF,0xF7,0xFF,0xF7,0xBA,0xF6,0xF0,0xEB,0x4A,0xE2,0xD3,0xF4,0xDE,0xFF,
  0xFF,0xF7,0x7E,0xF7,0xDF,0xFF,0xFF,0xFF,0xFF,0xFF,0xFF,0xFF,0xFF,0xFF,0xDF,0xFF,0xFF,0xFF,0x9E,0xF7,0xFF,0xFF,0x16,0x84,
  0x11,0x21,0xB2,0x29,0x91,0x29,0x92,0x29,0x92,0x29,0x93,0x31,0x11,0x19,0xB6,0x73,0xFF,0xFF,0xB5,0x73,0xD8,0x9C,0xFF,0xFF,
  0xBF,0xFF,0xDF,0xFF,0xFF,0xFF,0xFF,0xFF,0xFF,0xFF,0xFF,0xFF,0xFF,0xFF,0xFF,0xFF,0xFF,0xFF,0xFF,0xFF,0xFF,0xFF,0xFF,0xFF,
  0xFF,0xFF,0xFF,0xFF,0xFF,0xFF,0xFF,0xFF,0xFF,0xFF,0xFF,0xFF,0xFF,0xFF,0xFF,0xFF,0xFF,0xFF,0xFF,0xFF,0xFF,0xFF,0xFF,0xFF,
  0xFF,0xFF,0xFF,0xFF,0xFF,0xFF,0xFF,0xFF,0xFF,0xFF,0xFF,0xFF,0xFF,0xFF,0xFF,0xFF,0xFF,0xFF,0xFF,0xFF,0xFF,0xFF,0xFF,0xFF,
  0xFF,0xFF,0xFF,0xFF,0xFF,0xFF,0xFF,0xFF,0xFF,0xFF,0xFF,0xFF,0xFF,0xFF,0xFF,0xFF,0xFF,0xFF,0xFF,0xFF,0xFF,0xFF,0xBE,0xFF,
  0xFF,0xFF,0xB5,0x73,0x19,0xA5,0xDF,0xFF,0x53,0x42,0x51,0x21,0x92,0x29,0x92,0x29,0x92,0x29,0x92,0x29,0x92,0x29,0x51,0x21,
  0x1B,0xC6,0xDF,0xFF,0x9F,0xF7,0xDE,0xFF,0xDE,0xFF,0xFF,0xFF,0xFF,0xFF,0xFF,0xFF,0xFF,0xFF,0xDF,0xFF,0xBF,0xFF,0x38,0xF6,
  0x6B,0xEA,0x8F,0xEB,0xFB,0xF6,0xFF,0xF7,0xDF,0xF7,0x9E,0xF7,0xBF,0xF7,0xBE,0xF7,0xBF,0xFF,0xDF,0xFF,0xFF,0xFF,0xDF,0xFF,
  0xBF,0xFF,0xBE,0xFF,0x9E,0xFF,0x9E,0xF7,0x7E,0xF7,0x7E,0xF7,0xBE,0xFF,0xFF,0xFF,0x1D,0xE7,0x55,0x6B,0xDC,0xDE,0x9B,0xD6,
  0x57,0x84,0xF9,0x9C,0xF8,0x9C,0xFF,0xFF,0xBF,0xFF,0xBE,0xF7,0xBE,0xF7,0xBF,0xF7,0xBE,0xFF,0xDF,0xFF,0xFF,0xFF,0xBF,0xF7,
  0xDF,0xFF,0xFF,0xFF,0xBE,0xFF,0xFF,0xFF,0xBF,0xFF,0x9E,0xF7,0xBE,0xFF,0xFF,0xFF,0xFF,0xF7,0xBA,0xF6,0x2D,0xE3,0x0D,0xE3,
  0x1C,0xFF,0xDF,0xF7,0xBE,0xF7,0xFF,0xFF,0xFF,0xFF,0xFF,0xFF,0xFF,0xFF,0xDF,0xFF,0xBE,0xF7,0x9E,0xF7,0xBE,0xFF,0x1D,0xE7,
  0xF2,0x39,0x52,0x21,0x92,0x29,0x92,0x29,0x92,0x29,0x92,0x29,0x92,0x29,0x91,0x29,0xDD,0xDE,0x9C,0xD6,0xB2,0x52,0x9F,0xF7,
  0xBE,0xF7,0xDF,0xFF,0xFF,0xFF,0xFF,0xFF,0xFF,0xFF,0xFF,0xFF,0xFF,0xFF,0xFF,0xFF,0xFF,0xFF,0xFF,0xFF,0xFF,0xFF,0xFF,0xFF,
  0xFF,0xFF,0xFF,0xFF,0xFF,0xFF,0xFF,0xFF,0xFF,0xFF,0xFF,0xFF,0xFF,0xFF,0xFF,0xFF,0xFF,0xFF,0xFF,0xFF,0xFF,0xFF,0xFF,0xFF,
  0xFF,0xFF,0xFF,0xFF,0xFF,0xFF,0xFF,0xFF,0xFF,0xFF,0xFF,0xFF,0xFF,0xFF,0xFF,0xFF,0xFF,0xFF,0xFF,0xFF,0xFF,0xFF,0xFF,0xFF,
  0xFF,0xFF,0xFF,0xFF,0xFF,0xFF,0xFF,0xFF,0xFF,0xFF,0xFF,0xFF,0xFF,0xFF,0xFF,0xFF,0xFF,0xFF,0xFF,0xFF,0xDF,0xFF,0xFF,0xFF,
  0xDD,0xD6,0x92,0x52,0x9E,0xF7,0x9A,0xB5,0x30,0x21,0x92,0x29,0x92,0x29,0x92,0x29,0x92,0x29,0x92,0x29,0x11,0x19,0x96,0x6B,
  0xDF,0xFF,0x5E,0xF7,0xDF,0xF7,0xDF,0xFF,0xBF,0xF7,0xFF,0xFF,0xFF,0xFF,0xFF,0xFF,0xFF,0xFF,0xBE,0xF7,0xDE,0xF7,0x2E,0xE3,
  0xB3,0xEC,0xFF,0xFF,0xBF,0xF7,0xBF,0xFF,0xBF,0xF7,0xFF,0xFF,0xFF,0xFF,0xFF,0xFF,0xFF,0xFF,0xFF,0xFF,0xFF,0xFF,0xFF,0xFF,
  0xFF,0xFF,0xFF,0xFF,0xFF,0xFF,0xBF,0xF7,0x7E,0xEF,0x9F,0xEF,0xFF,0xFF,0xDF,0xFF,0xBE,0xF7,0x16,0x7C,0x13,0x42,0x17,0x7C,
  0x54,0x42,0x33,0x42,0x39,0xA5,0xBF,0xFF,0xFF,0xFF,0xFF,0xFF,0xFF,0xFF,0xFF,0xFF,0xFF,0xFF,0xFF,0xFF,0xFF,0xFF,0xFF,0xFF,
  0xFF,0xFF,0xFF,0xFF,0xFF,0xFF,0xFF,0xFF,0xFF,0xFF,0xFF,0xFF,0xFF,0xFF,0xDF,0xFF,0x5D,0xF7,0xBF,0xF7,0xFF,0xFF,0x93,0xEC,
  0x8C,0xDA,0x7D,0xFF,0xFF,0xFF,0xFF,0xFF,0xFF,0xFF,0xFF,0xFF,0xFF,0xFF,0xFF,0xFF,0x9E,0xEF,0xFF,0xFF,0x7E,0xF7,0xFF,0xFF,
  0xFA,0x9C,0x11,0x19,0x92,0x29,0x92,0x29,0x92,0x29,0x92,0x29,0x92,0x29,0x10,0x19,0x17,0x7C,0xFF,0xFF,0x54,0x63,0x7A,0xAD,
  0xFF,0xFF,0xDF,0xFF,0xFF,0xFF,0xFF,0xFF,0xFF,0xFF,0xFF,0xFF,0xFF,0xFF,0xFF,0xFF,0xFF,0xFF,0xFF,0xFF,0xFF,0xFF,0xFF,0xFF,
  0xFF,0xFF,0xFF,0xFF,0xFF,0xFF,0xFF,0xFF,0xFF,0xFF,0xFF,0xFF,0xFF,0xFF,0xFF,0xFF,0xFF,0xFF,0xFF,0xFF,0xFF,0xFF,0xFF,0xFF,
  0xFF,0xFF,0xFF,0xFF,0xFF,0xFF,0xFF,0xFF,0xFF,0xFF,0xFF,0xFF,0xFF,0xFF,0xFF,0xFF,0xFF,0xFF,0xFF,0xFF,0xFF,0xFF,0xFF,0xFF,
  0xFF,0xFF,0xFF,0xFF,0xFF,0xFF,0xFF,0xFF,0xFF,0xFF,0xFF,0xFF,0xFF,0xFF,0xFF,0xFF,0xFF,0xFF,0xFF,0xFF,0xFF,0xFF,0xFF,0xFF,
  0x77,0x8C,0x36,0x84,0xFF,0xFF,0xF4,0x5A,0x31,0x21,0x92,0x29,0x92,0x29,0x92,0x29,0x92,0x29,0x72,0x29,0x71,0x29,0x9C,0xD6,
  0xFF,0xFF,0x9E,0xF7,0x9E,0xEF,0x9E,0xF7,0xDF,0xFF,0xFF,0xFF,0xFF,0xFF,0xFF,0xFF,0xDF,0xFF,0xBE,0xF7,0xDF,0xFF,0x4D,0xE3,
  0xCF,0xE3,0xDF,0xFF,0x7E,0xF7,0xBF,0xFF,0xFF,0xFF,0xFF,0xFF,0xFF,0xFF,0xFF,0xFF,0xFF,0xFF,0xFF,0xFF,0xFF,0xFF,0xFF,0xFF,
  0xFF,0xFF,0xFF,0xFF,0xFF,0xFF,0xFF,0xFF,0xFF,0xFF,0xDF,0xFF,0xBE,0xF7,0xDF,0xFF,0x7E,0xF7,0xF2,0x39,0x31,0x21,0x52,0x21,
  0x71,0x29,0x11,0x19,0xB4,0x52,0xFF,0xFF,0xDF,0xFF,0x9E,0xF7,0xFF,0xFF,0xFF,0xFF,0xFF,0xFF,0xFF,0xFF,0xFF,0xFF,0xFF,0xFF,
  0xFF,0xFF,0xFF,0xFF,0xFF,0xFF,0xFF,0xFF,0xFF,0xFF,0xFF,0xFF,0xFF,0xFF,0xDF,0xFF,0x7D,0xF7,0x7D,0xF7,0xDF,0xF7,0x18,0xF6,
  0xEC,0xDA,0xDF,0xFF,0xBF,0xF7,0xFF,0xFF,0xFF,0xFF,0xFF,0xFF,0xFF,0xFF,0xBF,0xF7,0xBF,0xF7,0x7E,0xEF,0x9E,0xF7,0xDF,0xFF,
  0x7E,0xEF,0x73,0x4A,0x51,0x21,0x92,0x29,0x92,0x29,0x92,0x29,0x92,0x29,0x72,0x21,0xD2,0x39,0x7F,0xEF,0xDA,0xB5,0x54,0x63,
  0xFF,0xFF,0xFF,0xFF,0xFF,0xFF,0xFF,0xFF,0xFF,0xFF,0xFF,0xFF,0xFF,0xFF,0xFF,0xFF,0xFF,0xFF,0xFF,0xFF,0xFF,0xFF,0xFF,0xFF,
  0xFF,0xFF,0xFF,0xFF,0xFF,0xFF,0xFF,0xFF,0xFF,0xFF,0xFF,0xFF,0xFF,0xFF,0xFF,0xFF,0xFF,0xFF,0xFF,0xFF,0xFF,0xFF,0xFF,0xFF,
  0xFF,0xFF,0xFF,0xFF,0xFF,0xFF,0xFF,0xFF,0xFF,0xFF,0xFF,0xFF,0xFF,0xFF,0xFF,0xFF,0xFF,0xFF,0xFF,0xFF,0xFF,0xFF,0xFF,0xFF,
  0xFF,0xFF,0xFF,0xFF,0xFF,0xFF,0xFF,0xFF,0xFF,0xFF,0xFF,0xFF,0xFF,0xFF,0xFF,0xFF,0xFF,0xFF,0xFF,0xFF,0xFF,0xFF,0xBF,0xF7,
  0xD3,0x5A,0xBD,0xD6,0x9D,0xCE,0x70,0x29,0x92,0x29,0x92,0x29,0x92,0x29,0x92,0x29,0xB2,0x29,0x11,0x19,0x95,0x73,0xDF,0xFF,
  0x5E,0xEF,0xDF,0xFF,0xDF,0xFF,0xFF,0xFF,0xBE,0xF7,0x9D,0xF7,0xBE,0xF7,0xBE,0xF7,0xBE,0xFF,0x5D,0xFF,0x0D,0xE3,0x4D,0xF3,
  0x8B,0xE2,0xDA,0xF6,0xBF,0xF7,0x7E,0xF7,0xFF,0xFF,0xFF,0xFF,0xFF,0xFF,0xFF,0xFF,0xFF,0xFF,0xBF,0xF7,0x9E,0xF7,0xDE,0xF7,
  0xBF,0xFF,0x9E,0xF7,0xDE,0xFF,0xDF,0xFF,0x5A,0xCE,0xBF,0xFF,0xFF,0xFF,0x5D,0xE7,0xD8,0x9C,0xB2,0x31,0x72,0x29,0x92,0x29,
  0x91,0x29,0x71,0x29,0x73,0x4A,0x1B,0xC6,0xDF,0xFF,0xFF,0xFF,0xDD,0xDE,0x9C,0xD6,0xFF,0xFF,0xDF,0xFF,0xFF,0xFF,0xDF,0xFF,
  0xFF,0xFF,0xFF,0xFF,0xFF,0xFF,0xFF,0xFF,0xFF,0xFF,0xFF,0xFF,0xFF,0xFF,0xDF,0xFF,0xBD,0xF7,0x7D,0xEF,0xBF,0xFF,0x6E,0xE3,
  0x86,0xE1,0x34,0xF5,0x5D,0xF7,0x9E,0xF7,0xDF,0xFF,0x9E,0xF7,0x7E,0xF7,0x9E,0xF7,0xFF,0xFF,0xBF,0xF7,0xFF,0xFF,0xBF,0xF7,
  0xFF,0xFF,0x19,0xA5,0x31,0x21,0x92,0x29,0x92,0x29,0x92,0x29,0x92,0x29,0xB2,0x29,0x30,0x19,0x19,0xA5,0xBF,0xF7,0xD3,0x52,
  0xBC,0xD6,0xFF,0xFF,0xFF,0xFF,0xFF,0xFF,0xFF,0xFF,0xFF,0xFF,0xFF,0xFF,0xFF,0xFF,0xFF,0xFF,0xFF,0xFF,0xFF,0xFF,0xFF,0xFF,
  0xFF,0xFF,0xFF,0xFF,0xFF,0xFF,0xFF,0xFF,0xFF,0xFF,0xFF,0xFF,0xFF,0xFF,0xFF,0xFF,0xFF,0xFF,0xFF,0xFF,0xFF,0xFF,0xFF,0xFF,
  0xFF,0xFF,0xFF,0xFF,0xFF,0xFF,0xFF,0xFF,0xFF,0xFF,0xFF,0xFF,0xFF,0xFF,0xFF,0xFF,0xFF,0xFF,0xFF,0xFF,0xFF,0xFF,0xFF,0xFF,
  0xFF,0xFF,0xFF,0xFF,0xFF,0xFF,0xFF,0xFF,0xFF,0xFF,0xFF,0xFF,0xFF,0xFF,0xFF,0xFF,0xFF,0xFF,0xFF,0xFF,0xFF,0xFF,0xFB,0xC5,
  0x13,0x63,0xFF,0xFF,0x37,0x84,0x11,0x19,0xB2,0x29,0x92,0x29,0x92,0x29,0x92,0x29,0x92,0x29,0x70,0x29,0x3C,0xC6,0xBF,0xFF,
  0x9F,0xF7,0xBF,0xF7,0xFF,0xFF,0xFF,0xFF,0x9E,0xFF,0x7E,0xEF,0xBE,0xF7,0x7E,0xF7,0xBF,0xEF,0xBB,0xF6,0x46,0xD9,0xFC,0xFE,
  0x51,0xE4,0x72,0xE4,0xFF,0xFF,0xBF,0xF7,0xFF,0xFF,0xFF,0xFF,0xFF,0xFF,0xFF,0xFF,0xFF,0xFF,0xFF,0xFF,0x9E,0xEF,0xBF,0xF7,
  0xBF,0xF7,0xBE,0xFF,0x9E,0xF7,0x58,0x8C,0x10,0x21,0x78,0x8C,0x9A,0xAD,0x13,0x3A,0x31,0x21,0x72,0x21,0x92,0x29,0x72,0x29,
  0x92,0x29,0x91,0x29,0x71,0x29,0x51,0x29,0x36,0x63,0x1C,0xBE,0x94,0x52,0xB2,0x39,0x7C,0xCE,0xBF,0xFF,0xBE,0xF7,0xDF,0xFF,
  0xFF,0xFF,0xFF,0xFF,0xFF,0xFF,0xFF,0xFF,0xFF,0xFF,0xFF,0xFF,0xFF,0xFF,0xDF,0xFF,0x9E,0xF7,0xDF,0xF7,0x9A,0xF6,0xAB,0xDA,
  0x7A,0xFE,0x09,0xDA,0x9A,0xFE,0xDF,0xF7,0xBE,0xF7,0x7E,0xF7,0x7D,0xF7,0x9E,0xF7,0xFF,0xFF,0xFF,0xFF,0xFF,0xFF,0xFF,0xFF,
  0xFF,0xFF,0x5E,0xE7,0x32,0x42,0x52,0x21,0x92,0x29,0x92,0x29,0x92,0x29,0x92,0x29,0x51,0x21,0xD4,0x52,0xFF,0xFF,0x16,0x84,
  0x97,0x94,0xFF,0xFF,0xFF,0xFF,0xFF,0xFF,0xFF,0xFF,0xFF,0xFF,0xFF,0xFF,0xFF,0xFF,0xFF,0xFF,0xFF,0xFF,0xFF,0xFF,0xFF,0xFF,
  0xFF,0xFF,0xFF,0xFF,0xFF,0xFF,0xFF,0xFF,0xFF,0xFF,0xFF,0xFF,0xFF,0xFF,0xFF,0xFF,0xFF,0xFF,0xFF,0xFF,0xFF,0xFF,0xFF,0xFF,
  0xFF,0xFF,0xFF,0xFF,0xFF,0xFF,0xFF,0xFF,0xFF,0xFF,0xFF,0xFF,0xFF,0xFF,0xFF,0xFF,0xFF,0xFF,0xFF,0xFF,0xFF,0xFF,0xFF,0xFF,
  0xFF,0xFF,0xFF,0xFF,0xFF,0xFF,0xFF,0xFF,0xFF,0xFF,0xFF,0xFF,0xFF,0xFF,0xFF,0xFF,0xFF,0xFF,0xFF,0xFF,0xFF,0xFF,0x36,0x84,
  0xF8,0x9C,0xDF,0xFF,0x53,0x42,0x51,0x21,0x92,0x29,0x92,0x29,0x91,0x29,0x92,0x29,0x31,0x21,0x14,0x63,0xDF,0xFF,0xDF,0xFF,
  0xFF,0xFF,0xFF,0xFF,0xFF,0xFF,0xFF,0xFF,0x9E,0xF7,0x7E,0xEF,0xDF,0xFF,0xBF,0xF7,0x5D,0xF7,0xEC,0xEA,0x29,0xE2,0x11,0xEC,
  0xBB,0xFE,0xAB,0xDA,0x9E,0xFF,0xFF,0xFF,0xFF,0xFF,0xFF,0xFF,0xFF,0xFF,0xFF,0xFF,0xFF,0xFF,0xFF,0xFF,0x9F,0xF7,0x7E,0xEF,
  0x9E,0xF7,0xFF,0xFF,0x5E,0xEF,0x52,0x42,0x31,0x19,0x52,0x29,0x51,0x21,0x52,0x21,0x51,0x21,0x72,0x29,0x92,0x29,0x92,0x29,
  0x92,0x29,0x72,0x29,0x51,0x21,0x51,0x21,0x51,0x21,0x51,0x29,0x72,0x21,0xF0,0x18,0x36,0x84,0xFF,0xFF,0xBF,0xFF,0xFF,0xFF,
  0xFF,0xFF,0xFF,0xFF,0xFF,0xFF,0xFF,0xFF,0xFF,0xFF,0xFF,0xFF,0xFF,0xFF,0xFF,0xFF,0x9E,0xF7,0xFF,0xFF,0x31,0xE4,0x72,0xE4,
  0xDB,0xFE,0x66,0xD9,0x72,0xF4,0x9E,0xFF,0x9E,0xF7,0x7D,0xF7,0x9E,0xEF,0xBF,0xFF,0xFF,0xFF,0xFF,0xFF,0xFF,0xFF,0xFF,0xFF,
  0xFF,0xFF,0xFF,0xFF,0x57,0x84,0x10,0x21,0x92,0x29,0x92,0x29,0x72,0x29,0x72,0x29,0x72,0x29,0x71,0x29,0xDD,0xDE,0x5B,0xCE,
  0xF3,0x5A,0xDF,0xFF,0xFF,0xFF,0xFF,0xFF,0xFF,0xFF,0xFF,0xFF,0xFF,0xFF,0xFF,0xFF,0xFF,0xFF,0xFF,0xFF,0xFF,0xFF,0xFF,0xFF,
  0xFF,0xFF,0xFF,0xFF,0xFF,0xFF,0xFF,0xFF,0xFF,0xFF,0xFF,0xFF,0xFF,0xFF,0xFF,0xFF,0xFF,0xFF,0xFF,0xFF,0xFF,0xFF,0xFF,0xFF,
  0xFF,0xFF,0xFF,0xFF,0xFF,0xFF,0xFF,0xFF,0xFF,0xFF,0xFF,0xFF,0xFF,0xFF,0xFF,0xFF,0xFF,0xFF,0xFF,0xFF,0xFF,0xFF,0xFF,0xFF,
  0xFF,0xFF,0xFF,0xFF,0xFF,0xFF,0xFF,0xFF,0xFF,0xFF,0xDF,0xFF,0x9E,0xEF,0xBE,0xF7,0x9E,0xF7,0x7D,0xF7,0x9E,0xF7,0xF3,0x5A,
  0xBD,0xDE,0x5C,0xCE,0x50,0x29,0x73,0x29,0x92,0x29,0x92,0x29,0x92,0x29,0xB2,0x29,0x11,0x21,0x3A,0xAD,0xFF,0xFF,0xFF,0xFF,
  0xDF,0xFF,0xFF,0xFF,0xFF,0xFF,0xFF,0xFF,0x9E,0xF7,0x9E,0xF7,0x7E,0xF7,0x9E,0xF7,0xFF,0xFF,0x8E,0xDB,0xB2,0xEC,0xEC,0xDA,
  0xBB,0xFE,0x6E,0xD3,0x96,0xF5,0xFF,0xFF,0xDF,0xFF,0xFF,0xFF,0xFF,0xFF,0xFF,0xFF,0xFF,0xFF,0xFF,0xFF,0xFF,0xFF,0xBF,0xF7,
  0xFF,0xFF,0xBE,0xF7,0xDF,0xFF,0xDD,0xD6,0xD2,0x31,0x72,0x29,0x91,0x29,0x71,0x21,0xF7,0x7B,0x73,0x4A,0x51,0x21,0x92,0x29,
  0x92,0x29,0x31,0x21,0xF5,0x5A,0xF5,0x5A,0x31,0x19,0xD2,0x31,0x51,0x21,0x75,0x6B,0xBF,0xF7,0xFF,0xFF,0xBF,0xFF,0xFF,0xFF,
  0xFF,0xFF,0xFF,0xFF,0xFF,0xFF,0xFF,0xFF,0xFF,0xFF,0xFF,0xFF,0xFF,0xFF,0xDF,0xFF,0xBF,0xF7,0x7D,0xFF,0x8B,0xDA,0xDB,0xFE,
  0xCF,0xDB,0x51,0xF4,0x4A,0xDA,0x9B,0xFE,0xDE,0xF7,0x9E,0xF7,0xBE,0xF7,0x9E,0xF7,0xFF,0xFF,0xFF,0xFF,0xFF,0xFF,0xFF,0xFF,
  0xDF,0xFF,0xBF,0xFF,0x9C,0xD6,0x71,0x29,0x72,0x29,0x92,0x29,0x92,0x29,0x92,0x29,0x93,0x29,0x10,0x19,0xB8,0x9C,0xDF,0xFF,
  0xD3,0x5A,0xBD,0xD6,0xFF,0xFF,0xBE,0xFF,0xDF,0xFF,0x9F,0xF7,0xFF,0xFF,0xFF,0xFF,0xFF,0xFF,0xFF,0xFF,0xFF,0xFF,0xFF,0xFF,
  0xFF,0xFF,0xFF,0xFF,0xFF,0xFF,0xFF,0xFF,0xFF,0xFF,0xFF,0xFF,0xFF,0xFF,0xFF,0xFF,0xFF,0xFF,0xFF,0xFF,0xFF,0xFF,0xFF,0xFF,
  0xFF,0xFF,0xFF,0xFF,0xFF,0xFF,0xFF,0xFF,0xFF,0xFF,0xFF,0xFF,0xFF,0xFF,0xFF,0xFF,0xFF,0xFF,0xFF,0xFF,0xFF,0xFF,0xFF,0xFF,
  0xFF,0xFF,0xFF,0xFF,0xFF,0xFF,0xFF,0xFF,0xFF,0xFF,0xFF,0xFF,0xDE,0xF7,0xBE,0xF7,0xDF,0xFF,0xFF,0xFF,0x3C,0xCE,0xF4,0x5A,
  0xFF,0xFF,0x57,0x8C,0x10,0x19,0xB2,0x29,0x92,0x29,0x92,0x29,0x91,0x29,0x72,0x21,0xF3,0x39,0xFD,0xE6,0xDE,0xFF,0xFF,0xFF,
  0xFF,0xFF,0xFF,0xFF,0xFF,0xFF,0xDF,0xFF,0x9E,0xEF,0x9E,0xF7,0x9D,0xF7,0x9D,0xF7,0xFF,0xF7,0x5A,0xF6,0xEC,0xDA,0x30,0xE4,
  0x72,0xE4,0xB7,0xF5,0x4D,0xDB,0xFF,0xFF,0xFF,0xFF,0xFF,0xFF,0xFF,0xFF,0xFF,0xFF,0xFF,0xFF,0xFF,0xFF,0xBF,0xF7,0xFF,0xFF,
  0x9F,0xF7,0x9E,0xF7,0xFF,0xFF,0xFB,0xBD,0x91,0x29,0x72,0x21,0x91,0x29,0xBA,0xB5,0xFF,0xFF,0xF4,0x5A,0x31,0x21,0x92,0x29,
  0x93,0x31,0x10,0x19,0x97,0x8C,0xDF,0xFF,0xB6,0x73,0x31,0x21,0x72,0x21,0xB3,0x52,0x7E,0xEF,0xFF,0xFF,0xFF,0xFF,0xFF,0xFF,
  0xFF,0xFF,0xFF,0xFF,0xFF,0xFF,0xFF,0xFF,0xFF,0xFF,0xFF,0xFF,0xFF,0xFF,0xDF,0xFF,0xFF,0xF7,0x56,0xED,0xAF,0xDB,0x79,0xFE,
  0x2D,0xD3,0xF3,0xE4,0xF0,0xE3,0xBF,0xF7,0xBF,0xFF,0xBE,0xFF,0x7D,0xEF,0x9E,0xF7,0xFF,0xFF,0xFF,0xFF,0xFF,0xFF,0xFF,0xFF,
  0xFF,0xFF,0xBE,0xFF,0x9F,0xF7,0x14,0x5B,0x31,0x21,0x92,0x29,0x72,0x29,0x92,0x29,0x92,0x29,0x31,0x21,0xD4,0x5A,0xFF,0xFF,
  0xF6,0x83,0xF8,0x9C,0xFF,0xFF,0xFF,0xFF,0xDF,0xF7,0x9E,0xF7,0xBE,0xFF,0xFF,0xFF,0xFF,0xFF,0xFF,0xFF,0xFF,0xFF,0xFF,0xFF,
  0xFF,0xFF,0xFF,0xFF,0xFF,0xFF,0xFF,0xFF,0xFF,0xFF,0xFF,0xFF,0xFF,0xFF,0xFF,0xFF,0xFF,0xFF,0xFF,0xFF,0xFF,0xFF,0xFF,0xFF,
  0xFF,0xFF,0xFF,0xFF,0xFF,0xFF,0xFF,0xFF,0xFF,0xFF,0xFF,0xFF,0xFF,0xFF,0xFF,0xFF,0xFF,0xFF,0xFF,0xFF,0xFF,0xFF,0xFF,0xFF,
  0xFF,0xFF,0xFF,0xFF,0xFF,0xFF,0xFF,0xFF,0xFF,0xFF,0x9E,0xF7,0x9E,0xF7,0xDF,0xFF,0x5E,0xEF,0xFF,0xFF,0xB8,0x9C,0x16,0x84,
  0xFF,0xFF,0xB3,0x5A,0x31,0x21,0x92,0x29,0x92,0x29,0x92,0x29,0x92,0x29,0x31,0x19,0x95,0x6B,0xFF,0xFF,0xBF,0xFF,0xFF,0xFF,
  0xFF,0xFF,0xFF,0xFF,0xFF,0xFF,0xDF,0xFF,0xBF,0xF7,0xFF,0xFF,0xBF,0xF7,0x9E,0xF7,0x9E,0xF7,0xFF,0xFF,0x10,0xDC,0x10,0xE4,
  0x0D,0xDB,0x9A,0xF6,0x0C,0xDB,0x5A,0xFE,0xFF,0xFF,0xFF,0xFF,0xFF,0xFF,0xFF,0xFF,0xFF,0xFF,0xDF,0xFF,0x7E,0xEF,0xBF,0xF7,
  0x9E,0xF7,0x9D,0xEF,0x7E,0xF7,0x73,0x52,0x31,0x21,0x71,0x21,0x7A,0xAD,0xFF,0xFF,0xDF,0xFF,0x75,0x6B,0x31,0x21,0x92,0x29,
  0x92,0x31,0x10,0x19,0x97,0x8C,0xFF,0xFF,0xBF,0xF7,0x15,0x63,0x52,0x21,0x11,0x19,0xD9,0x9C,0xFF,0xFF,0xFF,0xFF,0xFF,0xFF,
  0xDF,0xFF,0xDF,0xFF,0xFF,0xFF,0xFF,0xFF,0xFF,0xFF,0xDF,0xFF,0xFF,0xFF,0xBE,0xFF,0xFF,0xFF,0x0D,0xD3,0xD8,0xF5,0x31,0xE4,
  0x52,0xEC,0x2D,0xDB,0x59,0xF6,0xDF,0xF7,0xBE,0xF7,0x9F,0xF7,0xBE,0xF7,0xBE,0xF7,0xFF,0xFF,0xFF,0xFF,0xFF,0xFF,0xFF,0xFF,
  0xFF,0xFF,0xDF,0xFF,0xFF,0xFF,0xF8,0x9C,0x10,0x21,0xB2,0x29,0x72,0x29,0x92,0x29,0x92,0x29,0x72,0x29,0xB1,0x31,0x3E,0xE7,
  0xBA,0xB5,0x94,0x73,0xFF,0xFF,0xBF,0xF7,0xDF,0xFF,0x7E,0xF7,0x7E,0xF7,0xFF,0xFF,0xFF,0xFF,0xFF,0xFF,0xFF,0xFF,0xFF,0xFF,
  0xFF,0xFF,0xFF,0xFF,0xFF,0xFF,0xFF,0xFF,0xFF,0xFF,0xFF,0xFF,0xFF,0xFF,0xFF,0xFF,0xFF,0xFF,0xFF,0xFF,0xFF,0xFF,0xFF,0xFF,
  0xFF,0xFF,0xFF,0xFF,0xFF,0xFF,0xFF,0xFF,0xFF,0xFF,0xFF,0xFF,0xFF,0xFF,0xFF,0xFF,0xFF,0xFF,0xFF,0xFF,0xFF,0xFF,0xFF,0xFF,
  0xFF,0xFF,0xFF,0xFF,0xFF,0xFF,0xFF,0xFF,0xFF,0xFF,0x9E,0xF7,0xBE,0xF7,0xBE,0xF7,0x9E,0xFF,0xFF,0xFF,0x95,0x6B,0xBA,0xB5,
  0x3E,0xE7,0xB1,0x31,0x72,0x29,0x92,0x29,0x72,0x29,0x72,0x29,0x92,0x29,0x31,0x21,0x59,0xAD,0xFF,0xFF,0xBF,0xFF,0xFF,0xFF,
  0xFF,0xFF,0xFF,0xFF,0xFF,0xFF,0xFF,0xFF,0xDF,0xFF,0x9E,0xF7,0x5D,0xEF,0xBF,0xFF,0xFF,0xF7,0xDF,0xF7,0x9A,0xF6,0x0C,0xDB,
  0x8E,0xE3,0xD3,0xE4,0xB3,0xEC,0x31,0xE4,0xFF,0xFF,0xDF,0xFF,0xDF,0xFF,0x7E,0xF7,0xBE,0xF7,0x7E,0xF7,0xBF,0xFF,0x7E,0xF7,
  0xBE,0xF7,0xFF,0xFF,0xDA,0xBD,0x51,0x21,0x32,0x21,0x55,0x6B,0xFF,0xFF,0xDF,0xFF,0xFF,0xFF,0x55,0x6B,0x31,0x21,0x92,0x29,
  0x92,0x29,0x11,0x19,0xF8,0x9C,0xFF,0xFF,0xBF,0xFF,0x7C,0xD6,0x91,0x31,0x51,0x21,0x93,0x4A,0x9F,0xF7,0x9F,0xF7,0xDF,0xFF,
  0x9E,0xFF,0x9E,0xEF,0xDF,0xFF,0xDF,0xFF,0x9E,0xF7,0xDF,0xFF,0xBF,0xFF,0xDF,0xF7,0x79,0xF6,0xCC,0xDA,0x9A,0xF6,0x2D,0xDB,
  0x72,0xEC,0xCF,0xE3,0xFF,0xFF,0xFF,0xF7,0xDF,0xF7,0x5E,0xEF,0x9E,0xF7,0x9E,0xF7,0xDF,0xFF,0xFF,0xFF,0xFF,0xFF,0xFF,0xFF,
  0xFF,0xFF,0x9E,0xEF,0xFF,0xFF,0x9D,0xD6,0x91,0x29,0x71,0x21,0x91,0x29,0x92,0x29,0x92,0x29,0x92,0x29,0x30,0x21,0xDA,0xB5,
  0x3D,0xE7,0xF4,0x5A,0x7E,0xEF,0x7E,0xF7,0x7E,0xF7,0xBF,0xFF,0x9E,0xEF,0xDF,0xFF,0xFF,0xFF,0xFF,0xFF,0xFF,0xFF,0xFF,0xFF,
  0xFF,0xFF,0xFF,0xFF,0xFF,0xFF,0xFF,0xFF,0xFF,0xFF,0xFF,0xFF,0xFF,0xFF,0xFF,0xFF,0xFF,0xFF,0xFF,0xFF,0xFF,0xFF,0xFF,0xFF,
  0xFF,0xFF,0xFF,0xFF,0xFF,0xFF,0xFF,0xFF,0xFF,0xFF,0xFF,0xFF,0xFF,0xFF,0xFF,0xFF,0xFF,0xFF,0xFF,0xFF,0xFF,0xFF,0xFF,0xFF,
  0xFF,0xFF,0xFF,0xFF,0xFF,0xFF,0xFF,0xFF,0xFF,0xFF,0xBE,0xFF,0xBF,0xF7,0x5E,0xEF,0xDF,0xFF,0x7F,0xF7,0xF4,0x5A,0x1D,0xE7,
  0xDA,0xB5,0x10,0x21,0x92,0x29,0x92,0x29,0x92,0x29,0x92,0x29,0x72,0x29,0xB1,0x31,0xDD,0xDE,0xFF,0xFF,0x9E,0xFF,0xFF,0xFF,
  0xFF,0xFF,0xFF,0xFF,0xFF,0xFF,0xDF,0xFF,0x9E,0xF7,0xBF,0xF7,0xFF,0xF7,0x5C,0xF7,0xB7,0xED,0x7A,0xEE,0xFF,0xFF,0x10,0xE4,
  0xAF,0xE3,0x4E,0xDB,0xF8,0xED,0xCB,0xDA,0x5D,0xFF,0xFF,0xFF,0xDF,0xFF,0x5E,0xF7,0xBF,0xFF,0xBE,0xF7,0x9E,0xF7,0x9E,0xF7,
  0xDE,0xFF,0xFF,0xFF,0x77,0x8C,0x10,0x19,0x51,0x21,0xFB,0xBD,0xFF,0xFF,0xBE,0xF7,0xFF,0xFF,0x96,0x73,0x31,0x21,0x92,0x29,
  0x92,0x29,0x31,0x21,0x39,0xA5,0xFF,0xFF,0xFF,0xFF,0xFF,0xFF,0x54,0x6B,0x31,0x21,0xB1,0x31,0xBD,0xDE,0xFF,0xFF,0xDF,0xFF,
  0xBE,0xF7,0x9E,0xFF,0xBE,0xF7,0xDE,0xF7,0x9E,0xFF,0x9E,0xF7,0x9E,0xF7,0xFF,0xFF,0x10,0xDC,0xD4,0xEC,0xD4,0xEC,0x10,0xE4,
  0x4D,0xDB,0x79,0xFE,0xBE,0xFF,0xB6,0xED,0x9A,0xEE,0xDF,0xF7,0xDF,0xF7,0xBF,0xF7,0xFF,0xFF,0xDF,0xFF,0xFF,0xFF,0xFF,0xFF,
  0xFF,0xFF,0xBF,0xF7,0x9D,0xF7,0x9E,0xF7,0x93,0x52,0x31,0x21,0x92,0x29,0x92,0x29,0x92,0x29,0x92,0x29,0x10,0x21,0x57,0x8C,
  0xFF,0xFF,0x13,0x63,0x7C,0xCE,0xDF,0xFF,0x9E,0xF7,0xDF,0xF7,0x7F,0xF7,0xDF,0xFF,0xFF,0xFF,0xFF,0xFF,0xFF,0xFF,0xFF,0xFF,
  0xFF,0xFF,0xFF,0xFF,0xFF,0xFF,0xFF,0xFF,0xFF,0xFF,0xFF,0xFF,0xFF,0xFF,0xFF,0xFF,0xFF,0xFF,0xFF,0xFF,0xFF,0xFF,0xFF,0xFF,
  0xFF,0xFF,0xFF,0xFF,0xFF,0xFF,0xFF,0xFF,0xFF,0xFF,0xFF,0xFF,0xFF,0xFF,0xFF,0xFF,0xFF,0xFF,0xFF,0xFF,0xFF,0xFF,0xFF,0xFF,
  0xFF,0xFF,0xFF,0xFF,0xFF,0xFF,0xFF,0xFF,0xFF,0xFF,0x9E,0xFF,0x7E,0xEF,0x7E,0xEF,0xDF,0xFF,0x9C,0xD6,0xF3,0x5A,0xFF,0xFF,
  0x77,0x8C,0x11,0x19,0x92,0x31,0x92,0x29,0x92,0x29,0x92,0x29,0x31,0x21,0xB4,0x52,0x9F,0xF7,0xFF,0xFF,0xBE,0xF7,0xDF,0xFF,
  0xDE,0xFF,0xBF,0xFF,0xBE,0xF7,0xFF,0xF7,0xDE,0xF7,0x39,0xEE,0xD0,0xEB,0xA7,0xE9,0x63,0xE8,0x86,0xE1,0x3D,0xF7,0xBB,0xF6,
  0x0C,0xDB,0x6E,0xE3,0xF4,0xEC,0xD0,0xE3,0x34,0xED,0xFF,0xF7,0xBF,0xFF,0x9E,0xF7,0x9E,0xEF,0x7E,0xF7,0x9F,0xF7,0xFF,0xFF,
  0xD8,0x9C,0x96,0x73,0x53,0x42,0x51,0x21,0xF2,0x39,0x1D,0xDF,0xBE,0xFF,0x7E,0xEF,0xFF,0xFF,0xD6,0x7B,0x10,0x21,0x93,0x31,
  0x92,0x29,0x31,0x21,0x7A,0xAD,0xFF,0xFF,0x9F,0xF7,0xFF,0xFF,0xF9,0x9C,0x11,0x19,0x92,0x29,0x15,0x5B,0xB5,0x73,0x3B,0xC6,
  0xDF,0xFF,0xBE,0xF7,0x9E,0xF7,0x9E,0xF7,0xBE,0xF7,0xBE,0xF7,0xBF,0xF7,0x1D,0xFF,0xCC,0xDA,0x39,0xF6,0x4D,0xDB,0x11,0xE4,
  0xCF,0xE3,0xFF,0xFF,0x10,0xEC,0x22,0xE8,0x25,0xE9,0xEC,0xF2,0x55,0xF5,0x3D,0xF7,0xFF,0xFF,0xFF,0xFF,0xFF,0xFF,0x7E,0xF7,
  0xDF,0xFF,0xBE,0xFF,0x9E,0xF7,0xFF,0xFF,0xF6,0x7B,0x11,0x19,0x93,0x31,0x92,0x29,0x92,0x29,0x92,0x29,0x31,0x21,0xF4,0x62,
  0xFF,0xFF,0xD5,0x7B,0x79,0xAD,0xFF,0xFF,0x7E,0xEF,0xBF,0xFF,0x7E,0xF7,0xFF,0xFF,0xFF,0xFF,0xFF,0xFF,0xFF,0xFF,0xFF,0xFF,
  0xFF,0xFF,0xFF,0xFF,0xFF,0xFF,0xFF,0xFF,0xFF,0xFF,0xFF,0xFF,0xFF,0xFF,0xFF,0xFF,0xFF,0xFF,0xFF,0xFF,0xFF,0xFF,0xFF,0xFF,
  0xFF,0xFF,0xFF,0xFF,0xFF,0xFF,0xFF,0xFF,0xFF,0xFF,0xFF,0xFF,0xFF,0xFF,0xFF,0xFF,0xFF,0xFF,0xFF,0xFF,0xFF,0xFF,0xFF,0xFF,
  0xFF,0xFF,0xFF,0xFF,0xFF,0xFF,0xFF,0xFF,0xFF,0xFF,0x9E,0xFF,0x9E,0xF7,0x7D,0xEF,0xFF,0xFF,0xBB,0xB5,0x94,0x6B,0xFF,0xFF,
  0x54,0x6B,0x31,0x21,0x92,0x29,0x92,0x29,0x72,0x29,0x92,0x31,0x31,0x19,0xF6,0x7B,0xFF,0xFF,0x5E,0xF7,0x9E,0xF7,0xBE,0xF7,
  0xFF,0xF7,0xFF,0xFF,0xFB,0xF6,0xF4,0xF4,0x8A,0xF2,0xE4,0xE8,0x42,0xE8,0x41,0xF0,0x42,0xF0,0x6B,0xEA,0x3C,0xF7,0xFF,0xF7,
  0x52,0xE4,0x2C,0xE3,0xAE,0xDB,0x35,0xED,0x4D,0xDB,0xBF,0xFF,0x7E,0xF7,0x7E,0xF7,0x9E,0xF7,0xBE,0xF7,0xDF,0xFF,0xBE,0xFF,
  0xB4,0x52,0x6F,0x00,0x71,0x29,0x52,0x21,0x33,0x4A,0x5E,0xE7,0xBF,0xFF,0x5D,0xF7,0xFF,0xFF,0x16,0x84,0x10,0x21,0x93,0x29,
  0x92,0x29,0x51,0x21,0xDA,0xBD,0xDF,0xFF,0x7E,0xEF,0xFF,0xFF,0x7A,0xB5,0x30,0x21,0x92,0x31,0x31,0x21,0x6F,0x08,0x39,0xA5,
  0xFF,0xFF,0x7E,0xF7,0x9E,0xF7,0x7E,0xF7,0x9E,0xF7,0x7D,0xF7,0xFF,0xF7,0x14,0xED,0x10,0xE4,0x35,0xF5,0x6F,0xE3,0x2D,0xE3,
  0x39,0xF6,0xFF,0xFF,0xD3,0xF4,0x83,0xE8,0x42,0xF0,0x42,0xE8,0x83,0xE8,0xA7,0xE9,0xF0,0xEB,0x39,0xF6,0xDF,0xFF,0xFF,0xFF,
  0xDF,0xF7,0xBE,0xFF,0x9E,0xF7,0xFF,0xFF,0x5A,0xAD,0x31,0x21,0x92,0x31,0x72,0x29,0x92,0x29,0x92,0x29,0x52,0x21,0x12,0x3A,
  0xDF,0xFF,0xD8,0x9C,0x57,0x84,0xFF,0xFF,0xBF,0xF7,0xBF,0xFF,0xBE,0xF7,0xFF,0xFF,0xFF,0xFF,0xFF,0xFF,0xFF,0xFF,0xFF,0xFF,
  0xFF,0xFF,0xFF,0xFF,0xFF,0xFF,0xFF,0xFF,0xFF,0xFF,0xFF,0xFF,0xFF,0xFF,0xFF,0xFF,0xFF,0xFF,0xFF,0xFF,0xFF,0xFF,0xFF,0xFF,
  0xFF,0xFF,0xFF,0xFF,0xFF,0xFF,0xFF,0xFF,0xFF,0xFF,0xFF,0xFF,0xFF,0xFF,0xFF,0xFF,0xFF,0xFF,0xFF,0xFF,0xFF,0xFF,0xFF,0xFF,
  0xFF,0xFF,0xFF,0xFF,0xFF,0xFF,0xFF,0xFF,0xFF,0xFF,0xDF,0xFF,0x9E,0xFF,0x7E,0xEF,0xFF,0xFF,0xB8,0x94,0x77,0x8C,0xFF,0xFF,
  0x52,0x4A,0x51,0x21,0x92,0x29,0x92,0x29,0x72,0x29,0xB3,0x29,0x30,0x19,0x19,0xA5,0xFF,0xFF,0xBE,0xF7,0xFF,0xF7,0x9E,0xFF,
  0xF7,0xF5,0x8E,0xEB,0x66,0xE9,0x82,0xE8,0x21,0xF0,0x42,0xF0,0xC4,0xE8,0xCB,0xEA,0x55,0xF5,0x9E,0xF7,0x7D,0xEF,0xFF,0xFF,
  0xFB,0xF6,0xEC,0xDA,0xEC,0xE2,0xF3,0xEC,0x4E,0xDB,0x38,0xF6,0xFF,0xFF,0x7F,0xF7,0x9E,0xF7,0xDE,0xFF,0xDF,0xFF,0xBF,0xF7,
  0x36,0x84,0xF5,0x5A,0x13,0x42,0x51,0x21,0x12,0x42,0x1E,0xE7,0xFF,0xFF,0x7E,0xF7,0xFF,0xFF,0x57,0x84,0x10,0x19,0x93,0x29,
  0x92,0x29,0x50,0x21,0x1B,0xBE,0xFF,0xFF,0x9E,0xEF,0xFF,0xFF,0xF9,0xA4,0x31,0x21,0x92,0x29,0x53,0x42,0xB4,0x52,0x1B,0xC6,
  0xFF,0xFF,0xBF,0xF7,0xBE,0xF7,0x9E,0xF7,0xDF,0xFF,0x9E,0xF7,0xBE,0xF7,0x2D,0xDB,0x96,0xF5,0xAE,0xDB,0xAF,0xE3,0x10,0xE4,
  0xFF,0xF7,0x9E,0xEF,0x9E,0xF7,0x79,0xF6,0xAF,0xEB,0x66,0xE9,0x42,0xF0,0x21,0xE8,0x42,0xE8,0xE4,0xE8,0x8A,0xEA,0xF4,0xEC,
  0xFC,0xF6,0xFF,0xF7,0xBF,0xEF,0xBF,0xFF,0x7B,0xCE,0x91,0x29,0x72,0x29,0x92,0x29,0x92,0x29,0x92,0x29,0x72,0x29,0x92,0x29,
  0xFE,0xDE,0xFB,0xBD,0x94,0x73,0xDF,0xFF,0xFF,0xFF,0xBE,0xFF,0x9E,0xF7,0xFF,0xFF,0xFF,0xFF,0xFF,0xFF,0xFF,0xFF,0xFF,0xFF,
  0xFF,0xFF,0xFF,0xFF,0xFF,0xFF,0xFF,0xFF,0xFF,0xFF,0xFF,0xFF,0xFF,0xFF,0xFF,0xFF,0xFF,0xFF,0xFF,0xFF,0xFF,0xFF,0xFF,0xFF,
  0xFF,0xFF,0xFF,0xFF,0xFF,0xFF,0xFF,0xFF,0xFF,0xFF,0xFF,0xFF,0xFF,0xFF,0xFF,0xFF,0xFF,0xFF,0xFF,0xFF,0xFF,0xFF,0xFF,0xFF,
  0xFF,0xFF,0xFF,0xFF,0xFF,0xFF,0xFF,0xFF,0xFF,0xFF,0x7E,0xEF,0x7D,0xF7,0x5E,0xEF,0xFF,0xFF,0x16,0x7C,0x59,0xAD,0x7E,0xEF,
  0xD2,0x39,0x72,0x21,0x92,0x29,0x92,0x29,0x91,0x29,0x92,0x29,0x50,0x29,0xFB,0xC5,0xFF,0xFF,0x3C,0xF7,0x92,0xEC,0x29,0xF2,
  0xC4,0xE8,0x42,0xE8,0x21,0xE8,0x83,0xE8,0xA8,0xE9,0x51,0xF4,0xBA,0xF6,0x9E,0xFF,0xB7,0xF5,0x0D,0xEB,0x87,0xE1,0x52,0xEC,
  0xFF,0xFF,0x72,0xEC,0xCB,0xE2,0xCF,0xE3,0x72,0xE4,0xF0,0xE3,0xFF,0xFF,0x9D,0xEF,0x9F,0xF7,0xDF,0xFF,0x9E,0xF7,0x9E,0xF7,
  0xBE,0xF7,0xFF,0xFF,0x16,0x7C,0x11,0x21,0x71,0x29,0x3B,0xC6,0xFF,0xFF,0x5E,0xEF,0xFF,0xFF,0x77,0x8C,0x10,0x19,0xB3,0x29,
  0x72,0x29,0x71,0x29,0x7C,0xCE,0xFF,0xFF,0x7E,0xEF,0xFF,0xFF,0xB6,0x7B,0x11,0x21,0x91,0x31,0x3B,0xC6,0xDE,0xFF,0x9E,0xF7,
  0xBF,0xFF,0xBE,0xF7,0xBE,0xFF,0x7E,0xF7,0x7D,0xEF,0xDF,0xF7,0x19,0xFE,0x4D,0xDB,0x75,0xED,0x2D,0xE3,0x0C,0xE3,0x9B,0xF6,
  0x59,0xF6,0x2A,0xEA,0x2A,0xF2,0x92,0xF4,0xFC,0xF6,0x1C,0xEF,0x76,0xED,0xAB,0xF2,0xE5,0xE8,0x42,0xE8,0x21,0xE8,0x62,0xE8,
  0x66,0xE9,0x6D,0xEB,0x18,0xF6,0xDF,0xF7,0x1D,0xE7,0xF2,0x39,0x51,0x21,0x91,0x29,0x92,0x29,0x92,0x29,0x92,0x29,0x31,0x21,
  0x1B,0xC6,0xDD,0xDE,0x13,0x63,0x9E,0xF7,0xDF,0xFF,0xBE,0xFF,0x7E,0xEF,0xFF,0xFF,0xFF,0xFF,0xFF,0xFF,0xFF,0xFF,0xFF,0xFF,
  0xFF,0xFF,0xFF,0xFF,0xFF,0xFF,0xFF,0xFF,0xFF,0xFF,0xFF,0xFF,0xFF,0xFF,0xFF,0xFF,0xFF,0xFF,0xFF,0xFF,0xFF,0xFF,0xFF,0xFF,
  0xFF,0xFF,0xFF,0xFF,0xFF,0xFF,0xFF,0xFF,0xFF,0xFF,0xFF,0xFF,0xFF,0xFF,0xFF,0xFF,0xFF,0xFF,0xFF,0xFF,0xFF,0xFF,0xFF,0xFF,
  0xFF,0xFF,0xFF,0xFF,0xFF,0xFF,0xFF,0xFF,0xFF,0xFF,0xFF,0xFF,0x7D,0xF7,0x9E,0xF7,0xFF,0xFF,0x94,0x73,0x1B,0xC6,0xDD,0xD6,
  0x91,0x29,0x92,0x29,0x92,0x29,0x92,0x29,0x92,0x29,0x72,0x29,0xB1,0x31,0xDD,0xDE,0x9D,0xFF,0x49,0xE2,0x21,0xE8,0x42,0xF0,
  0x42,0xE8,0x05,0xE9,0x2D,0xF3,0xD7,0xF5,0x5D,0xF7,0x9A,0xF6,0x10,0xEC,0x86,0xE9,0x83,0xF0,0x83,0xF0,0x00,0xF0,0x87,0xD9,
  0x7D,0xF7,0x1C,0xF7,0xEC,0xE2,0xCB,0xE2,0xB3,0xE4,0x2D,0xDB,0x3D,0xFF,0xBE,0xF7,0x5E,0xEF,0xBE,0xFF,0xBF,0xF7,0xDF,0xFF,
  0x9E,0xF7,0xDF,0xFF,0x9A,0xB5,0x51,0x21,0x31,0x21,0xF6,0x7B,0xFF,0xFF,0x7E,0xEF,0xFF,0xFF,0xD8,0x9C,0x11,0x19,0x92,0x31,
  0x72,0x29,0x71,0x21,0x9C,0xD6,0xBE,0xFF,0x9E,0xF7,0x1D,0xE7,0xF2,0x39,0x51,0x21,0x72,0x42,0x7F,0xEF,0x9E,0xF7,0x7E,0xF7,
  0xBE,0xFF,0x9F,0xF7,0x9E,0xF7,0x7E,0xEF,0x7D,0xEF,0xFF,0xFF,0xCF,0xDB,0xB3,0xEC,0xF0,0xE3,0x0C,0xE3,0xF0,0xE3,0xFF,0xFF,
  0x31,0xEC,0x00,0xE0,0x82,0xF0,0x62,0xE8,0x04,0xE9,0xCB,0xEA,0x96,0xF5,0x5D,0xF7,0xBB,0xF6,0x71,0xEC,0xC8,0xE9,0x63,0xE8,
  0x42,0xF0,0x41,0xE8,0xA3,0xE0,0xB7,0xF5,0xDF,0xF7,0x93,0x4A,0x51,0x21,0x92,0x29,0x92,0x29,0x92,0x29,0x92,0x31,0x31,0x21,
  0x5A,0xAD,0x5E,0xEF,0xF3,0x5A,0x3E,0xE7,0xBE,0xF7,0xDF,0xFF,0xBE,0xFF,0xFF,0xFF,0xFF,0xFF,0xFF,0xFF,0xFF,0xFF,0xFF,0xFF,
  0xFF,0xFF,0xFF,0xFF,0xFF,0xFF,0xFF,0xFF,0xFF,0xFF,0xFF,0xFF,0xFF,0xFF,0xFF,0xFF,0xFF,0xFF,0xFF,0xFF,0xFF,0xFF,0xFF,0xFF,
  0xFF,0xFF,0xFF,0xFF,0xFF,0xFF,0xFF,0xFF,0xFF,0xFF,0xFF,0xFF,0xFF,0xFF,0xFF,0xFF,0xFF,0xFF,0xFF,0xFF,0xFF,0xFF,0xFF,0xFF,
  0xFF,0xFF,0xFF,0xFF,0xFF,0xFF,0xFF,0xFF,0xFF,0xFF,0xFF,0xFF,0x7D,0xF7,0xBE,0xF7,0xFF,0xFF,0x33,0x63,0xBD,0xD6,0x3B,0xC6,
  0x31,0x21,0x92,0x29,0x92,0x29,0x92,0x29,0x92,0x29,0x51,0x21,0x33,0x3A,0x3E,0xEF,0x5D,0xF7,0x0A,0xEA,0x83,0xE8,0x29,0xEA,
  0xD3,0xF4,0x1C,0xF7,0x3D,0xFF,0x14,0xF5,0x49,0xEA,0xC3,0xE8,0x62,0xF0,0x83,0xE8,0x62,0xF0,0x62,0xE8,0x86,0xE1,0x75,0xF5,
  0xBE,0xF7,0xFF,0xF7,0xB2,0xEC,0x29,0xDA,0x8F,0xE3,0xAE,0xDB,0xF4,0xE4,0xDF,0xFF,0x9E,0xF7,0x9E,0xF7,0xDF,0xFF,0xBF,0xF7,
  0x9E,0xF7,0xFF,0xFF,0x7E,0xEF,0x12,0x42,0x32,0x21,0x91,0x29,0x5C,0xC6,0xFF,0xFF,0xFF,0xFF,0xD8,0x9C,0x31,0x21,0x92,0x29,
  0x92,0x29,0xB1,0x29,0x9C,0xD6,0x9E,0xF7,0xFF,0xFF,0xF6,0x7B,0x31,0x19,0x30,0x19,0x78,0x8C,0xFF,0xFF,0x5D,0xF7,0x9E,0xF7,
  0xDF,0xF7,0x7E,0xF7,0x9E,0xF7,0x7D,0xF7,0xBE,0xF7,0xFB,0xF6,0xEC,0xE2,0x35,0xE5,0xEC,0xE2,0xEC,0xDA,0x59,0xF6,0xDF,0xFF,
  0xDC,0xFE,0xAB,0xEA,0xC3,0xE8,0x42,0xF0,0x83,0xE8,0x62,0xF0,0x62,0xE8,0x87,0xE9,0xD0,0xEB,0x7A,0xF6,0x3D,0xF7,0xF8,0xF5,
  0x2D,0xEB,0x25,0xF1,0xC3,0xE0,0x96,0xF5,0xFF,0xFF,0x55,0x6B,0x11,0x19,0xB2,0x29,0x92,0x29,0x92,0x29,0x92,0x29,0x31,0x19,
  0x97,0x94,0xDF,0xFF,0x13,0x63,0xDD,0xDE,0xFF,0xFF,0xFF,0xFF,0x9F,0xFF,0xFF,0xFF,0xFF,0xFF,0xFF,0xFF,0xFF,0xFF,0xFF,0xFF,
  0xFF,0xFF,0xFF,0xFF,0xFF,0xFF,0xFF,0xFF,0xFF,0xFF,0xFF,0xFF,0xFF,0xFF,0xFF,0xFF,0xFF,0xFF,0xFF,0xFF,0xFF,0xFF,0xFF,0xFF,
  0xFF,0xFF,0xFF,0xFF,0xFF,0xFF,0xFF,0xFF,0xFF,0xFF,0xFF,0xFF,0xFF,0xFF,0xFF,0xFF,0xFF,0xFF,0xFF,0xFF,0xFF,0xFF,0xFF,0xFF,
  0xFF,0xFF,0xFF,0xFF,0xFF,0xFF,0xFF,0xFF,0xFF,0xFF,0xFF,0xFF,0xDF,0xFF,0xFF,0xFF,0x9F,0xF7,0x13,0x5B,0x3E,0xE7,0x9A,0xB5,
  0x31,0x21,0xB3,0x29,0x92,0x29,0x92,0x29,0x92,0x29,0x31,0x21,0x93,0x4A,0xBF,0xF7,0xDF,0xFF,0x3C,0xF7,0x9A,0xEE,0x5D,0xF7,
  0xF8,0xF5,0x4E,0xEB,0x26,0xE9,0x62,0xE8,0x82,0xE8,0x63,0xF0,0x62,0xE8,0xE4,0xE8,0x0D,0xEB,0xB7,0xF5,0x3C,0xF7,0xFB,0xF6,
  0x5D,0xF7,0xFF,0xF7,0x3C,0xF7,0xCB,0xE2,0xAB,0xDA,0x11,0xE4,0x4D,0xE3,0xBF,0xF7,0xBF,0xFF,0x9E,0xFF,0x7E,0xF7,0x9E,0xEF,
  0xBE,0xF7,0x9E,0xF7,0xFF,0xFF,0x19,0xA5,0x51,0x29,0x71,0x21,0x12,0x3A,0x7C,0xCE,0xFF,0xFF,0x39,0xA5,0x31,0x19,0xB2,0x29,
  0x72,0x29,0xD1,0x31,0xFD,0xE6,0xFF,0xFF,0xB8,0x94,0x30,0x21,0x72,0x21,0x32,0x42,0xFD,0xDE,0x9E,0xFF,0xBE,0xFF,0x9E,0xF7,
  0x7E,0xEF,0x9F,0xF7,0xBE,0xF7,0x9E,0xF7,0xFF,0xFF,0xD4,0xE4,0xEF,0xE3,0x30,0xEC,0x8A,0xDA,0x11,0xE4,0xDF,0xF7,0x7E,0xF7,
  0xDB,0xEE,0x3C,0xF7,0x7A,0xF6,0x11,0xEC,0x87,0xE9,0x82,0xE8,0x62,0xE8,0x83,0xF0,0x63,0xF0,0xA4,0xE8,0x2A,0xEA,0xF4,0xEC,
  0x1C,0xF7,0xDC,0xF6,0xDB,0xF6,0x9E,0xEF,0xFF,0xFF,0xF6,0x7B,0x10,0x19,0x92,0x29,0x92,0x29,0x92,0x29,0x92,0x29,0x10,0x19,
  0xF5,0x83,0xFF,0xFF,0x34,0x63,0x7C,0xCE,0xFF,0xFF,0x9E,0xF7,0xDF,0xFF,0xFF,0xFF,0xFF,0xFF,0xFF,0xFF,0xFF,0xFF,0xFF,0xFF,
  0xFF,0xFF,0xFF,0xFF,0xFF,0xFF,0xFF,0xFF,0xFF,0xFF,0xFF,0xFF,0xFF,0xFF,0xFF,0xFF,0xFF,0xFF,0xFF,0xFF,0xFF,0xFF,0xFF,0xFF,
  0xFF,0xFF,0xFF,0xFF,0xFF,0xFF,0xFF,0xFF,0xFF,0xFF,0xFF,0xFF,0xFF,0xFF,0xFF,0xFF,0xFF,0xFF,0xFF,0xFF,0xFF,0xFF,0xFF,0xFF,
  0xFF,0xFF,0xFF,0xFF,0xFF,0xFF,0xFF,0xFF,0xFF,0xFF,0xFF,0xFF,0xFF,0xFF,0xFF,0xFF,0x3E,0xE7,0x13,0x63,0x7E,0xEF,0x19,0xA5,
  0x31,0x19,0x92,0x29,0x92,0x29,0x92,0x29,0x92,0x29,0x31,0x21,0xF4,0x5A,0xBF,0xF7,0xDE,0xF7,0x1C,0xF7,0x31,0xEC,0xC8,0xE9,
  0x63,0xE8,0x62,0xE8,0x83,0xF0,0x62,0xF0,0x83,0xE8,0x29,0xEA,0xB3,0xF4,0xDB,0xEE,0xBB,0xF6,0xB3,0xF4,0x29,0xEA,0xC3,0xE8,
  0x4A,0xE2,0xDB,0xF6,0xFF,0xFF,0x14,0xED,0xE7,0xE1,0xAE,0xEB,0x0D,0xE3,0xF8,0xF5,0xDF,0xF7,0x7D,0xEF,0xBE,0xF7,0x9E,0xEF,
  0xBF,0xF7,0x7E,0xF7,0xBE,0xFF,0xFD,0xDE,0xD1,0x31,0x92,0x29,0x72,0x21,0x91,0x31,0x5A,0xA5,0x39,0xA5,0x50,0x21,0x92,0x29,
  0x52,0x21,0x32,0x3A,0x1B,0xC6,0xB6,0x73,0x30,0x21,0xB2,0x31,0x30,0x19,0xD6,0x73,0xFF,0xFF,0xBF,0xFF,0xDF,0xFF,0xDF,0xFF,
  0xFF,0xFF,0xDF,0xFF,0x7E,0xEF,0x9E,0xF7,0x9E,0xFF,0x2D,0xDB,0xB3,0xEC,0xEC,0xDA,0x8A,0xE2,0x59,0xEE,0xFF,0xF7,0x51,0xEC,
  0xC4,0xE0,0x46,0xE9,0x8F,0xEB,0x18,0xF6,0x3C,0xF7,0xB7,0xF5,0x2D,0xEB,0x05,0xE9,0x62,0xE8,0x82,0xE8,0x82,0xE8,0x62,0xE8,
  0x05,0xE9,0x2D,0xEB,0x18,0xF6,0x9E,0xEF,0xFF,0xFF,0x57,0x8C,0x10,0x21,0x92,0x29,0x92,0x29,0x92,0x29,0x93,0x29,0x10,0x19,
  0xB5,0x73,0xFF,0xFF,0x53,0x6B,0x3C,0xCE,0xFF,0xFF,0x7E,0xEF,0xFF,0xFF,0xFF,0xFF,0xFF,0xFF,0xFF,0xFF,0xFF,0xFF,0xFF,0xFF,
  0xFF,0xFF,0xFF,0xFF,0xFF,0xFF,0xFF,0xFF,0xFF,0xFF,0xFF,0xFF,0xFF,0xFF,0xFF,0xFF,0xFF,0xFF,0xFF,0xFF,0xFF,0xFF,0xFF,0xFF,
  0xFF,0xFF,0xFF,0xFF,0xFF,0xFF,0xFF,0xFF,0xFF,0xFF,0xFF,0xFF,0xFF,0xFF,0xFF,0xFF,0xFF,0xFF,0xFF,0xFF,0xFF,0xFF,0xFF,0xFF,
  0xFF,0xFF,0xFF,0xFF,0xFF,0xFF,0xFF,0xFF,0xFF,0xFF,0xFF,0xFF,0xFF,0xFF,0xFF,0xFF,0x1D,0xE7,0x13,0x63,0x9F,0xF7,0xF9,0xA4,
  0x11,0x19,0x92,0x29,0x92,0x29,0x92,0x29,0x92,0x29,0x11,0x19,0x75,0x63,0xDF,0xFF,0x9E,0xFF,0x6A,0xE2,0x21,0xE8,0x83,0xF0,
  0x62,0xF0,0x62,0xE8,0x66,0xF1,0xCF,0xF3,0x39,0xF6,0x1C,0xF7,0xB6,0xF5,0x0C,0xEB,0xE4,0xF0,0x42,0xE8,0xA3,0xE8,0x82,0xF0,
  0x43,0xE0,0x19,0xFE,0xDF,0xF7,0x1C,0xF7,0xAA,0xE2,0x4A,0xEA,0x8E,0xE3,0xF0,0xE3,0xFF,0xFF,0x7E,0xF7,0x9E,0xFF,0x9E,0xF7,
  0x9E,0xF7,0x9E,0xF7,0x1E,0xEF,0x53,0x4A,0x52,0x21,0x31,0x21,0x31,0x21,0x52,0x21,0x71,0x21,0xD2,0x31,0x72,0x31,0x71,0x29,
  0x71,0x21,0xB2,0x29,0xB3,0x31,0x51,0x21,0x52,0x21,0x31,0x21,0x92,0x29,0x31,0x21,0xB8,0x94,0xFF,0xFF,0xDF,0xFF,0xFF,0xFF,
  0xFF,0xFF,0xFF,0xFF,0x7E,0xF7,0xFF,0xFF,0xD7,0xED,0x4D,0xDB,0x51,0xEC,0x09,0xE2,0x31,0xE4,0xDF,0xFF,0x9E,0xF7,0x6A,0xE2,
  0x00,0xE0,0xC4,0xF0,0x62,0xE8,0x82,0xE8,0x08,0xEA,0x93,0xF4,0xBB,0xF6,0xDB,0xF6,0xB4,0xF4,0x29,0xEA,0x83,0xE8,0x42,0xE8,
  0x82,0xF0,0x42,0xE8,0xA3,0xE0,0xD7,0xF5,0xFF,0xFF,0x77,0x8C,0x10,0x19,0x92,0x29,0x92,0x29,0x92,0x29,0x92,0x29,0x10,0x19,
  0x55,0x6B,0xFF,0xFF,0x75,0x6B,0xDA,0xBD,0xFF,0xFF,0x7E,0xEF,0xFF,0xFF,0xFF,0xFF,0xFF,0xFF,0xFF,0xFF,0xFF,0xFF,0xFF,0xFF,
  0xFF,0xFF,0xFF,0xFF,0xFF,0xFF,0xFF,0xFF,0xFF,0xFF,0xFF,0xFF,0xFF,0xFF,0xFF,0xFF,0xFF,0xFF,0xFF,0xFF,0xFF,0xFF,0xFF,0xFF,
  0xFF,0xFF,0xFF,0xFF,0xFF,0xFF,0xFF,0xFF,0xFF,0xFF,0xFF,0xFF,0xFF,0xFF,0xFF,0xFF,0xFF,0xFF,0xFF,0xFF,0xFF,0xFF,0xFF,0xFF,
  0xFF,0xFF,0xFF,0xFF,0xFF,0xFF,0xFF,0xFF,0xFF,0xFF,0xDF,0xFF,0x9E,0xF7,0xFF,0xFF,0xFE,0xE6,0x33,0x63,0xBF,0xF7,0xB7,0x94,
  0x11,0x19,0x92,0x31,0x92,0x29,0x92,0x29,0x92,0x29,0x11,0x19,0x75,0x6B,0xDF,0xFF,0x5D,0xF7,0xE9,0xE1,0x21,0xE8,0xE4,0xE8,
  0xAB,0xF2,0x56,0xF5,0x1C,0xF7,0x59,0xF6,0xF1,0xF3,0xA7,0xE9,0x62,0xF0,0x62,0xE8,0xC4,0xE8,0x83,0xF0,0x42,0xE8,0x05,0xE9,
  0x92,0xEC,0xFF,0xFF,0xBE,0xFF,0xFF,0xFF,0x14,0xED,0x87,0xD9,0x2C,0xEB,0xEC,0xDA,0xBC,0xF6,0xDF,0xFF,0xBE,0xFF,0xBE,0xF7,
  0x9F,0xF7,0xFF,0xFF,0x9F,0xF7,0xB6,0x73,0xD0,0x18,0x17,0x7C,0x78,0x8C,0x71,0x29,0x11,0x21,0x32,0x21,0x91,0x29,0x72,0x29,
  0x92,0x29,0x71,0x29,0x11,0x21,0x11,0x19,0x52,0x4A,0x1A,0xA5,0x53,0x42,0x51,0x21,0x9A,0xAD,0xFF,0xFF,0xBF,0xF7,0xDF,0xFF,
  0xFF,0xFF,0xFF,0xFF,0x7E,0xEF,0xFF,0xFF,0xEF,0xE3,0x31,0xEC,0xEB,0xE2,0x4A,0xDA,0x7A,0xF6,0xDF,0xF7,0xDF,0xFF,0x59,0xEE,
  0x29,0xEA,0x63,0xF0,0x42,0xF0,0xA4,0xF0,0xA4,0xE8,0x41,0xE8,0xC4,0xE8,0xEB,0xEA,0x76,0xF5,0x1C,0xF7,0x59,0xF6,0xEF,0xF3,
  0x66,0xE9,0x62,0xE8,0x83,0xE0,0x96,0xED,0xFF,0xFF,0xD8,0x94,0x30,0x19,0x92,0x29,0x92,0x29,0x92,0x29,0x92,0x29,0x11,0x19,
  0x55,0x6B,0xFF,0xFF,0xB5,0x73,0x9A,0xB5,0xFF,0xFF,0xBF,0xF7,0xFF,0xFF,0xFF,0xFF,0xFF,0xFF,0xFF,0xFF,0xFF,0xFF,0xFF,0xFF,
  0xFF,0xFF,0xFF,0xFF,0xFF,0xFF,0xFF,0xFF,0xFF,0xFF,0xFF,0xFF,0xFF,0xFF,0xFF,0xFF,0xFF,0xFF,0xFF,0xFF,0xFF,0xFF,0xFF,0xFF,
  0xFF,0xFF,0xFF,0xFF,0xFF,0xFF,0xFF,0xFF,0xFF,0xFF,0xFF,0xFF,0xFF,0xFF,0xFF,0xFF,0xFF,0xFF,0xFF,0xFF,0xFF,0xFF,0xFF,0xFF,
  0xFF,0xFF,0xFF,0xFF,0xFF,0xFF,0xFF,0xFF,0xFF,0xFF,0xBF,0xF7,0x5E,0xEF,0xFF,0xFF,0xFE,0xE6,0x33,0x63,0xBF,0xF7,0x97,0x8C,
  0x10,0x19,0x92,0x31,0x92,0x29,0x92,0x29,0xB2,0x29,0x31,0x21,0x75,0x6B,0xDF,0xFF,0xDF,0xFF,0xBB,0xF6,0x96,0xED,0xBA,0xF6,
  0xDB,0xF6,0xD4,0xF4,0x29,0xEA,0xA3,0xE8,0x62,0xE8,0x83,0xF0,0xA4,0xF0,0x62,0xE8,0xA4,0xE8,0x8B,0xEA,0x34,0xF5,0xDB,0xFE,
  0x5A,0xF6,0xD8,0xED,0x9E,0xFF,0xDF,0xF7,0x5D,0xF7,0x8B,0xE2,0x08,0xEA,0xAB,0xE2,0xF4,0xE4,0xFF,0xFF,0xFF,0xFF,0xFF,0xFF,
  0xFF,0xFF,0xDF,0xFF,0xFF,0xFF,0x9E,0xF7,0x78,0xAD,0xDF,0xF7,0xFF,0xFF,0x9C,0xD6,0x37,0x84,0x53,0x42,0x72,0x21,0x92,0x29,
  0x72,0x29,0xB2,0x31,0xF4,0x5A,0x19,0xA5,0x5E,0xEF,0xFF,0xFF,0x7B,0xCE,0x19,0xBE,0xFF,0xFF,0xDF,0xFF,0xFF,0xFF,0xFF,0xFF,
  0xFF,0xFF,0xDF,0xFF,0xBF,0xF7,0xBB,0xF6,0x2C,0xDB,0x11,0xEC,0x86,0xE1,0x10,0xEC,0xBF,0xFF,0xBF,0xEF,0xBB,0xEE,0xF8,0xED,
  0xDB,0xF6,0x18,0xF6,0xAF,0xEB,0x46,0xE9,0x42,0xF0,0x82,0xF0,0xC3,0xE8,0x83,0xF0,0x62,0xE8,0x66,0xE9,0xD0,0xEB,0x59,0xF6,
  0x1C,0xF7,0xD7,0xED,0x18,0xEE,0x7E,0xF7,0xFF,0xFF,0xF8,0x9C,0x30,0x21,0x92,0x29,0x92,0x29,0x92,0x29,0x92,0x29,0x31,0x19,
  0x55,0x6B,0xFF,0xFF,0xB5,0x73,0xBA,0xB5,0xFF,0xFF,0xBF,0xF7,0xFF,0xFF,0xFF,0xFF,0xFF,0xFF,0xFF,0xFF,0xFF,0xFF,0xFF,0xFF,
  0xFF,0xFF,0xFF,0xFF,0xFF,0xFF,0xFF,0xFF,0xFF,0xFF,0xFF,0xFF,0xFF,0xFF,0xFF,0xFF,0xFF,0xFF,0xFF,0xFF,0xFF,0xFF,0xFF,0xFF,
  0xFF,0xFF,0xFF,0xFF,0xFF,0xFF,0xFF,0xFF,0xFF,0xFF,0xFF,0xFF,0xFF,0xFF,0xFF,0xFF,0xFF,0xFF,0xFF,0xFF,0xFF,0xFF,0xFF,0xFF,
  0xFF,0xFF,0xFF,0xFF,0xFF,0xFF,0xFF,0xFF,0xFF,0xFF,0xBF,0xF7,0x5E,0xEF,0xFF,0xFF,0xFE,0xE6,0x33,0x63,0xBF,0xF7,0x19,0x9D,
  0x10,0x19,0x92,0x29,0x92,0x29,0x92,0x29,0x92,0x29,0x31,0x21,0x95,0x6B,0xBF,0xFF,0x9E,0xEF,0xDF,0xF7,0xF8,0xF5,0x4E,0xEB,
  0x05,0xE9,0x42,0xE8,0x83,0xE8,0xC3,0xF0,0x62,0xF0,0x63,0xF0,0xC8,0xE9,0x31,0xF4,0x7A,0xF6,0xBA,0xF6,0xD3,0xF4,0x29,0xF2,
  0xA3,0xE8,0x63,0xE8,0x31,0xEC,0xBF,0xFF,0xDF,0xF7,0x55,0xED,0x25,0xE1,0x8A,0xEA,0x2D,0xDB,0x9E,0xFF,0xFF,0xFF,0xFF,0xFF,
  0xFF,0xFF,0xFF,0xFF,0xFF,0xFF,0xBE,0xF7,0xDE,0xFF,0xDE,0xF7,0x9E,0xF7,0xFF,0xFF,0xFF,0xFF,0x3A,0xC6,0x51,0x21,0x92,0x31,
  0x31,0x21,0xB3,0x52,0xBF,0xFF,0xFF,0xFF,0xFF,0xFF,0x7E,0xF7,0x9E,0xFF,0xDF,0xFF,0x9E,0xEF,0xFF,0xFF,0xFF,0xFF,0xFF,0xFF,
  0xFF,0xFF,0xFF,0xFF,0xFF,0xFF,0xD3,0xE4,0x8E,0xE3,0xCB,0xEA,0xC7,0xE1,0xBA,0xF6,0xFF,0xFF,0x59,0xFE,0x66,0xE9,0x62,0xE8,
  0x66,0xF1,0xAF,0xEB,0x39,0xF6,0xDB,0xF6,0x55,0xED,0xCB,0xEA,0xC4,0xE8,0x62,0xE8,0xA3,0xF0,0xA4,0xE8,0x42,0xF0,0x83,0xE8,
  0x29,0xEA,0xB3,0xF4,0x5D,0xF7,0xDE,0xF7,0xFF,0xFF,0x77,0x94,0x30,0x21,0xB2,0x29,0x92,0x29,0x92,0x29,0x92,0x29,0x31,0x19,
  0x55,0x6B,0xFF,0xFF,0x95,0x73,0xBB,0xB5,0xFF,0xFF,0xBF,0xF7,0xFF,0xFF,0xFF,0xFF,0xFF,0xFF,0xFF,0xFF,0xFF,0xFF,0xFF,0xFF,
  0xFF,0xFF,0xFF,0xFF,0xFF,0xFF,0xFF,0xFF,0xFF,0xFF,0xFF,0xFF,0xFF,0xFF,0xFF,0xFF,0xFF,0xFF,0xFF,0xFF,0xFF,0xFF,0xFF,0xFF,
  0xFF,0xFF,0xFF,0xFF,0xFF,0xFF,0xFF,0xFF,0xFF,0xFF,0xFF,0xFF,0xFF,0xFF,0xFF,0xFF,0xFF,0xFF,0xFF,0xFF,0xFF,0xFF,0xFF,0xFF,
  0xFF,0xFF,0xFF,0xFF,0xFF,0xFF,0xFF,0xFF,0xFF,0xFF,0xDF,0xFF,0x9E,0xF7,0xFF,0xFF,0xFE,0xE6,0x12,0x5B,0x9E,0xF7,0x19,0xA5,
  0x31,0x19,0x92,0x29,0x92,0x29,0x92,0x29,0x92,0x29,0x31,0x21,0x35,0x63,0xBF,0xF7,0xBF,0xFF,0x31,0xF4,0x62,0xE0,0x62,0xF0,
  0xA4,0xF0,0x83,0xF0,0x41,0xE8,0x05,0xE9,0x2D,0xEB,0xF7,0xF5,0x1C,0xF7,0xB7,0xF5,0x2D,0xEB,0xE4,0xE8,0x41,0xE8,0xA3,0xE8,
  0xE3,0xE8,0x00,0xE8,0xCC,0xE2,0xBF,0xFF,0xBF,0xF7,0x7D,0xFF,0x4A,0xEA,0x86,0xE9,0x6A,0xE2,0xD7,0xED,0xFF,0xFF,0xDE,0xFF,
  0xBF,0xFF,0xBE,0xF7,0xDE,0xF7,0xDF,0xFF,0x9E,0xF7,0x7E,0xEF,0xDF,0xFF,0x9E,0xF7,0xDF,0xFF,0x7B,0xD6,0x71,0x29,0xB1,0x31,
  0x31,0x21,0x14,0x63,0xBF,0xFF,0x9E,0xF7,0x9E,0xF7,0xBF,0xFF,0xBF,0xFF,0xDF,0xFF,0xBE,0xF7,0xBE,0xF7,0xBF,0xFF,0xBF,0xF7,
  0xDF,0xFF,0xFF,0xFF,0x7D,0xFF,0x2D,0xDB,0xCF,0xEB,0x25,0xE1,0xF0,0xEB,0xDF,0xF7,0xBE,0xF7,0x97,0xF5,0x22,0xE0,0xC3,0xF0,
  0xA4,0xF0,0x42,0xE8,0x82,0xE8,0x08,0xF2,0x93,0xF4,0xBB,0xEE,0x7A,0xF6,0x71,0xF4,0xE8,0xE9,0x43,0xE8,0x63,0xE8,0xC4,0xE8,
  0xA3,0xE8,0x21,0xE8,0x08,0xEA,0x1B,0xF7,0xFF,0xFF,0x57,0x8C,0x10,0x19,0x92,0x29,0x92,0x29,0x92,0x29,0x92,0x29,0x11,0x19,
  0x95,0x73,0xFF,0xFF,0x54,0x6B,0x1B,0xBE,0xFF,0xFF,0x7E,0xF7,0xDF,0xFF,0xFF,0xFF,0xFF,0xFF,0xFF,0xFF,0xFF,0xFF,0xFF,0xFF,
  0xFF,0xFF,0xFF,0xFF,0xFF,0xFF,0xFF,0xFF,0xFF,0xFF,0xFF,0xFF,0xFF,0xFF,0xFF,0xFF,0xFF,0xFF,0xFF,0xFF,0xFF,0xFF,0xFF,0xFF,
  0xFF,0xFF,0xFF,0xFF,0xFF,0xFF,0xFF,0xFF,0xFF,0xFF,0xFF,0xFF,0xFF,0xFF,0xFF,0xFF,0xFF,0xFF,0xFF,0xFF,0xFF,0xFF,0xFF,0xFF,
  0xFF,0xFF,0xFF,0xFF,0xFF,0xFF,0xFF,0xFF,0xFF,0xFF,0xBE,0xF7,0x9E,0xF7,0xDE,0xF7,0x7E,0xEF,0x13,0x5B,0x5E,0xEF,0x79,0xB5,
  0x31,0x19,0x92,0x29,0x92,0x29,0x92,0x29,0x92,0x29,0x51,0x21,0xB4,0x52,0x9E,0xEF,0xBF,0xFF,0x6A,0xE2,0x00,0xF0,0x62,0xF0,
  0x83,0xF0,0x49,0xEA,0xF4,0xEC,0xBB,0xF6,0x59,0xEE,0x31,0xEC,0x87,0xE9,0x42,0xE8,0x82,0xE8,0xC4,0xE8,0xA3,0xF0,0x62,0xE8,
  0xA3,0xE8,0x8B,0xEA,0xDB,0xF6,0xFF,0xF7,0x9E,0xF7,0xDF,0xF7,0x76,0xF5,0xA3,0xE0,0xA7,0xE9,0xCF,0xEB,0xDF,0xF7,0x7E,0xF7,
  0xBE,0xF7,0x7E,0xF7,0x9D,0xEF,0x7E,0xEF,0x7D,0xF7,0x7D,0xF7,0x9D,0xF7,0xBE,0xF7,0xFF,0xFF,0xBD,0xCE,0x52,0x21,0x93,0x19,
  0x11,0x11,0x55,0x63,0xDF,0xFF,0x9E,0xF7,0x9E,0xFF,0xBE,0xFF,0xFF,0xFF,0xFF,0xFF,0xBF,0xF7,0x5E,0xEF,0x9D,0xEF,0x7D,0xF7,
  0x5D,0xF7,0xFF,0xFF,0xB6,0xED,0xEC,0xE2,0xAC,0xEA,0x46,0xE1,0xDB,0xF6,0xBF,0xF7,0xDF,0xEF,0xFF,0xF7,0x52,0xEC,0x05,0xE9,
  0x42,0xE8,0x82,0xE8,0xE4,0xE8,0xA3,0xE8,0x42,0xE8,0xE3,0xF0,0xEC,0xEA,0x96,0xF5,0xDB,0xF6,0xF7,0xF5,0x6D,0xEB,0x25,0xE9,
  0x62,0xE8,0x42,0xF0,0x84,0xE0,0x39,0xF6,0xFF,0xFF,0x16,0x7C,0x10,0x19,0x92,0x31,0x91,0x29,0x72,0x29,0xB2,0x29,0x11,0x19,
  0xF6,0x7B,0xFF,0xFF,0x34,0x63,0x5B,0xCE,0xFF,0xFF,0x7E,0xF7,0xFF,0xFF,0xFF,0xFF,0xFF,0xFF,0xFF,0xFF,0xFF,0xFF,0xFF,0xFF,
  0xFF,0xFF,0xFF,0xFF,0xFF,0xFF,0xFF,0xFF,0xFF,0xFF,0xFF,0xFF,0xFF,0xFF,0xFF,0xFF,0xFF,0xFF,0xFF,0xFF,0xFF,0xFF,0xFF,0xFF,
  0xFF,0xFF,0xFF,0xFF,0xFF,0xFF,0xFF,0xFF,0xFF,0xFF,0xFF,0xFF,0xFF,0xFF,0xFF,0xFF,0xFF,0xFF,0xFF,0xFF,0xFF,0xFF,0xFF,0xFF,
  0xFF,0xFF,0xFF,0xFF,0xFF,0xFF,0xFF,0xFF,0xFF,0xFF,0xDE,0xF7,0x5E,0xEF,0xBE,0xF7,0xDF,0xFF,0xF2,0x5A,0xFD,0xE6,0x1B,0xC6,
  0x30,0x21,0x92,0x29,0x72,0x29,0x92,0x29,0x92,0x29,0x51,0x21,0x33,0x42,0x7E,0xEF,0xFF,0xFF,0x18,0xF6,0x2D,0xE3,0x10,0xEC,
  0x39,0xF6,0xDB,0xF6,0x15,0xF5,0x69,0xEA,0xA3,0xE8,0x42,0xE8,0xA3,0xF0,0xC3,0xF0,0x62,0xE8,0x42,0xE8,0x86,0xF1,0xF0,0xF3,
  0x58,0xF6,0x79,0xF6,0x92,0xEC,0x52,0xEC,0x3C,0xFF,0x9F,0xF7,0xBE,0xFF,0x6A,0xE2,0xC4,0xF0,0x29,0xE2,0xBA,0xF6,0xDF,0xFF,
  0xBE,0xF7,0x7E,0xF7,0xFF,0xFF,0xFF,0xFF,0xFF,0xFF,0xFF,0xF7,0xDF,0xF7,0x3D,0xEF,0xFB,0xF6,0x19,0xDE,0xB1,0x7A,0x52,0x6A,
  0x11,0x5A,0x35,0x94,0x9E,0xF7,0xBE,0xEF,0xFF,0xF7,0xFF,0xFF,0xFF,0xF7,0xFF,0xFF,0x9E,0xF7,0x9E,0xF7,0xDF,0xF7,0x9E,0xF7,
  0x9E,0xF7,0xDF,0xF7,0xAF,0xE3,0x6D,0xE3,0xE4,0xE0,0xF0,0xEB,0xFF,0xFF,0xBE,0xF7,0x96,0xF5,0xF0,0xEB,0xB7,0xF5,0x9A,0xF6,
  0x35,0xF5,0x8A,0xF2,0xA3,0xE8,0x42,0xF0,0xA3,0xF0,0xA4,0xF0,0x63,0xF0,0x42,0xE8,0x86,0xE9,0xF0,0xF3,0x59,0xF6,0xDB,0xF6,
  0x14,0xED,0x2D,0xE3,0xB3,0xEC,0x7E,0xF7,0xDF,0xFF,0x95,0x6B,0x30,0x19,0x92,0x31,0x92,0x29,0x72,0x29,0x92,0x29,0x30,0x19,
  0x77,0x8C,0xFF,0xFF,0x14,0x63,0xBC,0xD6,0xBE,0xF7,0xBE,0xFF,0xFF,0xFF,0xFF,0xFF,0xFF,0xFF,0xFF,0xFF,0xFF,0xFF,0xFF,0xFF,
  0xFF,0xFF,0xFF,0xFF,0xFF,0xFF,0xFF,0xFF,0xFF,0xFF,0xFF,0xFF,0xFF,0xFF,0xFF,0xFF,0xFF,0xFF,0xFF,0xFF,0xFF,0xFF,0xFF,0xFF,
  0xFF,0xFF,0xFF,0xFF,0xFF,0xFF,0xFF,0xFF,0xFF,0xFF,0xFF,0xFF,0xFF,0xFF,0xFF,0xFF,0xFF,0xFF,0xFF,0xFF,0xFF,0xFF,0xFF,0xFF,
  0xFF,0xFF,0xFF,0xFF,0xFF,0xFF,0xFF,0xFF,0xFF,0xFF,0x9E,0xF7,0x7E,0xF7,0xBE,0xF7,0xDF,0xFF,0x54,0x6B,0x7C,0xCE,0x9C,0xD6,
  0x51,0x21,0x92,0x29,0x72,0x29,0x92,0x29,0x91,0x29,0x72,0x29,0xD2,0x31,0xDD,0xE6,0x9E,0xF7,0xDF,0xF7,0xFF,0xFF,0xF8,0xF5,
  0x6E,0xEB,0x04,0xE9,0x41,0xE8,0x82,0xE8,0xC4,0xF0,0x83,0xE8,0x41,0xF0,0x04,0xE9,0x2D,0xEB,0x96,0xF5,0x9A,0xF6,0x76,0xF5,
  0xCD,0xEA,0xC4,0xE8,0x42,0xF0,0x01,0xE8,0x6E,0xEB,0xBF,0xFF,0xFF,0xFF,0x96,0xF5,0xC3,0xE0,0xC4,0xE8,0xB2,0xF4,0xFF,0xF7,
  0xFF,0xF7,0xFF,0xF7,0x5D,0xF7,0xD8,0xF5,0x51,0xEC,0xEC,0xEA,0x4A,0xEA,0x49,0xEA,0x6A,0xF2,0xCB,0xF2,0x0C,0xF3,0x4C,0xFB,
  0x0D,0xF3,0xCC,0xF2,0xAB,0xF2,0xEC,0xEA,0x6E,0xF3,0x92,0xF4,0xD7,0xED,0x3D,0xEF,0xFF,0xF7,0xFF,0xF7,0xBE,0xF7,0x9D,0xF7,
  0xDF,0xF7,0x9A,0xF6,0x0C,0xDB,0x6A,0xEA,0x05,0xE1,0xDB,0xFE,0xFF,0xFF,0xB7,0xF5,0xA3,0xE0,0x61,0xE8,0x62,0xE8,0xC8,0xE9,
  0x72,0xF4,0x59,0xF6,0x39,0xF6,0x10,0xF4,0xA7,0xE9,0x42,0xE8,0x62,0xE8,0xC4,0xF0,0xA4,0xF0,0x42,0xF0,0x83,0xE8,0x49,0xF2,
  0xF4,0xEC,0x5C,0xF7,0xFF,0xEF,0xDF,0xFF,0xBE,0xF7,0xF4,0x5A,0x31,0x21,0x92,0x29,0x92,0x29,0x92,0x29,0x92,0x29,0x31,0x19,
  0x19,0xA5,0xBF,0xF7,0x13,0x63,0xFE,0xDE,0xDF,0xFF,0x9E,0xF7,0xFF,0xFF,0xFF,0xFF,0xFF,0xFF,0xFF,0xFF,0xFF,0xFF,0xFF,0xFF,
  0xFF,0xFF,0xFF,0xFF,0xFF,0xFF,0xFF,0xFF,0xFF,0xFF,0xFF,0xFF,0xFF,0xFF,0xFF,0xFF,0xFF,0xFF,0xFF,0xFF,0xFF,0xFF,0xFF,0xFF,
  0xFF,0xFF,0xFF,0xFF,0xFF,0xFF,0xFF,0xFF,0xFF,0xFF,0xFF,0xFF,0xFF,0xFF,0xFF,0xFF,0xFF,0xFF,0xFF,0xFF,0xFF,0xFF,0xFF,0xFF,
  0xFF,0xFF,0xFF,0xFF,0xFF,0xFF,0xFF,0xFF,0xDF,0xFF,0x7E,0xEF,0x9E,0xF7,0xFF,0xFF,0xFF,0xFF,0xB5,0x73,0xBB,0xB5,0x3E,0xEF,
  0xB1,0x31,0x72,0x29,0x92,0x29,0x92,0x29,0x91,0x29,0x92,0x29,0x71,0x29,0x3C,0xCE,0xBF,0xFF,0x5E,0xFF,0x4E,0xEB,0x22,0xE8,
  0x62,0xF0,0xC3,0xF0,0xC3,0xE8,0x42,0xF0,0xA3,0xE8,0x29,0xF2,0xB3,0xF4,0x79,0xF6,0xF8,0xF5,0xCF,0xEB,0x66,0xE9,0x42,0xE8,
  0x83,0xE8,0xE4,0xE8,0xE5,0xF0,0x21,0xE0,0x0C,0xEB,0xBF,0xFF,0x7D,0xF7,0x9E,0xFF,0xEC,0xE2,0x62,0xE8,0x6B,0xE2,0x3C,0xFF,
  0x75,0xF5,0xEB,0xEA,0x66,0xE9,0x87,0xE9,0xCC,0xEA,0x72,0xEC,0xB7,0xF5,0xBB,0xF6,0x7D,0xFF,0x7E,0xF7,0x9F,0xEF,0x9E,0xEF,
  0x9E,0xF7,0x5D,0xF7,0xDB,0xF6,0x18,0xF6,0xF4,0xF4,0x8F,0xF3,0x4A,0xF2,0xE8,0xE9,0xCB,0xEA,0xB3,0xEC,0xBA,0xF6,0xDF,0xF7,
  0xFF,0xF7,0xB3,0xEC,0xAB,0xEA,0x04,0xE1,0xAF,0xEB,0xFF,0xFF,0xDF,0xFF,0x75,0xF5,0x62,0xE0,0xC3,0xF0,0xE4,0xE8,0x83,0xF0,
  0x21,0xF0,0xA4,0xE8,0xAB,0xEA,0x54,0xF5,0x9A,0xFE,0x96,0xF5,0x4D,0xEB,0x05,0xF1,0x41,0xE8,0x83,0xF0,0xE4,0xF0,0x83,0xF0,
  0x41,0xE8,0x66,0xE1,0x18,0xF6,0xFF,0xFF,0x5E,0xF7,0x12,0x42,0x72,0x21,0x92,0x29,0x92,0x29,0x92,0x29,0x92,0x29,0x10,0x21,
  0xDB,0xBD,0x3E,0xE7,0xF2,0x5A,0xBF,0xF7,0xDF,0xFF,0x9E,0xF7,0xFF,0xFF,0xFF,0xFF,0xFF,0xFF,0xFF,0xFF,0xFF,0xFF,0xFF,0xFF,
  0xFF,0xFF,0xFF,0xFF,0xFF,0xFF,0xFF,0xFF,0xFF,0xFF,0xFF,0xFF,0xFF,0xFF,0xFF,0xFF,0xFF,0xFF,0xFF,0xFF,0xFF,0xFF,0xFF,0xFF,
  0xFF,0xFF,0xFF,0xFF,0xFF,0xFF,0xFF,0xFF,0xFF,0xFF,0xFF,0xFF,0xFF,0xFF,0xFF,0xFF,0xFF,0xFF,0xFF,0xFF,0xFF,0xFF,0xFF,0xFF,
  0xFF,0xFF,0xFF,0xFF,0xFF,0xFF,0xFF,0xFF,0xFF,0xFF,0x7E,0xEF,0xBF,0xFF,0xDF,0xFF,0xFF,0xFF,0x56,0x8C,0xB8,0x9C,0xDF,0xFF,
  0x31,0x42,0x52,0x29,0x92,0x29,0x92,0x21,0x92,0x29,0x92,0x29,0x30,0x19,0x7A,0xAD,0xFF,0xFF,0x9A,0xFE,0xE4,0xD8,0x83,0xE8,
  0x63,0xE8,0x41,0xE8,0x66,0xF1,0xD0,0xEB,0x18,0xF6,0x7A,0xF6,0xB3,0xF4,0x29,0xEA,0x83,0xE8,0x41,0xE8,0xC3,0xF0,0xE4,0xF0,
  0x83,0xE8,0x62,0xE8,0xE4,0xE8,0xEC,0xEA,0xDB,0xF6,0xFF,0xFF,0x5D,0xF7,0xDF,0xF7,0xD7,0xF5,0xA3,0xE0,0x63,0xF0,0x25,0xE9,
  0x47,0xE9,0x2E,0xEB,0xB7,0xF5,0x7D,0xF7,0xFF,0xFF,0xFF,0xFF,0xFF,0xF7,0xBF,0xF7,0xDF,0xF7,0x7E,0xF7,0xBF,0xFF,0xBE,0xF7,
  0xDF,0xFF,0xDF,0xFF,0xBF,0xF7,0xFF,0xF7,0xFF,0xEF,0xFF,0xF7,0xBF,0xF7,0x9A,0xF6,0x72,0xF4,0x69,0xEA,0x86,0xE9,0x69,0xEA,
  0x92,0xF4,0x0C,0xDB,0x09,0xEA,0x25,0xD9,0xBA,0xF6,0xBE,0xF7,0x9E,0xF7,0x9E,0xF7,0x92,0xEC,0x66,0xE9,0x63,0xF0,0x62,0xE8,
  0xC4,0xF0,0xC4,0xF0,0x83,0xE8,0x42,0xE8,0x46,0xF1,0xAF,0xF3,0xF8,0xF5,0x9A,0xF6,0xF3,0xF4,0x6A,0xEA,0xA3,0xE8,0x62,0xE8,
  0xA4,0xF8,0x01,0xE8,0x51,0xE4,0xFF,0xFF,0x9D,0xD6,0xB1,0x31,0x92,0x29,0x92,0x29,0x92,0x29,0x92,0x29,0x91,0x29,0x50,0x29,
  0xBC,0xDE,0x5C,0xCE,0x54,0x6B,0xFF,0xFF,0x7E,0xF7,0xBF,0xFF,0xFF,0xFF,0xFF,0xFF,0xFF,0xFF,0xFF,0xFF,0xFF,0xFF,0xFF,0xFF,
  0xFF,0xFF,0xFF,0xFF,0xFF,0xFF,0xFF,0xFF,0xFF,0xFF,0xFF,0xFF,0xFF,0xFF,0xFF,0xFF,0xFF,0xFF,0xFF,0xFF,0xFF,0xFF,0xFF,0xFF,
  0xFF,0xFF,0xFF,0xFF,0xFF,0xFF,0xFF,0xFF,0xFF,0xFF,0xFF,0xFF,0xFF,0xFF,0xFF,0xFF,0xFF,0xFF,0xFF,0xFF,0xFF,0xFF,0xFF,0xFF,
  0xFF,0xFF,0xFF,0xFF,0xFF,0xFF,0xFF,0xFF,0xFF,0xFF,0x7E,0xEF,0x9E,0xFF,0x5E,0xEF,0xFF,0xFF,0x39,0xA5,0xF5,0x7B,0xFF,0xFF,
  0xF4,0x5A,0x52,0x21,0x92,0x29,0x92,0x29,0x92,0x29,0x92,0x29,0x31,0x19,0x57,0x84,0xDF,0xFF,0x7E,0xF7,0xEF,0xEB,0x67,0xE9,
  0xCC,0xEA,0x75,0xF5,0xBA,0xF6,0x96,0xF5,0x2D,0xEB,0x05,0xE9,0x21,0xE8,0x82,0xE8,0xE4,0xF0,0xA4,0xF0,0x62,0xE8,0xC3,0xE8,
  0xE8,0xF1,0xF0,0xEB,0x14,0xF5,0x96,0xF5,0x59,0xEE,0x5D,0xF7,0xFF,0xF7,0xFF,0xF7,0xBF,0xFF,0x0C,0xE3,0x08,0xEA,0x35,0xF5,
  0x5D,0xF7,0xFF,0xFF,0xFF,0xF7,0xFF,0xFF,0xDF,0xFF,0xBE,0xFF,0xBF,0xFF,0xBF,0xFF,0xDF,0xFF,0xDF,0xFF,0xFF,0xFF,0xDF,0xFF,
  0xFF,0xFF,0xFF,0xFF,0xDF,0xFF,0xBF,0xFF,0xBF,0xFF,0xBF,0xFF,0xFF,0xFF,0xFF,0xFF,0xFF,0xF7,0xFF,0xF7,0xBA,0xF6,0x10,0xEC,
  0x87,0xE9,0xA3,0xF0,0x00,0xE0,0xF0,0xEB,0xFF,0xFF,0xDF,0xF7,0xDE,0xF7,0xDB,0xF6,0xF7,0xF5,0x35,0xF5,0x72,0xF4,0xCB,0xEA,
  0x25,0xF1,0x82,0xE8,0xA3,0xF0,0xC4,0xE8,0xA3,0xE8,0x41,0xE8,0x82,0xE8,0x09,0xEA,0x92,0xF4,0x79,0xF6,0x39,0xF6,0xF0,0xF3,
  0xC7,0xE9,0x49,0xE2,0x7A,0xF6,0xFF,0xFF,0x9A,0xB5,0x30,0x21,0x92,0x29,0x92,0x29,0x92,0x29,0x92,0x29,0x51,0x21,0xD1,0x39,
  0x7F,0xF7,0x79,0xAD,0xF5,0x7B,0xFF,0xFF,0x7D,0xF7,0x7E,0xF7,0xBE,0xF7,0xFF,0xFF,0xFF,0xFF,0xFF,0xFF,0xFF,0xFF,0xFF,0xFF,
  0xFF,0xFF,0xFF,0xFF,0xFF,0xFF,0xFF,0xFF,0xFF,0xFF,0xFF,0xFF,0xFF,0xFF,0xFF,0xFF,0xFF,0xFF,0xFF,0xFF,0xFF,0xFF,0xFF,0xFF,
  0xFF,0xFF,0xFF,0xFF,0xFF,0xFF,0xFF,0xFF,0xFF,0xFF,0xFF,0xFF,0xFF,0xFF,0xFF,0xFF,0xFF,0xFF,0xFF,0xFF,0xFF,0xFF,0xFF,0xFF,
  0xFF,0xFF,0xFF,0xFF,0xFF,0xFF,0xFF,0xFF,0xDF,0xFF,0x7E,0xEF,0xBE,0xF7,0x7E,0xF7,0xDF,0xFF,0x1B,0xC6,0x33,0x63,0xFF,0xFF,
  0x37,0x84,0x11,0x19,0x92,0x29,0x92,0x29,0x92,0x29,0x92,0x31,0x32,0x21,0x15,0x63,0xBF,0xFF,0x7E,0xEF,0xFF,0xF7,0x9E,0xF7,
  0x19,0xF6,0xF0,0xF3,0xA7,0xE9,0x42,0xE8,0x42,0xE8,0xA4,0xF0,0xE4,0xE8,0xC3,0xE8,0xC3,0xE8,0x66,0xE9,0xCC,0xEA,0x10,0xEC,
  0x10,0xEC,0xCB,0xF2,0x25,0xF1,0x62,0xE8,0xC3,0xE8,0xC7,0xF1,0x6D,0xF3,0x35,0xF5,0x1C,0xF7,0xFF,0xF7,0xFF,0xEF,0xFF,0xF7,
  0x9D,0xF7,0xBF,0xFF,0x7E,0xF7,0x9E,0xFF,0xFF,0xFF,0xFF,0xFF,0xFF,0xFF,0xFF,0xFF,0xFF,0xFF,0xFF,0xFF,0xFF,0xFF,0xFF,0xFF,
  0xFF,0xFF,0xFF,0xFF,0xFF,0xFF,0xFF,0xFF,0xFF,0xFF,0xFF,0xFF,0xFF,0xFF,0xFF,0xFF,0xDE,0xFF,0xBF,0xFF,0xDF,0xF7,0xFF,0xF7,
  0x7E,0xF7,0xD7,0xED,0xF0,0xE3,0xBA,0xF6,0x39,0xEE,0x10,0xF4,0x6A,0xEA,0x05,0xE9,0x63,0xF0,0xC4,0xE8,0x09,0xF2,0x8E,0xF3,
  0x10,0xF4,0x4E,0xEB,0xE8,0xE9,0xE4,0xE8,0x83,0xF0,0xC4,0xF0,0xC4,0xE8,0x82,0xE8,0x41,0xE8,0xE4,0xF0,0xEC,0xEA,0x55,0xED,
  0x1C,0xF7,0xFF,0xF7,0xBF,0xF7,0xDF,0xFF,0x57,0x84,0x11,0x19,0xB3,0x29,0x72,0x29,0x92,0x29,0x92,0x29,0x51,0x21,0x92,0x4A,
  0xFF,0xFF,0x57,0x8C,0xD8,0x94,0xFF,0xFF,0xDF,0xFF,0xBF,0xFF,0xBE,0xF7,0xFF,0xFF,0xFF,0xFF,0xFF,0xFF,0xFF,0xFF,0xFF,0xFF,
  0xFF,0xFF,0xFF,0xFF,0xFF,0xFF,0xFF,0xFF,0xFF,0xFF,0xFF,0xFF,0xFF,0xFF,0xFF,0xFF,0xFF,0xFF,0xFF,0xFF,0xFF,0xFF,0xFF,0xFF,
  0xFF,0xFF,0xFF,0xFF,0xFF,0xFF,0xFF,0xFF,0xFF,0xFF,0xFF,0xFF,0xFF,0xFF,0xFF,0xFF,0xFF,0xFF,0xFF,0xFF,0xFF,0xFF,0xFF,0xFF,
  0xFF,0xFF,0xFF,0xFF,0xFF,0xFF,0xFF,0xFF,0xDF,0xFF,0x7E,0xF7,0x9E,0xEF,0x9E,0xF7,0xBE,0xFF,0x1E,0xE7,0xF3,0x5A,0x9F,0xF7,
  0x7A,0xAD,0x10,0x21,0x92,0x31,0x92,0x29,0x91,0x29,0x92,0x29,0x52,0x29,0xF2,0x39,0x1D,0xDF,0xBE,0xF7,0x1D,0xF7,0x0D,0xEB,
  0x83,0xE8,0x22,0xE8,0x83,0xE8,0xC4,0xF0,0xE4,0xE8,0xC4,0xE8,0xE4,0xE8,0x66,0xF1,0x4A,0xEA,0xAB,0xEA,0x29,0xEA,0x25,0xE9,
  0x62,0xF0,0x42,0xF0,0xC4,0xF0,0xE4,0xE8,0xC3,0xF0,0x82,0xF0,0x42,0xF0,0x83,0xE8,0x45,0xE9,0x4E,0xF3,0xD7,0xF5,0x7E,0xF7,
  0xDF,0xF7,0xBF,0xF7,0x7D,0xEF,0xDE,0xF7,0xFF,0xFF,0xFF,0xFF,0xFF,0xFF,0xFF,0xFF,0xFF,0xFF,0xFF,0xFF,0xFF,0xFF,0xFF,0xFF,
  0xFF,0xFF,0xFF,0xFF,0xFF,0xFF,0xFF,0xFF,0xFF,0xFF,0xFF,0xFF,0xFF,0xFF,0xFF,0xFF,0xBF,0xFF,0xBE,0xF7,0x7D,0xF7,0xDF,0xFF,
  0xFF,0xF7,0x1C,0xF7,0xD3,0xEC,0x29,0xEA,0xA3,0xF0,0x42,0xE8,0x82,0xF0,0xA4,0xF0,0xC4,0xE8,0xC4,0xF0,0x83,0xF0,0x61,0xE8,
  0xC3,0xE8,0xA7,0xF1,0x8A,0xEA,0x8A,0xEA,0xC7,0xE9,0xE4,0xE8,0xC4,0xF0,0xE4,0xE8,0x05,0xF1,0xA3,0xE8,0x62,0xE8,0x42,0xF0,
  0x86,0xE1,0xB7,0xF5,0xBE,0xF7,0xBF,0xFF,0xF4,0x5A,0x31,0x19,0xB2,0x29,0x72,0x29,0x92,0x29,0x92,0x29,0x10,0x19,0xD6,0x73,
  0xFF,0xFF,0x73,0x6B,0xFB,0xBD,0xDF,0xFF,0xBE,0xF7,0x9E,0xF7,0xBE,0xFF,0xFF,0xFF,0xFF,0xFF,0xFF,0xFF,0xFF,0xFF,0xFF,0xFF,
  0xFF,0xFF,0xFF,0xFF,0xFF,0xFF,0xFF,0xFF,0xFF,0xFF,0xFF,0xFF,0xFF,0xFF,0xFF,0xFF,0xFF,0xFF,0xFF,0xFF,0xFF,0xFF,0xFF,0xFF,
  0xFF,0xFF,0xFF,0xFF,0xFF,0xFF,0xFF,0xFF,0xFF,0xFF,0xFF,0xFF,0xFF,0xFF,0xFF,0xFF,0xFF,0xFF,0xFF,0xFF,0xFF,0xFF,0xFF,0xFF,
  0xFF,0xFF,0xFF,0xFF,0xFF,0xFF,0xFF,0xFF,0xFF,0xFF,0xBE,0xF7,0x7E,0xF7,0x9E,0xF7,0xDE,0xF7,0xBF,0xFF,0x14,0x63,0x7C,0xCE,
  0xDD,0xDE,0x91,0x29,0x72,0x31,0x92,0x29,0x91,0x29,0x92,0x29,0x92,0x29,0x30,0x21,0xBB,0xBD,0xFF,0xFF,0xF4,0xEC,0x21,0xE8,
  0xE4,0xF0,0x25,0xE9,0xC4,0xF0,0xC4,0xF0,0xC4,0xE8,0xC3,0xE8,0xE4,0xF0,0x25,0xF1,0xE4,0xE8,0x83,0xF0,0x82,0xF0,0xA3,0xF0,
  0xE4,0xE8,0xE4,0xE8,0xC4,0xE8,0xC4,0xE8,0xC4,0xF0,0xC4,0xE8,0xE4,0xE8,0xC4,0xE8,0xA3,0xF0,0x42,0xF0,0x82,0xE8,0x49,0xEA,
  0x76,0xED,0xDF,0xF7,0xBF,0xEF,0x9E,0xF7,0xFF,0xFF,0xFF,0xFF,0xFF,0xFF,0xFF,0xFF,0xFF,0xFF,0xFF,0xFF,0xFF,0xFF,0xFF,0xFF,
  0xFF,0xFF,0xFF,0xFF,0xFF,0xFF,0xFF,0xFF,0xFF,0xFF,0xFF,0xFF,0xFF,0xFF,0xFF,0xFF,0xDF,0xF7,0x9E,0xF7,0xFF,0xF7,0xDB,0xF6,
  0x8E,0xEB,0xE5,0xE8,0x42,0xE8,0x82,0xE8,0xC3,0xE8,0xE4,0xF0,0xE4,0xF0,0xC4,0xE8,0xC3,0xE8,0xC4,0xE8,0xC4,0xE8,0xC4,0xE8,
  0xC3,0xE8,0x83,0xF0,0x82,0xF0,0xC4,0xE8,0x25,0xE9,0x04,0xF1,0xC3,0xF0,0xC4,0xE8,0xC4,0xF0,0xC3,0xE8,0xE4,0xE8,0x05,0xF1,
  0x42,0xE8,0x4A,0xDA,0xBF,0xFF,0xDD,0xDE,0xF1,0x31,0x72,0x29,0x92,0x29,0x92,0x29,0x72,0x29,0x92,0x29,0x11,0x21,0x39,0xAD,
  0xBF,0xF7,0xF3,0x5A,0xFD,0xE6,0x9E,0xFF,0xBF,0xFF,0x9D,0xF7,0xBE,0xF7,0xFF,0xFF,0xFF,0xFF,0xFF,0xFF,0xFF,0xFF,0xFF,0xFF,
  0xFF,0xFF,0xFF,0xFF,0xFF,0xFF,0xFF,0xFF,0xFF,0xFF,0xFF,0xFF,0xFF,0xFF,0xFF,0xFF,0xFF,0xFF,0xFF,0xFF,0xFF,0xFF,0xFF,0xFF,
  0xFF,0xFF,0xFF,0xFF,0xFF,0xFF,0xFF,0xFF,0xFF,0xFF,0xFF,0xFF,0xFF,0xFF,0xFF,0xFF,0xFF,0xFF,0xFF,0xFF,0xFF,0xFF,0xFF,0xFF,
  0xFF,0xFF,0xFF,0xFF,0xFF,0xFF,0xFF,0xFF,0xFF,0xFF,0xDF,0xFF,0x9E,0xF7,0x9E,0xFF,0xBE,0xF7,0xFF,0xFF,0x16,0x84,0xD7,0x9C,
  0xDF,0xFF,0x52,0x42,0x52,0x29,0x92,0x29,0x92,0x29,0x92,0x29,0x93,0x29,0x11,0x19,0xF6,0x83,0xFF,0xFF,0xD7,0xF5,0xE4,0xE0,
  0x62,0xF0,0x61,0xF0,0xA3,0xF0,0xE4,0xF0,0xE4,0xE8,0xC4,0xF0,0xC3,0xE8,0xA3,0xE8,0xA3,0xF0,0xC4,0xF0,0xC4,0xE8,0xC4,0xE8,
  0xC4,0xE8,0xC4,0xE8,0xC4,0xE8,0xC4,0xE8,0xC4,0xE8,0xC4,0xE8,0xC4,0xE8,0xC4,0xE8,0xC4,0xE8,0xE4,0xF0,0xC4,0xE8,0x63,0xE8,
  0x83,0xE8,0xEC,0xEA,0xDC,0xF6,0xDF,0xF7,0xFF,0xFF,0xFF,0xFF,0xFF,0xFF,0xFF,0xFF,0xFF,0xFF,0xFF,0xFF,0xFF,0xFF,0xFF,0xFF,
  0xFF,0xFF,0xFF,0xFF,0xFF,0xFF,0xFF,0xFF,0xFF,0xFF,0xFF,0xFF,0xFF,0xFF,0xFF,0xFF,0x9E,0xF7,0xBF,0xFF,0xB3,0xF4,0x24,0xE9,
  0x41,0xE8,0xC3,0xF0,0xE4,0xE8,0xC4,0xE8,0xC4,0xE8,0xC4,0xE8,0xC4,0xE8,0xC4,0xE8,0xC4,0xE8,0xC4,0xE8,0xC4,0xE8,0xC4,0xE8,
  0xC4,0xE8,0xC4,0xE8,0xC4,0xE8,0xC4,0xE8,0xA3,0xE8,0xC3,0xE8,0xC4,0xE8,0xE4,0xE8,0xE4,0xF0,0xC3,0xF0,0x62,0xF0,0x62,0xF0,
  0x61,0xE8,0x8E,0xE3,0xFF,0xFF,0x5A,0xAD,0x31,0x21,0x92,0x29,0x72,0x29,0x72,0x29,0x92,0x29,0x72,0x29,0x70,0x29,0xDD,0xDE,
  0x5C,0xCE,0x34,0x63,0xBF,0xF7,0x7E,0xF7,0x9E,0xF7,0x7D,0xF7,0x9E,0xF7,0xFF,0xFF,0xFF,0xFF,0xFF,0xFF,0xFF,0xFF,0xFF,0xFF,
  0xFF,0xFF,0xFF,0xFF,0xFF,0xFF,0xFF,0xFF,0xFF,0xFF,0xFF,0xFF,0xFF,0xFF,0xFF,0xFF,0xFF,0xFF,0xFF,0xFF,0xFF,0xFF,0xFF,0xFF,
  0xFF,0xFF,0xFF,0xFF,0xFF,0xFF,0xFF,0xFF,0xFF,0xFF,0xFF,0xFF,0xFF,0xFF,0xFF,0xFF,0xFF,0xFF,0xFF,0xFF,0xFF,0xFF,0xFF,0xFF,
  0xFF,0xFF,0xFF,0xFF,0xFF,0xFF,0xFF,0xFF,0xFF,0xFF,0xDE,0xF7,0xBE,0xF7,0xDF,0xFF,0xBE,0xF7,0xFF,0xFF,0x99,0xAD,0x74,0x6B,
  0xFF,0xFF,0xB6,0x7B,0x10,0x21,0xB2,0x29,0x92,0x29,0x92,0x29,0x92,0x29,0x51,0x21,0x52,0x4A,0x5E,0xF7,0xDF,0xFF,0x59,0xEE,
  0xF4,0xF4,0x6E,0xF3,0x46,0xE9,0x62,0xE8,0x62,0xE8,0xA3,0xE8,0xE4,0xE8,0xE4,0xE8,0xC4,0xE8,0xC3,0xE8,0xC4,0xF0,0xC4,0xE8,
  0xC4,0xF0,0xC4,0xE8,0xC4,0xE8,0xC4,0xF0,0xC4,0xE8,0xC4,0xE8,0xC4,0xE8,0xC4,0xE8,0xC4,0xE8,0xC4,0xE8,0xC4,0xE8,0xE4,0xE8,
  0xE4,0xF0,0x42,0xE8,0xC8,0xE9,0xBA,0xFE,0xFF,0xFF,0xFF,0xFF,0xFF,0xFF,0xFF,0xFF,0xFF,0xFF,0xFF,0xFF,0xFF,0xFF,0xFF,0xFF,
  0xFF,0xFF,0xFF,0xFF,0xFF,0xFF,0xDF,0xFF,0xFF,0xFF,0xFF,0xFF,0xDF,0xFF,0xFF,0xFF,0xBE,0xFF,0x8F,0xEB,0x42,0xE8,0xA3,0xF0,
  0x05,0xE9,0xC4,0xF0,0xC4,0xF0,0xC4,0xE8,0xC4,0xE8,0xC4,0xE8,0xC4,0xE8,0xC4,0xE8,0xC4,0xE8,0xC4,0xE8,0xC4,0xE8,0xC4,0xE8,
  0xC4,0xE8,0xC4,0xE8,0xC3,0xE8,0xC3,0xE8,0xC4,0xF0,0xE4,0xF0,0xE4,0xE8,0x83,0xE8,0x62,0xE8,0xC4,0xE8,0x6A,0xEA,0x72,0xF4,
  0x96,0xED,0x5D,0xF7,0xFF,0xFF,0x75,0x73,0x11,0x21,0x93,0x29,0x72,0x29,0x71,0x31,0x92,0x29,0x32,0x19,0x73,0x4A,0xFF,0xFF,
  0xB7,0x94,0x56,0x84,0xFF,0xFF,0x7D,0xF7,0xBE,0xFF,0x7E,0xF7,0xBE,0xF7,0xFF,0xFF,0xFF,0xFF,0xFF,0xFF,0xFF,0xFF,0xFF,0xFF,
  0xFF,0xFF,0xFF,0xFF,0xFF,0xFF,0xFF,0xFF,0xFF,0xFF,0xFF,0xFF,0xFF,0xFF,0xFF,0xFF,0xFF,0xFF,0xFF,0xFF,0xFF,0xFF,0xFF,0xFF,
  0xFF,0xFF,0xFF,0xFF,0xFF,0xFF,0xFF,0xFF,0xFF,0xFF,0xFF,0xFF,0xFF,0xFF,0xFF,0xFF,0xFF,0xFF,0xFF,0xFF,0xFF,0xFF,0xFF,0xFF,
  0xFF,0xFF,0xFF,0xFF,0xFF,0xFF,0xFF,0xFF,0xFF,0xFF,0xFF,0xFF,0xFF,0xFF,0xFF,0xFF,0x9E,0xF7,0x9F,0xF7,0xFD,0xDE,0xD3,0x52,
  0x7F,0xF7,0x9B,0xB5,0x30,0x19,0x92,0x31,0x92,0x29,0x91,0x29,0x92,0x31,0x92,0x29,0x50,0x29,0xFB,0xBD,0xFF,0xFF,0xDF,0xF7,
  0xFF,0xF7,0xFF,0xF7,0xDB,0xF6,0xF3,0xF4,0xAB,0xEA,0x05,0xE9,0x62,0xE8,0x62,0xF0,0xA4,0xF0,0xE4,0xE8,0xE4,0xF0,0xC4,0xE8,
  0xC4,0xF0,0xC4,0xF0,0xC4,0xF0,0xC4,0xE8,0xC4,0xE8,0xC4,0xE8,0xC4,0xE8,0xC4,0xE8,0xC4,0xE8,0xC4,0xE8,0xC4,0xE8,0xC3,0xE8,
  0xC4,0xE8,0xE4,0xF0,0x42,0xE8,0x4A,0xEA,0x5D,0xFF,0xDF,0xFF,0x7E,0xF7,0x7E,0xF7,0x9E,0xEF,0xFF,0xFF,0xFF,0xFF,0xFF,0xFF,
  0xFF,0xFF,0xFF,0xFF,0xBF,0xF7,0x7E,0xF7,0x9D,0xF7,0xBE,0xF7,0x7E,0xF7,0xDF,0xF7,0xB3,0xF4,0x42,0xE0,0xC4,0xF0,0xE4,0xF0,
  0xC4,0xF0,0xC4,0xE8,0xC4,0xF0,0xC4,0xE8,0xC4,0xE8,0xC4,0xE8,0xC4,0xE8,0xC4,0xE8,0xC4,0xE8,0xC4,0xE8,0xC4,0xE8,0xC4,0xE8,
  0xC4,0xE8,0xE4,0xE8,0xE4,0xE8,0xC4,0xE8,0xA3,0xF0,0x62,0xE8,0xA3,0xE8,0xC8,0xE9,0xD0,0xF3,0x38,0xF6,0x9D,0xF7,0xFF,0xFF,
  0xFF,0xFF,0x9E,0xF7,0xFD,0xDE,0xF2,0x31,0x72,0x21,0x92,0x29,0x92,0x29,0x72,0x29,0x92,0x31,0x10,0x21,0x17,0x84,0xFF,0xFF,
  0x54,0x63,0xDB,0xB5,0xFF,0xFF,0x7D,0xEF,0x9E,0xF7,0x9E,0xF7,0x7E,0xF7,0xFF,0xFF,0xFF,0xFF,0xFF,0xFF,0xFF,0xFF,0xFF,0xFF,
  0xFF,0xFF,0xFF,0xFF,0xFF,0xFF,0xFF,0xFF,0xFF,0xFF,0xFF,0xFF,0xFF,0xFF,0xFF,0xFF,0xFF,0xFF,0xFF,0xFF,0xFF,0xFF,0xFF,0xFF,
  0xFF,0xFF,0xFF,0xFF,0xFF,0xFF,0xFF,0xFF,0xFF,0xFF,0xFF,0xFF,0xFF,0xFF,0xFF,0xFF,0xFF,0xFF,0xFF,0xFF,0xFF,0xFF,0xFF,0xFF,
  0xFF,0xFF,0xFF,0xFF,0xFF,0xFF,0xFF,0xFF,0xFF,0xFF,0xFF,0xFF,0xFF,0xFF,0xFF,0xFF,0xDF,0xFF,0x9E,0xF7,0xDF,0xFF,0x54,0x6B,
  0xBA,0xBD,0x7F,0xEF,0xF2,0x39,0x71,0x21,0x92,0x29,0x92,0x29,0x92,0x31,0xB3,0x29,0x31,0x21,0xB5,0x73,0xFF,0xFF,0xBE,0xF7,
  0x5D,0xF7,0x7E,0xF7,0xDF,0xF7,0xFF,0xFF,0xDF,0xF7,0x9A,0xF6,0xB3,0xF4,0x8B,0xF2,0x05,0xE9,0x62,0xE8,0x42,0xE8,0xA3,0xF0,
  0xC4,0xE8,0xE4,0xF0,0xC4,0xF0,0xA4,0xF0,0xC4,0xE8,0xC4,0xE8,0xC4,0xE8,0xC4,0xE8,0xC4,0xE8,0xC4,0xE8,0xC4,0xE8,0xC4,0xE8,
  0xC4,0xE8,0xC4,0xE8,0xC4,0xF0,0x83,0xE8,0x75,0xF5,0xDF,0xFF,0x9E,0xF7,0x7E,0xF7,0x9D,0xEF,0xBE,0xF7,0xFF,0xFF,0xFF,0xFF,
  0xFF,0xFF,0xFF,0xFF,0xDF,0xFF,0x9E,0xF7,0x9E,0xF7,0x7E,0xF7,0xDF,0xF7,0x7D,0xFF,0x09,0xE2,0x83,0xE8,0xE4,0xE8,0xC3,0xE8,
  0xC4,0xF0,0xC4,0xE8,0xC4,0xF0,0xC4,0xE8,0xC4,0xE8,0xC4,0xE8,0xC4,0xE8,0xC4,0xE8,0xC4,0xE8,0xC4,0xE8,0xC4,0xE8,0xE4,0xE8,
  0xA3,0xE8,0x63,0xE8,0x42,0xF0,0xA4,0xE8,0xC8,0xE9,0xAF,0xEB,0xD8,0xF5,0x7D,0xF7,0xFF,0xFF,0xDF,0xF7,0x7D,0xF7,0x9E,0xFF,
  0x5D,0xF7,0xFF,0xFF,0x19,0xA5,0x11,0x19,0x93,0x29,0x92,0x29,0x92,0x29,0x72,0x29,0x72,0x31,0x50,0x21,0x5C,0xC6,0x3E,0xEF,
  0xB2,0x52,0x5E,0xEF,0xDE,0xFF,0x9E,0xF7,0x7D,0xEF,0x7D,0xF7,0x9E,0xF7,0xFF,0xFF,0xFF,0xFF,0xFF,0xFF,0xFF,0xFF,0xFF,0xFF,
  0xFF,0xFF,0xFF,0xFF,0xFF,0xFF,0xFF,0xFF,0xFF,0xFF,0xFF,0xFF,0xFF,0xFF,0xFF,0xFF,0xFF,0xFF,0xFF,0xFF,0xFF,0xFF,0xFF,0xFF,
  0xFF,0xFF,0xFF,0xFF,0xFF,0xFF,0xFF,0xFF,0xFF,0xFF,0xFF,0xFF,0xFF,0xFF,0xFF,0xFF,0xFF,0xFF,0xFF,0xFF,0xFF,0xFF,0xFF,0xFF,
  0xFF,0xFF,0xFF,0xFF,0xFF,0xFF,0xFF,0xFF,0xFF,0xFF,0xFF,0xFF,0xFF,0xFF,0xFF,0xFF,0xDF,0xFF,0xFF,0xFF,0xFF,0xFF,0x18,0xA5,
  0xD5,0x73,0xFF,0xFF,0x95,0x6B,0x31,0x19,0x92,0x29,0x72,0x29,0x72,0x29,0x92,0x29,0x72,0x21,0xB1,0x31,0xDD,0xDE,0xFF,0xFF,
  0x7E,0xEF,0x9E,0xFF,0xDF,0xFF,0x7E,0xFF,0xDF,0xFF,0xFF,0xFF,0xFF,0xF7,0xFF,0xF7,0xBA,0xF6,0xD3,0xF4,0xCC,0xEA,0x26,0xE9,
  0x42,0xF0,0x62,0xE8,0xA3,0xE8,0xC4,0xF0,0xE4,0xF0,0xC4,0xE8,0xC4,0xE8,0xC3,0xE8,0xC4,0xE8,0xC4,0xE8,0xC4,0xE8,0xC4,0xE8,
  0xC4,0xE8,0xC4,0xE8,0xC4,0xF0,0x62,0xE0,0x31,0xE4,0xFF,0xFF,0x9E,0xF7,0x7D,0xEF,0x9E,0xF7,0xBF,0xFF,0xFF,0xFF,0xFF,0xFF,
  0xFF,0xFF,0xFF,0xFF,0xFF,0xFF,0x9E,0xF7,0x7E,0xF7,0x7D,0xF7,0xFF,0xFF,0xDA,0xF6,0x05,0xE1,0xC3,0xE8,0xE4,0xE8,0xC4,0xF0,
  0xC4,0xE8,0xC4,0xE8,0xC4,0xF0,0xC4,0xE8,0xC4,0xF0,0xC4,0xE8,0xC4,0xF0,0xE4,0xF0,0xE4,0xE8,0xC3,0xE8,0x62,0xE8,0x42,0xF0,
  0xC4,0xE8,0x08,0xEA,0x10,0xF4,0x18,0xF6,0x5D,0xF7,0xDF,0xF7,0xDF,0xF7,0xBE,0xFF,0x9E,0xF7,0x7E,0xF7,0xBF,0xFF,0x9E,0xF7,
  0x7E,0xEF,0x9E,0xF7,0xB3,0x5A,0x51,0x21,0x92,0x29,0x92,0x29,0x92,0x29,0x91,0x29,0x52,0x21,0x53,0x42,0xDF,0xF7,0x39,0xA5,
  0xD5,0x7B,0xFF,0xFF,0x9F,0xF7,0xBE,0xFF,0x9E,0xFF,0x9E,0xF7,0xDE,0xFF,0xFF,0xFF,0xFF,0xFF,0xFF,0xFF,0xFF,0xFF,0xFF,0xFF,
  0xFF,0xFF,0xFF,0xFF,0xFF,0xFF,0xFF,0xFF,0xFF,0xFF,0xFF,0xFF,0xFF,0xFF,0xFF,0xFF,0xFF,0xFF,0xFF,0xFF,0xFF,0xFF,0xFF,0xFF,
  0xFF,0xFF,0xFF,0xFF,0xFF,0xFF,0xFF,0xFF,0xFF,0xFF,0xFF,0xFF,0xFF,0xFF,0xFF,0xFF,0xFF,0xFF,0xFF,0xFF,0xFF,0xFF,0xFF,0xFF,
  0xFF,0xFF,0xFF,0xFF,0xFF,0xFF,0xFF,0xFF,0xFF,0xFF,0xFF,0xFF,0xFF,0xFF,0xFF,0xFF,0xFF,0xFF,0xFF,0xFF,0xFF,0xFF,0xFD,0xE6,
  0xB2,0x52,0x9E,0xEF,0xDB,0xBD,0x31,0x21,0x93,0x29,0x92,0x29,0x92,0x29,0x72,0x29,0x92,0x29,0x10,0x19,0x78,0x8C,0xFF,0xFF,
  0x7E,0xEF,0x9E,0xF7,0xBF,0xF7,0x7E,0xF7,0x9F,0xF7,0xFF,0xFF,0xDF,0xFF,0xFF,0xFF,0xFF,0xFF,0xFF,0xFF,0xDF,0xF7,0xFB,0xF6,
  0x35,0xF5,0x0C,0xF3,0x46,0xE9,0x82,0xE8,0x42,0xE8,0x83,0xF0,0xC4,0xE8,0xC4,0xF0,0xC4,0xF0,0xC4,0xE8,0xC4,0xE8,0xC4,0xE8,
  0xC4,0xE8,0xC4,0xE8,0xC4,0xF0,0x62,0xE0,0xAF,0xEB,0xDF,0xFF,0xBF,0xF7,0xDE,0xFF,0x9E,0xFF,0xFF,0xFF,0xFF,0xFF,0xFF,0xFF,
  0xFF,0xFF,0xFF,0xFF,0xFF,0xFF,0xBE,0xFF,0x9F,0xF7,0x7E,0xEF,0xFF,0xFF,0x39,0xF6,0xE4,0xE0,0xC3,0xE8,0xC4,0xE8,0xC4,0xE8,
  0xC4,0xE8,0xC4,0xE8,0xC3,0xF0,0xC3,0xE8,0xC4,0xF0,0xE4,0xE8,0xA3,0xF0,0x62,0xE8,0x62,0xE8,0xE4,0xF0,0x4A,0xEA,0x51,0xEC,
  0x79,0xF6,0x9E,0xF7,0xFF,0xFF,0xFF,0xFF,0x9E,0xF7,0x9E,0xF7,0xDF,0xFF,0xBF,0xF7,0x9E,0xF7,0x9D,0xEF,0xBE,0xF7,0x9E,0xF7,
  0xDF,0xFF,0xDB,0xBD,0x50,0x21,0x92,0x29,0x92,0x29,0x92,0x29,0x91,0x29,0x92,0x29,0x10,0x19,0x57,0x8C,0xFF,0xFF,0x34,0x63,
  0xBA,0xB5,0xFF,0xFF,0xFF,0xFF,0xFF,0xFF,0xFF,0xFF,0xFF,0xFF,0xFF,0xFF,0xFF,0xFF,0xFF,0xFF,0xFF,0xFF,0xFF,0xFF,0xFF,0xFF,
  0xFF,0xFF,0xFF,0xFF,0xFF,0xFF,0xFF,0xFF,0xFF,0xFF,0xFF,0xFF,0xFF,0xFF,0xFF,0xFF,0xFF,0xFF,0xFF,0xFF,0xFF,0xFF,0xFF,0xFF,
  0xFF,0xFF,0xFF,0xFF,0xFF,0xFF,0xFF,0xFF,0xFF,0xFF,0xFF,0xFF,0xFF,0xFF,0xFF,0xFF,0xFF,0xFF,0xFF,0xFF,0xFF,0xFF,0xFF,0xFF,
  0xFF,0xFF,0xFF,0xFF,0xFF,0xFF,0xFF,0xFF,0xFF,0xFF,0xFF,0xFF,0xFF,0xFF,0xFF,0xFF,0xFF,0xFF,0xFF,0xFF,0xFF,0xFF,0xFF,0xFF,
  0x74,0x6B,0x79,0xAD,0xDF,0xFF,0x52,0x4A,0x52,0x21,0x92,0x29,0x92,0x29,0x92,0x29,0x92,0x29,0x52,0x21,0xF2,0x39,0x1E,0xE7,
  0xBF,0xFF,0x9F,0xF7,0x9E,0xEF,0xBE,0xF7,0xFF,0xFF,0xFF,0xFF,0xFF,0xFF,0xFF,0xFF,0xFF,0xFF,0xBF,0xFF,0x5D,0xF7,0xFF,0xFF,
  0xFF,0xF7,0xFF,0xF7,0x3D,0xF7,0x55,0xED,0x6E,0xEB,0xA7,0xE9,0xC4,0xF0,0x83,0xE8,0xC3,0xE8,0xC4,0xF0,0xC4,0xE8,0xC4,0xE8,
  0xC4,0xE8,0xC4,0xE8,0xC4,0xF0,0x62,0xE8,0x6F,0xEB,0xDF,0xF7,0xBF,0xF7,0xDE,0xFF,0x7D,0xF7,0xDF,0xFF,0xFF,0xFF,0xFF,0xFF,
  0xFF,0xFF,0xFF,0xFF,0xFF,0xFF,0xFF,0xFF,0x9E,0xF7,0xBF,0xFF,0xFF,0xFF,0x38,0xF6,0xE4,0xE0,0xC3,0xE8,0xC4,0xE8,0xC4,0xE8,
  0xC4,0xE8,0xC4,0xE8,0xC4,0xE8,0xC4,0xE8,0xA3,0xF0,0x82,0xE8,0x26,0xE9,0x8C,0xF2,0x72,0xF4,0x99,0xF6,0xFF,0xF7,0xFF,0xF7,
  0xFF,0xFF,0xBE,0xF7,0xDF,0xFF,0xFF,0xFF,0xFF,0xFF,0xFF,0xFF,0xFF,0xFF,0xBF,0xFF,0x7E,0xF7,0xBE,0xF7,0xBF,0xFF,0xBE,0xF7,
  0xDF,0xFF,0x15,0x63,0x31,0x21,0x92,0x29,0x72,0x29,0x72,0x31,0x91,0x29,0x72,0x29,0x91,0x29,0xDD,0xD6,0xFD,0xDE,0xB2,0x52,
  0x9F,0xF7,0xFF,0xFF,0xFF,0xFF,0xFF,0xFF,0xFF,0xFF,0xFF,0xFF,0xFF,0xFF,0xFF,0xFF,0xFF,0xFF,0xFF,0xFF,0xFF,0xFF,0xFF,0xFF,
  0xFF,0xFF,0xFF,0xFF,0xFF,0xFF,0xFF,0xFF,0xFF,0xFF,0xFF,0xFF,0xFF,0xFF,0xFF,0xFF,0xFF,0xFF,0xFF,0xFF,0xFF,0xFF,0xFF,0xFF,
  0xFF,0xFF,0xFF,0xFF,0xFF,0xFF,0xFF,0xFF,0xFF,0xFF,0xFF,0xFF,0xFF,0xFF,0xFF,0xFF,0xFF,0xFF,0xFF,0xFF,0xFF,0xFF,0xFF,0xFF,
  0xFF,0xFF,0xFF,0xFF,0xFF,0xFF,0xFF,0xFF,0xFF,0xFF,0xFF,0xFF,0xFF,0xFF,0xFF,0xFF,0xFF,0xFF,0xFF,0xFF,0xFF,0xFF,0xFF,0xFF,
  0xBA,0xB5,0x14,0x63,0xFF,0xFF,0x98,0x94,0x30,0x19,0x92,0x29,0x92,0x29,0x72,0x29,0x92,0x29,0x92,0x29,0x11,0x19,0x77,0x8C,
  0xFF,0xFF,0x7E,0xF7,0x9E,0xEF,0xBF,0xF7,0xFF,0xFF,0xFF,0xFF,0xFF,0xFF,0xFF,0xFF,0xFF,0xFF,0xDF,0xFF,0x9E,0xF7,0x9E,0xF7,
  0xBE,0xFF,0xF3,0xEC,0x6A,0xEA,0x6A,0xF2,0x0C,0xEB,0x6D,0xF3,0x0C,0xEB,0x09,0xEA,0x05,0xF1,0xC4,0xF0,0xC4,0xE8,0xC4,0xE8,
  0xC4,0xE8,0xC4,0xE8,0xC4,0xF0,0x82,0xE0,0xAF,0xEB,0xFF,0xFF,0x7E,0xF7,0x9D,0xF7,0x9D,0xEF,0xDE,0xF7,0xFF,0xFF,0xFF,0xFF,
  0xFF,0xFF,0xFF,0xFF,0xFF,0xFF,0xFF,0xFF,0x7E,0xF7,0xBE,0xFF,0xDF,0xFF,0x39,0xF6,0xC4,0xE0,0xC3,0xE8,0xC4,0xE8,0xC4,0xE8,
  0xC4,0xE8,0xC4,0xE8,0xC4,0xE8,0xC4,0xE8,0x66,0xE9,0xCB,0xEA,0x8E,0xEB,0x6D,0xEB,0xAB,0xEA,0x29,0xF2,0xAF,0xEB,0xFB,0xF6,
  0x7E,0xF7,0x7D,0xEF,0xFF,0xFF,0xFF,0xFF,0xFF,0xFF,0xFF,0xFF,0xFF,0xFF,0xBE,0xFF,0x7E,0xF7,0xBF,0xF7,0x5E,0xEF,0xFE,0xFF,
  0xDB,0xBD,0x30,0x21,0x92,0x29,0x92,0x29,0x72,0x31,0x72,0x29,0x92,0x29,0x30,0x21,0x55,0x63,0xFF,0xFF,0x37,0x84,0x56,0x84,
  0xFF,0xFF,0x9E,0xF7,0xFF,0xFF,0xFF,0xFF,0xFF,0xFF,0xFF,0xFF,0xFF,0xFF,0xFF,0xFF,0xFF,0xFF,0xFF,0xFF,0xFF,0xFF,0xFF,0xFF,
  0xFF,0xFF,0xFF,0xFF,0xFF,0xFF,0xFF,0xFF,0xFF,0xFF,0xFF,0xFF,0xFF,0xFF,0xFF,0xFF,0xFF,0xFF,0xFF,0xFF,0xFF,0xFF,0xFF,0xFF,
  0xFF,0xFF,0xFF,0xFF,0xFF,0xFF,0xFF,0xFF,0xFF,0xFF,0xFF,0xFF,0xFF,0xFF,0xFF,0xFF,0xFF,0xFF,0xFF,0xFF,0xFF,0xFF,0xFF,0xFF,
  0xFF,0xFF,0xFF,0xFF,0xFF,0xFF,0xFF,0xFF,0xFF,0xFF,0xFF,0xFF,0xFF,0xFF,0xFF,0xFF,0xFF,0xFF,0xFF,0xFF,0xFF,0xFF,0xDF,0xFF,
  0x9F,0xF7,0xF3,0x5A,0x7C,0xCE,0x3E,0xEF,0xD2,0x39,0x72,0x21,0x92,0x29,0x72,0x29,0x92,0x29,0x92,0x29,0x71,0x21,0xD1,0x31,
  0xFE,0xDE,0xDF,0xFF,0x7E,0xEF,0x9E,0xEF,0xBF,0xF7,0xFF,0xFF,0xFF,0xFF,0xFF,0xFF,0xFF,0xFF,0xDF,0xFF,0x9E,0xF7,0xDF,0xF7,
  0x92,0xEC,0x42,0xE8,0x62,0xF0,0x62,0xE8,0x62,0xF0,0x62,0xF0,0xE4,0xE8,0xA7,0xE9,0x45,0xF1,0xC3,0xF0,0xC4,0xE8,0xC4,0xE8,
  0xC4,0xE8,0xC4,0xE8,0xC4,0xF0,0x62,0xE0,0x10,0xE4,0xFF,0xFF,0xBE,0xFF,0x9E,0xF7,0x9E,0xF7,0xFF,0xFF,0xFF,0xFF,0xFF,0xFF,
  0xFF,0xFF,0xFF,0xFF,0xFF,0xFF,0x9E,0xEF,0x7F,0xEF,0x7E,0xEF,0xFF,0xFF,0x9A,0xFE,0xE4,0xE0,0xA3,0xF0,0xC4,0xE8,0xC4,0xE8,
  0xC4,0xE8,0xC4,0xE8,0xC3,0xE8,0xE4,0xE8,0x87,0xE9,0x66,0xE9,0xA3,0xE8,0x42,0xE8,0x62,0xE8,0x82,0xF0,0x21,0xE8,0x6A,0xE2,
  0x5D,0xFF,0x7E,0xF7,0xBF,0xFF,0xFF,0xFF,0xFF,0xFF,0xFF,0xFF,0xFF,0xFF,0x9E,0xF7,0xBF,0xF7,0xFF,0xFF,0xBE,0xFF,0x9F,0xF7,
  0xD3,0x52,0x31,0x21,0x92,0x29,0x92,0x29,0x92,0x29,0x92,0x29,0x92,0x29,0x30,0x21,0xFB,0xBD,0x9F,0xF7,0x93,0x52,0xBD,0xD6,
  0xBE,0xFF,0xDF,0xFF,0xFF,0xFF,0xFF,0xFF,0xFF,0xFF,0xFF,0xFF,0xFF,0xFF,0xFF,0xFF,0xFF,0xFF,0xFF,0xFF,0xFF,0xFF,0xFF,0xFF,
  0xFF,0xFF,0xFF,0xFF,0xFF,0xFF,0xFF,0xFF,0xFF,0xFF,0xFF,0xFF,0xFF,0xFF,0xFF,0xFF,0xFF,0xFF,0xFF,0xFF,0xFF,0xFF,0xFF,0xFF,
  0xFF,0xFF,0xFF,0xFF,0xFF,0xFF,0xFF,0xFF,0xFF,0xFF,0xFF,0xFF,0xFF,0xFF,0xFF,0xFF,0xFF,0xFF,0xFF,0xFF,0xFF,0xFF,0xFF,0xFF,
  0xFF,0xFF,0xFF,0xFF,0xFF,0xFF,0xFF,0xFF,0xFF,0xFF,0xFF,0xFF,0xFF,0xFF,0xFF,0xFF,0xFF,0xFF,0xFF,0xFF,0xFF,0xFF,0x9E,0xF7,
  0xFF,0xFF,0xF8,0x9C,0x75,0x6B,0xFF,0xFF,0x37,0x84,0x10,0x19,0xB2,0x29,0x72,0x29,0x92,0x29,0x92,0x29,0xB2,0x29,0x31,0x21,
  0xB6,0x73,0xFF,0xFF,0x5E,0xF7,0x9E,0xEF,0x9E,0xF7,0xFF,0xFF,0xFF,0xFF,0xFF,0xFF,0xFF,0xFF,0xFF,0xFF,0xDF,0xFF,0x5D,0xFF,
  0xC8,0xE1,0x83,0xF0,0xE4,0xE8,0xE4,0xE8,0xC4,0xF0,0xC4,0xF0,0xA4,0xF0,0xA3,0xF0,0xA3,0xF0,0xC4,0xE8,0xC4,0xE8,0xC4,0xE8,
  0xC4,0xE8,0xC4,0xE8,0xE4,0xF0,0x82,0xE0,0x92,0xE4,0xFF,0xFF,0xBE,0xFF,0x7D,0xF7,0xBE,0xF7,0xDF,0xFF,0xFF,0xFF,0xFF,0xFF,
  0xFF,0xFF,0xFF,0xFF,0xFF,0xFF,0xDF,0xF7,0xBF,0xF7,0xFF,0xFF,0xDF,0xFF,0xFC,0xF6,0x45,0xE1,0xA3,0xE8,0xC4,0xE8,0xC4,0xE8,
  0xC4,0xE8,0xC4,0xE8,0xC4,0xF0,0xC4,0xE8,0xA3,0xF0,0xA3,0xF0,0xC4,0xE8,0xE4,0xE8,0xC4,0xE8,0xE4,0xE8,0xE4,0xF0,0xA3,0xE0,
  0xD7,0xF5,0xBF,0xF7,0xDF,0xFF,0xFF,0xFF,0xFF,0xFF,0xFF,0xFF,0xFF,0xFF,0xFF,0xFF,0xBF,0xF7,0xBF,0xF7,0xFF,0xFF,0xF9,0xA4,
  0x30,0x21,0x92,0x29,0x92,0x29,0x92,0x29,0x92,0x29,0x92,0x29,0x31,0x21,0xD4,0x5A,0xFF,0xFF,0xF8,0xA4,0x95,0x73,0xFF,0xFF,
  0xDF,0xFF,0xFF,0xFF,0xFF,0xFF,0xFF,0xFF,0xFF,0xFF,0xFF,0xFF,0xFF,0xFF,0xFF,0xFF,0xFF,0xFF,0xFF,0xFF,0xFF,0xFF,0xFF,0xFF,
  0xFF,0xFF,0xFF,0xFF,0xFF,0xFF,0xFF,0xFF,0xFF,0xFF,0xFF,0xFF,0xFF,0xFF,0xFF,0xFF,0xFF,0xFF,0xFF,0xFF,0xFF,0xFF,0xFF,0xFF,
  0xFF,0xFF,0xFF,0xFF,0xFF,0xFF,0xFF,0xFF,0xFF,0xFF,0xFF,0xFF,0xFF,0xFF,0xFF,0xFF,0xFF,0xFF,0xFF,0xFF,0xFF,0xFF,0xFF,0xFF,
  0xFF,0xFF,0xFF,0xFF,0xFF,0xFF,0xFF,0xFF,0xFF,0xFF,0xFF,0xFF,0xFF,0xFF,0xFF,0xFF,0xFF,0xFF,0xFF,0xFF,0xFF,0xFF,0xBF,0xF7,
  0x9E,0xFF,0x5E,0xE7,0x92,0x52,0xDD,0xDE,0x1E,0xE7,0xB2,0x31,0x72,0x29,0x92,0x29,0x92,0x29,0x92,0x29,0x72,0x29,0x92,0x29,
  0x51,0x21,0xDB,0xBD,0xDF,0xFF,0x5E,0xEF,0xFF,0xFF,0xFF,0xFF,0xFF,0xFF,0xFF,0xFF,0xFF,0xFF,0xDF,0xFF,0xBF,0xF7,0x7A,0xF6,
  0x25,0xE1,0xC3,0xF0,0xC4,0xF0,0xC4,0xE8,0xC4,0xE8,0xC3,0xE8,0xC4,0xE8,0xC4,0xF0,0xC4,0xE8,0xC4,0xE8,0xC4,0xE8,0xC4,0xE8,
  0xC4,0xE8,0xC4,0xE8,0xE4,0xF0,0x82,0xE0,0x14,0xED,0xFF,0xFF,0x7D,0xF7,0x7D,0xF7,0x9E,0xF7,0xDF,0xFF,0xFF,0xFF,0xFF,0xFF,
  0xFF,0xFF,0xFF,0xFF,0xFF,0xFF,0xBE,0xFF,0xBE,0xF7,0xBE,0xFF,0xBE,0xF7,0x1C,0xF7,0xA7,0xE9,0xA3,0xE8,0xC4,0xE8,0xC4,0xE8,
  0xC4,0xE8,0xC4,0xE8,0xC4,0xE8,0xC4,0xE8,0xC4,0xE8,0xC4,0xE8,0xC4,0xE8,0xC3,0xE8,0xC4,0xE8,0xC4,0xE8,0xC4,0xF0,0x62,0xE8,
  0xB3,0xEC,0xFF,0xFF,0xDF,0xFF,0xFF,0xFF,0xFF,0xFF,0xFF,0xFF,0xFF,0xFF,0xFF,0xFF,0x7E,0xEF,0xDF,0xFF,0x1E,0xE7,0xD2,0x39,
  0x52,0x29,0x92,0x29,0x92,0x29,0x92,0x29,0x72,0x29,0x92,0x29,0x31,0x21,0xDA,0xBD,0xDF,0xF7,0xB2,0x52,0x5B,0xCE,0xBE,0xFF,
  0xDF,0xFF,0xFF,0xFF,0xFF,0xFF,0xFF,0xFF,0xFF,0xFF,0xFF,0xFF,0xFF,0xFF,0xFF,0xFF,0xFF,0xFF,0xFF,0xFF,0xFF,0xFF,0xFF,0xFF,
  0xFF,0xFF,0xFF,0xFF,0xFF,0xFF,0xFF,0xFF,0xFF,0xFF,0xFF,0xFF,0xFF,0xFF,0xFF,0xFF,0xFF,0xFF,0xFF,0xFF,0xFF,0xFF,0xFF,0xFF,
  0xFF,0xFF,0xFF,0xFF,0xFF,0xFF,0xFF,0xFF,0xFF,0xFF,0xFF,0xFF,0xFF,0xFF,0xFF,0xFF,0xFF,0xFF,0xFF,0xFF,0xFF,0xFF,0xFF,0xFF,
  0xFF,0xFF,0xFF,0xFF,0xFF,0xFF,0xFF,0xFF,0xFF,0xFF,0xFF,0xFF,0xFF,0xFF,0xFF,0xFF,0xFF,0xFF,0xFF,0xFF,0xDF,0xFF,0x9E,0xF7,
  0x9E,0xEF,0xFF,0xFF,0xB8,0x9C,0x95,0x73,0xFF,0xFF,0x78,0x8C,0x11,0x21,0xB3,0x29,0x92,0x29,0x92,0x29,0x92,0x29,0x92,0x29,
  0x51,0x21,0x53,0x42,0x5E,0xE7,0x9E,0xF7,0xDF,0xFF,0xFF,0xFF,0xFF,0xFF,0xFF,0xFF,0xFF,0xFF,0xBE,0xFF,0xDF,0xFF,0xB7,0xF5,
  0xC3,0xD8,0xC4,0xE8,0xC4,0xF0,0xC4,0xE8,0xC4,0xE8,0xC4,0xE8,0xC3,0xE8,0xC4,0xE8,0xC4,0xE8,0xC4,0xE8,0xC4,0xE8,0xC4,0xE8,
  0xC4,0xE8,0xC4,0xE8,0xC4,0xF0,0xA4,0xE0,0x96,0xED,0xFF,0xFF,0x7E,0xF7,0x7D,0xF7,0xBF,0xF7,0xFF,0xFF,0xFF,0xFF,0xFF,0xFF,
  0xFF,0xFF,0xFF,0xFF,0xFF,0xFF,0xDF,0xFF,0xBE,0xF7,0x9E,0xF7,0xFF,0xFF,0x9D,0xFF,0x29,0xE2,0x82,0xE8,0xC4,0xE8,0xC4,0xE8,
  0xC4,0xE8,0xC4,0xE8,0xC4,0xE8,0xC4,0xE8,0xC4,0xE8,0xC4,0xE8,0xC4,0xE8,0xC4,0xE8,0xC4,0xE8,0xC4,0xF0,0xE4,0xF0,0x62,0xE8,
  0xF0,0xEB,0xFF,0xFF,0xDF,0xFF,0xFF,0xFF,0xFF,0xFF,0xFF,0xFF,0xFF,0xFF,0xBF,0xFF,0xDF,0xFF,0xDF,0xFF,0x75,0x6B,0x11,0x19,
  0xB2,0x29,0x72,0x29,0x91,0x29,0x92,0x29,0x92,0x29,0x31,0x21,0x14,0x5B,0xFF,0xFF,0x19,0xA5,0x95,0x73,0xFF,0xFF,0x9E,0xF7,
  0x9E,0xF7,0xDF,0xFF,0xFF,0xFF,0xFF,0xFF,0xFF,0xFF,0xFF,0xFF,0xFF,0xFF,0xFF,0xFF,0xFF,0xFF,0xFF,0xFF,0xFF,0xFF,0xFF,0xFF,
  0xFF,0xFF,0xFF,0xFF,0xFF,0xFF,0xFF,0xFF,0xFF,0xFF,0xFF,0xFF,0xFF,0xFF,0xFF,0xFF,0xFF,0xFF,0xFF,0xFF,0xFF,0xFF,0xFF,0xFF,
  0xFF,0xFF,0xFF,0xFF,0xFF,0xFF,0xFF,0xFF,0xFF,0xFF,0xFF,0xFF,0xFF,0xFF,0xFF,0xFF,0xFF,0xFF,0xFF,0xFF,0xFF,0xFF,0xFF,0xFF,
  0xFF,0xFF,0xFF,0xFF,0xFF,0xFF,0xFF,0xFF,0xFF,0xFF,0xFF,0xFF,0xFF,0xFF,0xFF,0xFF,0xFF,0xFF,0xFF,0xFF,0xDF,0xFF,0xBE,0xFF,
  0x9E,0xEF,0x9E,0xF7,0x7E,0xF7,0x92,0x52,0x7C,0xCE,0x7E,0xEF,0x12,0x42,0x51,0x21,0x92,0x29,0x92,0x29,0x72,0x29,0x72,0x29,
  0x92,0x29,0x31,0x19,0xD6,0x73,0xFF,0xFF,0xBE,0xF7,0xFF,0xFF,0xFF,0xFF,0xFF,0xFF,0xFF,0xFF,0xFF,0xFF,0xFF,0xFF,0xF4,0xF4,
  0x82,0xE0,0xE4,0xE8,0xC4,0xF0,0xC4,0xF0,0xC4,0xE8,0xC4,0xE8,0xC4,0xE8,0xC4,0xE8,0xC4,0xE8,0xC4,0xE8,0xC4,0xE8,0xC4,0xE8,
  0xC4,0xE8,0xC4,0xE8,0xC3,0xF0,0xE5,0xE0,0x59,0xF6,0xFF,0xFF,0x9E,0xF7,0xBE,0xF7,0xBF,0xF7,0xFF,0xFF,0xFF,0xFF,0xFF,0xFF,
  0xFF,0xFF,0xFF,0xFF,0xFF,0xFF,0xDE,0xF7,0x9E,0xEF,0xBF,0xFF,0xDF,0xF7,0xBF,0xFF,0xCB,0xDA,0x62,0xE8,0xC4,0xE8,0xC4,0xE8,
  0xC4,0xE8,0xC4,0xE8,0xC4,0xE8,0xC4,0xE8,0xC4,0xE8,0xC4,0xE8,0xC4,0xE8,0xC4,0xE8,0xC4,0xF0,0xC4,0xF0,0xE4,0xE8,0x62,0xE8,
  0x6E,0xEB,0xFF,0xFF,0xFF,0xFF,0xFF,0xFF,0xFF,0xFF,0xFF,0xFF,0xFF,0xFF,0x9E,0xF7,0xFF,0xFF,0x59,0xA5,0x31,0x21,0x92,0x31,
  0x72,0x29,0x92,0x29,0x91,0x29,0x92,0x29,0x92,0x29,0x71,0x21,0x5B,0xC6,0x9F,0xF7,0x92,0x52,0x5C,0xCE,0xDE,0xFF,0x7E,0xF7,
  0x9E,0xEF,0xDF,0xFF,0xFF,0xFF,0xFF,0xFF,0xFF,0xFF,0xFF,0xFF,0xFF,0xFF,0xFF,0xFF,0xFF,0xFF,0xFF,0xFF,0xFF,0xFF,0xFF,0xFF,
  0xFF,0xFF,0xFF,0xFF,0xFF,0xFF,0xFF,0xFF,0xFF,0xFF,0xFF,0xFF,0xFF,0xFF,0xFF,0xFF,0xFF,0xFF,0xFF,0xFF,0xFF,0xFF,0xFF,0xFF,
  0xFF,0xFF,0xFF,0xFF,0xFF,0xFF,0xFF,0xFF,0xFF,0xFF,0xFF,0xFF,0xFF,0xFF,0xFF,0xFF,0xFF,0xFF,0xFF,0xFF,0xFF,0xFF,0xFF,0xFF,
  0xFF,0xFF,0xFF,0xFF,0xFF,0xFF,0xFF,0xFF,0xFF,0xFF,0xFF,0xFF,0xFF,0xFF,0xFF,0xFF,0xFF,0xFF,0xFF,0xFF,0xDF,0xFF,0xBE,0xFF,
  0xBE,0xEF,0x9E,0xF7,0xFF,0xFF,0x3A,0xA5,0xF4,0x62,0xFF,0xFF,0x59,0xAD,0x10,0x21,0x92,0x29,0x72,0x29,0x72,0x29,0x91,0x29,
  0x72,0x29,0x93,0x29,0x30,0x21,0x39,0xA5,0xFF,0xFF,0xDE,0xFF,0xDF,0xFF,0xBE,0xF7,0xBE,0xF7,0xBF,0xFF,0xFF,0xFF,0x72,0xEC,
  0x62,0xE8,0xE4,0xF0,0xC4,0xE8,0xC4,0xE8,0xC4,0xE8,0xC4,0xE8,0xC4,0xE8,0xC4,0xE8,0xC4,0xE8,0xC4,0xE8,0xC4,0xE8,0xC4,0xE8,
  0xC4,0xE8,0xC4,0xE8,0xA3,0xE8,0x45,0xE1,0xFC,0xFE,0xDF,0xFF,0xBE,0xFF,0xDF,0xF7,0x7E,0xF7,0xBE,0xFF,0xFF,0xFF,0xFF,0xFF,
  0xFF,0xFF,0xFF,0xFF,0xFF,0xFF,0x9E,0xEF,0x7E,0xF7,0x7E,0xF7,0xBF,0xF7,0xBF,0xFF,0x6E,0xE3,0x62,0xE8,0xE4,0xE8,0xC4,0xE8,
  0xC4,0xF0,0xC4,0xE8,0xC4,0xE8,0xC4,0xE8,0xC4,0xE8,0xC4,0xE8,0xC4,0xE8,0xC4,0xE8,0xC4,0xF0,0xC4,0xF0,0xE4,0xE8,0x62,0xE8,
  0xCC,0xE2,0xBE,0xFF,0xBE,0xFF,0xBE,0xF7,0xBF,0xF7,0xBF,0xFF,0x9E,0xEF,0xDF,0xFF,0x7B,0xD6,0x91,0x31,0x72,0x29,0x72,0x31,
  0x72,0x29,0x92,0x29,0x72,0x29,0xB2,0x29,0x10,0x19,0xF7,0x7B,0xFF,0xFF,0x57,0x8C,0xD5,0x7B,0xFF,0xFF,0x9E,0xF7,0x9E,0xF7,
  0x9E,0xF7,0xFF,0xFF,0xFF,0xFF,0xFF,0xFF,0xFF,0xFF,0xFF,0xFF,0xFF,0xFF,0xFF,0xFF,0xFF,0xFF,0xFF,0xFF,0xFF,0xFF,0xFF,0xFF,
  0xFF,0xFF,0xFF,0xFF,0xFF,0xFF,0xFF,0xFF,0xFF,0xFF,0xFF,0xFF,0xFF,0xFF,0xFF,0xFF,0xFF,0xFF,0xFF,0xFF,0xFF,0xFF,0xFF,0xFF,
  0xFF,0xFF,0xFF,0xFF,0xFF,0xFF,0xFF,0xFF,0xFF,0xFF,0xFF,0xFF,0xFF,0xFF,0xFF,0xFF,0xFF,0xFF,0xFF,0xFF,0xFF,0xFF,0xFF,0xFF,
  0xFF,0xFF,0xFF,0xFF,0xFF,0xFF,0xFF,0xFF,0xFF,0xFF,0xFF,0xFF,0xFF,0xFF,0xFF,0xFF,0xFF,0xFF,0xFF,0xFF,0xFF,0xFF,0xDE,0xFF,
  0x9D,0xEF,0x7E,0xEF,0xDF,0xFF,0xDF,0xFF,0xF3,0x5A,0x5A,0xAD,0xFF,0xFF,0x15,0x63,0x31,0x19,0x92,0x31,0x72,0x29,0x91,0x29,
  0x92,0x29,0x92,0x29,0x72,0x29,0x71,0x29,0x3C,0xC6,0xFF,0xFF,0x9D,0xF7,0x9E,0xF7,0x5E,0xEF,0x7E,0xF7,0xFF,0xF7,0xCF,0xEB,
  0x62,0xE8,0xC4,0xF0,0xC4,0xE8,0xC4,0xE8,0xC4,0xE8,0xC4,0xE8,0xC4,0xE8,0xC4,0xE8,0xC4,0xE8,0xC4,0xE8,0xC4,0xE8,0xC4,0xE8,
  0xC4,0xE8,0xC4,0xE8,0xA3,0xE8,0xE8,0xE1,0x3D,0xFF,0x9E,0xF7,0x9E,0xF7,0x7D,0xF7,0x7E,0xF7,0xBE,0xFF,0xFF,0xFF,0xFF,0xFF,
  0xFF,0xFF,0xFF,0xFF,0xFF,0xFF,0x9E,0xF7,0x9D,0xF7,0xBF,0xFF,0x9E,0xFF,0xDF,0xFF,0x52,0xEC,0x62,0xE8,0xE4,0xF0,0xC3,0xE8,
  0xC4,0xF0,0xC4,0xE8,0xC4,0xF0,0xC4,0xE8,0xC4,0xE8,0xC4,0xE8,0xC4,0xE8,0xC4,0xE8,0xC4,0xF0,0xC4,0xF0,0xC4,0xE8,0x82,0xF0,
  0x49,0xE2,0x7E,0xFF,0x7E,0xF7,0xBE,0xF7,0x7E,0xEF,0x5E,0xEF,0xBD,0xF7,0x3D,0xE7,0x52,0x42,0x32,0x21,0x92,0x29,0x72,0x29,
  0x92,0x29,0x92,0x29,0x91,0x29,0x52,0x21,0x12,0x3A,0x7E,0xEF,0xDD,0xDE,0x52,0x4A,0x1D,0xE7,0xFF,0xFF,0xDE,0xF7,0x9E,0xEF,
  0x7E,0xF7,0xFF,0xFF,0xFF,0xFF,0xFF,0xFF,0xFF,0xFF,0xFF,0xFF,0xFF,0xFF,0xFF,0xFF,0xFF,0xFF,0xFF,0xFF,0xFF,0xFF,0xFF,0xFF,
  0xFF,0xFF,0xFF,0xFF,0xFF,0xFF,0xFF,0xFF,0xFF,0xFF,0xFF,0xFF,0xFF,0xFF,0xFF,0xFF,0xFF,0xFF,0xFF,0xFF,0xFF,0xFF,0xFF,0xFF,
  0xFF,0xFF,0xFF,0xFF,0xFF,0xFF,0xFF,0xFF,0xFF,0xFF,0xFF,0xFF,0xFF,0xFF,0xFF,0xFF,0xFF,0xFF,0xFF,0xFF,0xFF,0xFF,0xFF,0xFF,
  0xFF,0xFF,0xFF,0xFF,0xFF,0xFF,0xFF,0xFF,0xFF,0xFF,0xFF,0xFF,0xFF,0xFF,0xFF,0xFF,0xFF,0xFF,0xFF,0xFF,0xFF,0xFF,0xDF,0xFF,
  0x9E,0xF7,0xBF,0xFF,0x9E,0xF7,0xFF,0xFF,0x5C,0xCE,0x72,0x4A,0x7F,0xEF,0xFD,0xDE,0xD1,0x31,0x72,0x21,0x92,0x29,0x92,0x29,
  0x72,0x31,0x72,0x29,0x92,0x29,0x52,0x21,0xF2,0x39,0xDD,0xDE,0xDF,0xFF,0x7E,0xF7,0x7E,0xEF,0xBE,0xF7,0xDF,0xFF,0x0D,0xE3,
  0x62,0xE8,0xC4,0xF0,0xC4,0xE8,0xC4,0xE8,0xC4,0xE8,0xC4,0xE8,0xC4,0xE8,0xC4,0xE8,0xC4,0xE8,0xC4,0xE8,0xC4,0xE8,0xC4,0xE8,
  0xC4,0xE8,0xC4,0xE8,0x62,0xE8,0xAB,0xE2,0x9F,0xFF,0xBE,0xF7,0x7E,0xF7,0x7E,0xF7,0xBE,0xF7,0xFF,0xFF,0xFF,0xFF,0xFF,0xFF,
  0xFF,0xFF,0xFF,0xFF,0xFF,0xFF,0xBE,0xF7,0x9D,0xF7,0x7E,0xEF,0x9E,0xFF,0xFF,0xFF,0x14,0xED,0x62,0xE8,0xC4,0xF0,0xC4,0xF0,
  0xE4,0xE8,0xC4,0xE8,0xC4,0xE8,0xC4,0xE8,0xC4,0xE8,0xC4,0xE8,0xC4,0xE8,0xC4,0xE8,0xC4,0xE8,0xC4,0xF0,0xC4,0xE8,0x83,0xF0,
  0xA8,0xD9,0x3D,0xFF,0xDF,0xF7,0xBF,0xF7,0x9E,0xF7,0xDF,0xFF,0xBF,0xF7,0xF4,0x5A,0x31,0x21,0x92,0x31,0x92,0x29,0x92,0x29,
  0x91,0x29,0x92,0x29,0x93,0x29,0x31,0x21,0x9A,0xB5,0xFF,0xFF,0x14,0x5B,0xF8,0x9C,0xFF,0xFF,0x7D,0xF7,0xBF,0xFF,0x9E,0xF7,
  0x7E,0xF7,0xDF,0xFF,0xFF,0xFF,0xFF,0xFF,0xFF,0xFF,0xFF,0xFF,0xFF,0xFF,0xFF,0xFF,0xFF,0xFF,0xFF,0xFF,0xFF,0xFF,0xFF,0xFF,
  0xFF,0xFF,0xFF,0xFF,0xFF,0xFF,0xFF,0xFF,0xFF,0xFF,0xFF,0xFF,0xFF,0xFF,0xFF,0xFF,0xFF,0xFF,0xFF,0xFF,0xFF,0xFF,0xFF,0xFF,
  0xFF,0xFF,0xFF,0xFF,0xFF,0xFF,0xFF,0xFF,0xFF,0xFF,0xFF,0xFF,0xFF,0xFF,0xFF,0xFF,0xFF,0xFF,0xFF,0xFF,0xFF,0xFF,0xFF,0xFF,
  0xFF,0xFF,0xFF,0xFF,0xFF,0xFF,0xFF,0xFF,0xFF,0xFF,0xFF,0xFF,0xFF,0xFF,0xFF,0xFF,0xFF,0xFF,0xFF,0xFF,0xFF,0xFF,0xBF,0xF7,
  0xDF,0xFF,0xFF,0xFF,0xBF,0xF7,0xFF,0xFF,0xFF,0xFF,0x57,0x8C,0x95,0x73,0xFF,0xFF,0x39,0xAD,0x30,0x21,0x92,0x31,0x92,0x29,
  0x72,0x29,0x72,0x29,0x72,0x29,0x92,0x29,0x31,0x21,0x73,0x4A,0x3E,0xE7,0xFF,0xFF,0xBE,0xF7,0xDF,0xF7,0x9F,0xFF,0x8A,0xDA,
  0x62,0xE8,0xE4,0xF0,0xC4,0xF0,0xC4,0xF0,0xC4,0xE8,0xC4,0xE8,0xC4,0xE8,0xC4,0xE8,0xC4,0xE8,0xC4,0xF0,0xC4,0xF0,0xC4,0xE8,
  0xC4,0xE8,0xE4,0xE8,0x62,0xE8,0x6E,0xE3,0xBF,0xFF,0xBF,0xF7,0x9E,0xF7,0x9E,0xF7,0x9E,0xF7,0xDF,0xFF,0xFF,0xFF,0xFF,0xFF,
  0xFF,0xFF,0xFF,0xFF,0xFF,0xFF,0xBE,0xFF,0xDF,0xFF,0xFF,0xFF,0xDF,0xFF,0xFF,0xFF,0xF7,0xF5,0xE4,0xE8,0xA4,0xF0,0xC4,0xE8,
  0xE4,0xE8,0xC4,0xE8,0xC4,0xE8,0xC4,0xE8,0xC4,0xE8,0xC4,0xE8,0xC4,0xE8,0xC4,0xE8,0xC4,0xE8,0xC4,0xF0,0xE4,0xE8,0xA4,0xF0,
  0x66,0xE1,0xDB,0xFE,0xFF,0xFF,0x9E,0xF7,0xDF,0xFF,0xBF,0xF7,0x75,0x6B,0x11,0x19,0x92,0x29,0x92,0x29,0x92,0x29,0x92,0x29,
  0x92,0x29,0x92,0x29,0x10,0x21,0xD6,0x7B,0xFF,0xFF,0x19,0x9D,0x34,0x63,0xFF,0xFF,0xDF,0xFF,0xFF,0xFF,0x9F,0xF7,0xDF,0xF7,
  0xDF,0xFF,0xDF,0xFF,0xFF,0xFF,0xFF,0xFF,0xFF,0xFF,0xFF,0xFF,0xFF,0xFF,0xFF,0xFF,0xFF,0xFF,0xFF,0xFF,0xFF,0xFF,0xFF,0xFF,
  0xFF,0xFF,0xFF,0xFF,0xFF,0xFF,0xFF,0xFF,0xFF,0xFF,0xFF,0xFF,0xFF,0xFF,0xFF,0xFF,0xFF,0xFF,0xFF,0xFF,0xFF,0xFF,0xFF,0xFF,
  0xFF,0xFF,0xFF,0xFF,0xFF,0xFF,0xFF,0xFF,0xFF,0xFF,0xFF,0xFF,0xFF,0xFF,0xFF,0xFF,0xFF,0xFF,0xFF,0xFF,0xFF,0xFF,0xFF,0xFF,
  0xFF,0xFF,0xFF,0xFF,0xFF,0xFF,0xFF,0xFF,0xFF,0xFF,0xFF,0xFF,0xFF,0xFF,0xFF,0xFF,0xFF,0xFF,0xFF,0xFF,0xFF,0xFF,0xFF,0xFF,
  0xFF,0xFF,0xFF,0xFF,0xFF,0xFF,0xFF,0xFF,0xDF,0xFF,0xBF,0xF7,0xB3,0x52,0x59,0xAD,0xFF,0xFF,0xB6,0x73,0x11,0x19,0x92,0x29,
  0x72,0x29,0x92,0x29,0x92,0x29,0x92,0x29,0x92,0x29,0x31,0x21,0x93,0x52,0x3E,0xEF,0xBE,0xFF,0x7E,0xEF,0x3D,0xF7,0xE9,0xD9,
  0x83,0xF0,0xC4,0xE8,0xC4,0xF0,0xC4,0xF0,0xC4,0xE8,0xC4,0xE8,0xC4,0xE8,0xC4,0xE8,0xC4,0xE8,0xC4,0xF0,0xC4,0xF0,0xC4,0xF0,
  0xC3,0xE8,0xE4,0xF0,0x62,0xE8,0x72,0xEC,0xFF,0xFF,0x9F,0xF7,0x9E,0xF7,0x9D,0xF7,0xBE,0xFF,0xFF,0xFF,0xFF,0xFF,0xFF,0xFF,
  0xFF,0xFF,0xFF,0xFF,0xFF,0xFF,0xFF,0xFF,0xFF,0xFF,0xFF,0xFF,0xFF,0xFF,0xFF,0xFF,0xBB,0xF6,0x46,0xE1,0xA3,0xF0,0xC4,0xE8,
  0xC4,0xF0,0xC4,0xE8,0xC4,0xE8,0xC4,0xE8,0xC4,0xE8,0xC4,0xE8,0xC4,0xE8,0xC4,0xF0,0xC4,0xF0,0xC4,0xF0,0xC4,0xF0,0xC4,0xF0,
  0xE4,0xE0,0x59,0xF6,0xBF,0xF7,0x7D,0xF7,0x9E,0xF7,0x75,0x6B,0x10,0x19,0x92,0x29,0x92,0x29,0x92,0x29,0x92,0x29,0x92,0x29,
  0x92,0x29,0x32,0x19,0x93,0x52,0x9F,0xF7,0xBD,0xDE,0x51,0x42,0xFD,0xDE,0xDF,0xFF,0xDF,0xFF,0xFF,0xFF,0xFF,0xFF,0xFF,0xFF,
  0xFF,0xFF,0xFF,0xFF,0xFF,0xFF,0xFF,0xFF,0xFF,0xFF,0xFF,0xFF,0xFF,0xFF,0xFF,0xFF,0xFF,0xFF,0xFF,0xFF,0xFF,0xFF,0xFF,0xFF,
  0xFF,0xFF,0xFF,0xFF,0xFF,0xFF,0xFF,0xFF,0xFF,0xFF,0xFF,0xFF,0xFF,0xFF,0xFF,0xFF,0xFF,0xFF,0xFF,0xFF,0xFF,0xFF,0xFF,0xFF,
  0xFF,0xFF,0xFF,0xFF,0xFF,0xFF,0xFF,0xFF,0xFF,0xFF,0xFF,0xFF,0xFF,0xFF,0xFF,0xFF,0xFF,0xFF,0xFF,0xFF,0xFF,0xFF,0xFF,0xFF,
  0xFF,0xFF,0xFF,0xFF,0xFF,0xFF,0xFF,0xFF,0xFF,0xFF,0xFF,0xFF,0xFF,0xFF,0xFF,0xFF,0xFF,0xFF,0xFF,0xFF,0xFF,0xFF,0xFF,0xFF,
  0xFF,0xFF,0xFF,0xFF,0xFF,0xFF,0xFF,0xFF,0xDF,0xFF,0xBF,0xFF,0xBC,0xCE,0x32,0x42,0xDD,0xDE,0x9F,0xF7,0xB3,0x52,0x31,0x19,
  0x92,0x29,0x72,0x29,0x92,0x29,0x92,0x29,0x72,0x29,0x93,0x31,0x31,0x19,0x73,0x4A,0xFD,0xE6,0xFF,0xFF,0xBB,0xF6,0x67,0xE1,
  0xC3,0xE8,0xC4,0xE8,0xC4,0xE8,0xC4,0xE8,0xC4,0xE8,0xC4,0xE8,0xC4,0xE8,0xC4,0xE8,0xC4,0xE8,0xC4,0xE8,0xC4,0xE8,0xC4,0xE8,
  0xC4,0xE8,0xC4,0xF0,0x83,0xE8,0x55,0xED,0xFF,0xFF,0xBE,0xFF,0x9E,0xF7,0x7E,0xF7,0x9E,0xF7,0xDF,0xFF,0xFF,0xFF,0xFF,0xFF,
  0xFF,0xFF,0xFF,0xFF,0xFF,0xFF,0xFF,0xFF,0xFF,0xFF,0xFF,0xFF,0xFF,0xFF,0xFF,0xFF,0x3D,0xFF,0xE9,0xD9,0x83,0xE8,0xC4,0xF0,
  0xC4,0xF0,0xC4,0xE8,0xC4,0xE8,0xC4,0xE8,0xC4,0xE8,0xC4,0xE8,0xC4,0xE8,0xC4,0xE8,0xC4,0xF0,0xC4,0xE8,0xA4,0xF0,0xC4,0xF0,
  0xA3,0xE0,0x97,0xF5,0xFF,0xFF,0x7E,0xF7,0x75,0x6B,0x11,0x19,0xB2,0x29,0x92,0x29,0x92,0x29,0x92,0x29,0x92,0x29,0x92,0x29,
  0x72,0x21,0xB1,0x31,0xBD,0xD6,0xBF,0xF7,0x92,0x52,0x79,0xAD,0xFE,0xFF,0x9E,0xF7,0xFF,0xFF,0xFF,0xFF,0xFF,0xFF,0xFF,0xFF,
  0xFF,0xFF,0xFF,0xFF,0xFF,0xFF,0xFF,0xFF,0xFF,0xFF,0xFF,0xFF,0xFF,0xFF,0xFF,0xFF,0xFF,0xFF,0xFF,0xFF,0xFF,0xFF,0xFF,0xFF,
  0xFF,0xFF,0xFF,0xFF,0xFF,0xFF,0xFF,0xFF,0xFF,0xFF,0xFF,0xFF,0xFF,0xFF,0xFF,0xFF,0xFF,0xFF,0xFF,0xFF,0xFF,0xFF,0xFF,0xFF,
  0xFF,0xFF,0xFF,0xFF,0xFF,0xFF,0xFF,0xFF,0xFF,0xFF,0xFF,0xFF,0xFF,0xFF,0xFF,0xFF,0xFF,0xFF,0xFF,0xFF,0xFF,0xFF,0xFF,0xFF,
  0xFF,0xFF,0xFF,0xFF,0xFF,0xFF,0xFF,0xFF,0xFF,0xFF,0xFF,0xFF,0xFF,0xFF,0xFF,0xFF,0xFF,0xFF,0xFF,0xFF,0xFF,0xFF,0xFF,0xFF,
  0xFF,0xFF,0xFF,0xFF,0xFF,0xFF,0xFF,0xFF,0xDF,0xFF,0x7E,0xEF,0xFF,0xFF,0x39,0xA5,0xB3,0x52,0xDF,0xFF,0xDD,0xDE,0x12,0x3A,
  0x52,0x21,0x92,0x29,0x92,0x29,0x92,0x29,0x91,0x31,0x72,0x29,0xB2,0x29,0x32,0x21,0x12,0x42,0xBD,0xD6,0xDB,0xFE,0x83,0xD8,
  0xA3,0xF0,0xE4,0xE8,0xC3,0xE8,0xC4,0xF0,0xC4,0xE8,0xC4,0xE8,0xC4,0xE8,0xC4,0xE8,0xC4,0xE8,0xC4,0xE8,0xC4,0xE8,0xC4,0xE8,
  0xC4,0xE8,0xC4,0xE8,0x05,0xE1,0x19,0xF6,0xFF,0xFF,0xFF,0xFF,0xFF,0xFF,0xFF,0xFF,0xDF,0xFF,0xFF,0xFF,0xFF,0xFF,0xFF,0xFF,
  0xFF,0xFF,0xFF,0xFF,0xFF,0xFF,0xFF,0xFF,0xFF,0xFF,0xFF,0xFF,0xFF,0xFF,0xFF,0xFF,0xDF,0xFF,0xAC,0xE2,0x62,0xE8,0xC4,0xF0,
  0xC4,0xF0,0xC4,0xF0,0xC4,0xE8,0xC4,0xE8,0xC4,0xE8,0xC4,0xE8,0xC4,0xE8,0xC4,0xE8,0xC4,0xF0,0xC4,0xF0,0xC3,0xE8,0xE5,0xF0,
  0x21,0xE0,0x34,0xF5,0x7F,0xEF,0xD3,0x5A,0x30,0x19,0xB2,0x29,0x72,0x29,0x72,0x31,0x92,0x29,0x72,0x29,0x92,0x29,0x92,0x29,
  0x51,0x29,0xBA,0xB5,0xFF,0xFF,0xB5,0x6B,0xD5,0x7B,0xFF,0xFF,0xBE,0xF7,0xBF,0xF7,0xFF,0xFF,0xFF,0xFF,0xFF,0xFF,0xFF,0xFF,
  0xFF,0xFF,0xFF,0xFF,0xFF,0xFF,0xFF,0xFF,0xFF,0xFF,0xFF,0xFF,0xFF,0xFF,0xFF,0xFF,0xFF,0xFF,0xFF,0xFF,0xFF,0xFF,0xFF,0xFF,
  0xFF,0xFF,0xFF,0xFF,0xFF,0xFF,0xFF,0xFF,0xFF,0xFF,0xFF,0xFF,0xFF,0xFF,0xFF,0xFF,0xFF,0xFF,0xFF,0xFF,0xFF,0xFF,0xFF,0xFF,
  0xFF,0xFF,0xFF,0xFF,0xFF,0xFF,0xFF,0xFF,0xFF,0xFF,0xFF,0xFF,0xFF,0xFF,0xFF,0xFF,0xFF,0xFF,0xFF,0xFF,0xFF,0xFF,0xFF,0xFF,
  0xFF,0xFF,0xFF,0xFF,0xFF,0xFF,0xFF,0xFF,0xFF,0xFF,0xFF,0xFF,0xFF,0xFF,0xFF,0xFF,0xFF,0xFF,0xFF,0xFF,0xFF,0xFF,0xFF,0xFF,
  0xFF,0xFF,0xFF,0xFF,0xFF,0xFF,0xFF,0xFF,0x9F,0xF7,0x9E,0xF7,0xBE,0xF7,0xFF,0xFF,0x16,0x7C,0x75,0x6B,0xFF,0xFF,0x5C,0xC6,
  0xB1,0x31,0x72,0x29,0x92,0x29,0x91,0x29,0x92,0x29,0x92,0x29,0x71,0x29,0xB2,0x29,0x51,0x21,0xB1,0x29,0x59,0xB5,0x31,0xFC,
  0xA3,0xE8,0x63,0xE8,0xE4,0xF0,0xE3,0xF0,0xC3,0xE8,0xC4,0xE8,0xC4,0xE8,0xC4,0xE8,0xC4,0xE8,0xC4,0xE8,0xC4,0xE8,0xC4,0xE8,
  0xC4,0xF0,0xA3,0xF0,0x87,0xD9,0xFB,0xF6,0xFF,0xFF,0xFF,0xFF,0xFF,0xFF,0xFF,0xFF,0xFF,0xFF,0xFF,0xFF,0xFF,0xFF,0xFF,0xFF,
  0xFF,0xFF,0xFF,0xFF,0xFF,0xFF,0xFF,0xFF,0xFF,0xFF,0xFF,0xFF,0xFF,0xFF,0xFF,0xFF,0xFF,0xFF,0xAF,0xEB,0x62,0xE8,0xE4,0xF0,
  0xC3,0xE8,0xC4,0xF0,0xC4,0xE8,0xC4,0xE8,0xC4,0xE8,0xC4,0xE8,0xC4,0xE8,0xC4,0xE8,0xC4,0xF0,0xE4,0xF0,0xC3,0xE8,0x42,0xE8,
  0x69,0xF2,0x58,0xD5,0x94,0x42,0x30,0x21,0x92,0x29,0x92,0x29,0x92,0x29,0x72,0x29,0x72,0x31,0x91,0x29,0x92,0x29,0x31,0x21,
  0x19,0xA5,0xFF,0xFF,0xB8,0x94,0xD3,0x5A,0xBF,0xFF,0x7E,0xF7,0x9E,0xF7,0xFF,0xFF,0xFF,0xFF,0xFF,0xFF,0xFF,0xFF,0xFF,0xFF,
  0xFF,0xFF,0xFF,0xFF,0xFF,0xFF,0xFF,0xFF,0xFF,0xFF,0xFF,0xFF,0xFF,0xFF,0xFF,0xFF,0xFF,0xFF,0xFF,0xFF,0xFF,0xFF,0xFF,0xFF,
  0xFF,0xFF,0xFF,0xFF,0xFF,0xFF,0xFF,0xFF,0xFF,0xFF,0xFF,0xFF,0xFF,0xFF,0xFF,0xFF,0xFF,0xFF,0xFF,0xFF,0xFF,0xFF,0xFF,0xFF,
  0xFF,0xFF,0xFF,0xFF,0xFF,0xFF,0xFF,0xFF,0xFF,0xFF,0xFF,0xFF,0xFF,0xFF,0xFF,0xFF,0xFF,0xFF,0xFF,0xFF,0xFF,0xFF,0xFF,0xFF,
  0xFF,0xFF,0xFF,0xFF,0xFF,0xFF,0xFF,0xFF,0xFF,0xFF,0xFF,0xFF,0xFF,0xFF,0xFF,0xFF,0xFF,0xFF,0xFF,0xFF,0xFF,0xFF,0xFF,0xFF,
  0xFF,0xFF,0xFF,0xFF,0xFF,0xFF,0xFF,0xFF,0xFF,0xFF,0xBE,0xF7,0x9E,0xF7,0x9E,0xFF,0xDF,0xFF,0x34,0x5B,0x16,0x84,0xFF,0xFF,
  0xDB,0xB5,0x70,0x29,0x71,0x29,0x92,0x29,0x92,0x29,0x92,0x29,0x72,0x29,0x91,0x29,0x91,0x29,0x52,0x29,0x51,0x21,0xB8,0x84,
  0x19,0xEE,0x49,0xF2,0x42,0xE8,0xA4,0xE8,0xE4,0xE8,0xC4,0xF0,0xC4,0xF0,0xC4,0xE8,0xC4,0xE8,0xC4,0xE8,0xC4,0xF0,0xC4,0xE8,
  0xC4,0xF0,0x82,0xE8,0x6A,0xE2,0x9E,0xFF,0xFF,0xFF,0xFF,0xFF,0xFF,0xFF,0xFF,0xFF,0xFF,0xFF,0xFF,0xFF,0xFF,0xFF,0xFF,0xFF,
  0xFF,0xFF,0xFF,0xFF,0xFF,0xFF,0xFF,0xFF,0xFF,0xFF,0xFF,0xFF,0xFF,0xFF,0xFF,0xFF,0xFF,0xFF,0xD3,0xEC,0x83,0xE0,0xC4,0xF0,
  0xC4,0xE8,0xC4,0xF0,0xC4,0xF0,0xC4,0xE8,0xC4,0xE8,0xC4,0xE8,0xC4,0xE8,0xC4,0xE8,0xC3,0xE8,0x42,0xE8,0x05,0xE9,0x92,0xFC,
  0x38,0xAD,0xD2,0x31,0x31,0x21,0xB2,0x29,0x92,0x29,0x91,0x29,0x92,0x29,0x92,0x29,0x92,0x29,0x92,0x29,0x10,0x21,0xB8,0x94,
  0xFF,0xFF,0x9A,0xAD,0x52,0x42,0x3E,0xEF,0x9E,0xF7,0xBF,0xFF,0x9E,0xF7,0xDF,0xF7,0xFF,0xFF,0xFF,0xFF,0xFF,0xFF,0xFF,0xFF,
  0xFF,0xFF,0xFF,0xFF,0xFF,0xFF,0xFF,0xFF,0xFF,0xFF,0xFF,0xFF,0xFF,0xFF,0xFF,0xFF,0xFF,0xFF,0xFF,0xFF,0xFF,0xFF,0xFF,0xFF,
  0xFF,0xFF,0xFF,0xFF,0xFF,0xFF,0xFF,0xFF,0xFF,0xFF,0xFF,0xFF,0xFF,0xFF,0xFF,0xFF,0xFF,0xFF,0xFF,0xFF,0xFF,0xFF,0xFF,0xFF,
  0xFF,0xFF,0xFF,0xFF,0xFF,0xFF,0xFF,0xFF,0xFF,0xFF,0xFF,0xFF,0xFF,0xFF,0xFF,0xFF,0xFF,0xFF,0xFF,0xFF,0xFF,0xFF,0xFF,0xFF,
  0xFF,0xFF,0xFF,0xFF,0xFF,0xFF,0xFF,0xFF,0xFF,0xFF,0xFF,0xFF,0xFF,0xFF,0xFF,0xFF,0xFF,0xFF,0xFF,0xFF,0xFF,0xFF,0xFF,0xFF,
  0xFF,0xFF,0xFF,0xFF,0xFF,0xFF,0xFF,0xFF,0xFF,0xFF,0x7E,0xF7,0xBF,0xF7,0x7E,0xEF,0xBE,0xF7,0x9F,0xEF,0xB3,0x52,0x98,0x94,
  0xFF,0xFF,0x99,0xAD,0x71,0x29,0x72,0x29,0x92,0x29,0x92,0x29,0x92,0x29,0x92,0x29,0x72,0x29,0x92,0x29,0x72,0x29,0xF0,0x18,
  0x35,0x53,0x5C,0xCE,0xB2,0xFC,0x25,0xE9,0x41,0xE8,0xE3,0xE8,0xE5,0xF0,0xC4,0xF0,0xC4,0xF0,0xC4,0xE8,0xC4,0xE8,0xC3,0xF0,
  0xE4,0xE8,0x62,0xE8,0x4D,0xE3,0xFF,0xFF,0xFF,0xFF,0xFF,0xFF,0xFF,0xFF,0xFF,0xFF,0xFF,0xFF,0xFF,0xFF,0xFF,0xFF,0xFF,0xFF,
  0xFF,0xFF,0xFF,0xFF,0xFF,0xFF,0xFF,0xFF,0xFF,0xFF,0xFF,0xFF,0xFF,0xFF,0xFF,0xFF,0xFF,0xFF,0xD8,0xED,0xC3,0xE0,0xC4,0xF0,
  0xC4,0xE8,0xC4,0xE8,0xC4,0xF0,0xC4,0xE8,0xC4,0xE8,0xE4,0xE8,0xE4,0xE8,0x62,0xF0,0x83,0xE8,0x2D,0xFB,0x19,0xE6,0x18,0x7C,
  0x31,0x19,0x51,0x21,0x92,0x29,0x72,0x29,0x92,0x29,0x92,0x29,0x92,0x29,0x92,0x29,0x91,0x29,0x31,0x21,0x98,0x94,0xFF,0xFF,
  0x1B,0xBE,0x31,0x42,0xBD,0xD6,0xDE,0xFF,0x5E,0xF7,0x9E,0xF7,0x9E,0xF7,0xDF,0xFF,0xFF,0xFF,0xFF,0xFF,0xFF,0xFF,0xFF,0xFF,
  0xFF,0xFF,0xFF,0xFF,0xFF,0xFF,0xFF,0xFF,0xFF,0xFF,0xFF,0xFF,0xFF,0xFF,0xFF,0xFF,0xFF,0xFF,0xFF,0xFF,0xFF,0xFF,0xFF,0xFF,
  0xFF,0xFF,0xFF,0xFF,0xFF,0xFF,0xFF,0xFF,0xFF,0xFF,0xFF,0xFF,0xFF,0xFF,0xFF,0xFF,0xFF,0xFF,0xFF,0xFF,0xFF,0xFF,0xFF,0xFF,
  0xFF,0xFF,0xFF,0xFF,0xFF,0xFF,0xFF,0xFF,0xFF,0xFF,0xFF,0xFF,0xFF,0xFF,0xFF,0xFF,0xFF,0xFF,0xFF,0xFF,0xFF,0xFF,0xFF,0xFF,
  0xFF,0xFF,0xFF,0xFF,0xFF,0xFF,0xFF,0xFF,0xFF,0xFF,0xFF,0xFF,0xFF,0xFF,0xFF,0xFF,0xFF,0xFF,0xFF,0xFF,0xFF,0xFF,0xFF,0xFF,
  0xFF,0xFF,0xFF,0xFF,0xFF,0xFF,0xFF,0xFF,0xFF,0xFF,0x7E,0xF7,0xBE,0xFF,0xFF,0xFF,0xBE,0xF7,0xFF,0xFF,0x5E,0xEF,0x72,0x4A,
  0xF8,0x9C,0xFF,0xFF,0x9A,0xAD,0x92,0x29,0x52,0x21,0xB2,0x29,0x92,0x29,0x92,0x29,0x92,0x29,0x92,0x29,0x92,0x29,0xB2,0x29,
  0x11,0x21,0x91,0x29,0xF9,0x8C,0x7A,0xEE,0xAE,0xF3,0xA3,0xE0,0x62,0xE8,0xC4,0xE8,0xE4,0xE8,0xC4,0xF0,0xC4,0xE8,0xC4,0xE8,
  0xC4,0xF0,0x83,0xE0,0x52,0xEC,0xFF,0xFF,0xFF,0xFF,0xFF,0xFF,0xFF,0xFF,0xFF,0xFF,0xFF,0xFF,0xFF,0xFF,0xFF,0xFF,0xFF,0xFF,
  0xFF,0xFF,0xFF,0xFF,0xFF,0xFF,0xFF,0xFF,0xFF,0xFF,0xFF,0xFF,0xFF,0xFF,0xFF,0xFF,0xFF,0xFF,0xDB,0xFE,0x66,0xE9,0xA3,0xF0,
  0xC4,0xE8,0xC4,0xE8,0xC4,0xE8,0xC4,0xF0,0xE4,0xE8,0x62,0xE8,0x42,0xE8,0x69,0xF2,0xB6,0xF5,0xBA,0xAD,0x34,0x3A,0xF1,0x18,
  0x92,0x29,0x92,0x29,0x72,0x29,0x92,0x29,0x92,0x29,0x92,0x29,0x92,0x29,0x92,0x29,0x11,0x21,0xB7,0x94,0xFF,0xFF,0x3B,0xC6,
  0xF1,0x39,0x3C,0xCE,0xFF,0xFF,0x5D,0xF7,0x9E,0xF7,0x9E,0xEF,0x7E,0xF7,0xFF,0xFF,0xFF,0xFF,0xFF,0xFF,0xFF,0xFF,0xFF,0xFF,
  0xFF,0xFF,0xFF,0xFF,0xFF,0xFF,0xFF,0xFF,0xFF,0xFF,0xFF,0xFF,0xFF,0xFF,0xFF,0xFF,0xFF,0xFF,0xFF,0xFF,0xFF,0xFF,0xFF,0xFF,
  0xFF,0xFF,0xFF,0xFF,0xFF,0xFF,0xFF,0xFF,0xFF,0xFF,0xFF,0xFF,0xFF,0xFF,0xFF,0xFF,0xFF,0xFF,0xFF,0xFF,0xFF,0xFF,0xFF,0xFF,
  0xFF,0xFF,0xFF,0xFF,0xFF,0xFF,0xFF,0xFF,0xFF,0xFF,0xFF,0xFF,0xFF,0xFF,0xFF,0xFF,0xFF,0xFF,0xFF,0xFF,0xFF,0xFF,0xFF,0xFF,
  0xFF,0xFF,0xFF,0xFF,0xFF,0xFF,0xFF,0xFF,0xFF,0xFF,0xFF,0xFF,0xFF,0xFF,0xFF,0xFF,0xFF,0xFF,0xFF,0xFF,0xFF,0xFF,0xFF,0xFF,
  0xFF,0xFF,0xFF,0xFF,0xFF,0xFF,0xFF,0xFF,0xFF,0xFF,0x7E,0xF7,0x5E,0xF7,0xBE,0xFF,0x9E,0xF7,0x9F,0xF7,0xDF,0xFF,0x3E,0xE7,
  0x92,0x4A,0x97,0x94,0xFF,0xFF,0x1B,0xC6,0xF2,0x39,0x31,0x21,0xB3,0x29,0x92,0x29,0x92,0x29,0x72,0x29,0x72,0x29,0x72,0x29,
  0x92,0x31,0x72,0x29,0xF0,0x18,0x94,0x4A,0xDB,0xAD,0x18,0xF6,0x2C,0xF3,0xA3,0xE8,0x42,0xE8,0xA3,0xF0,0xE4,0xF0,0xE4,0xE8,
  0xC3,0xF0,0xA3,0xE0,0x76,0xED,0xFF,0xFF,0xFF,0xFF,0xFF,0xFF,0xFF,0xFF,0xFF,0xFF,0xFF,0xFF,0xFF,0xFF,0xFF,0xFF,0xFF,0xFF,
  0xFF,0xFF,0xFF,0xFF,0xFF,0xFF,0xFF,0xFF,0xFF,0xFF,0xFF,0xFF,0xFF,0xFF,0xFF,0xFF,0xFF,0xFF,0x7D,0xF7,0x08,0xE2,0x82,0xF0,
  0xC4,0xE8,0xE4,0xF0,0xC3,0xF0,0x42,0xE8,0x62,0xE8,0x49,0xFA,0x75,0xFD,0x1B,0xCE,0x76,0x5B,0x11,0x21,0x52,0x21,0xB2,0x29,
  0x91,0x29,0x92,0x29,0x92,0x29,0x72,0x29,0x92,0x29,0x92,0x29,0x72,0x21,0x51,0x21,0xF9,0x9C,0xFF,0xFF,0xFB,0xC5,0xF2,0x39,
  0x1B,0xC6,0xFF,0xFF,0x5E,0xEF,0xBE,0xF7,0xBE,0xF7,0x9E,0xEF,0xDF,0xFF,0xFF,0xFF,0xFF,0xFF,0xFF,0xFF,0xFF,0xFF,0xFF,0xFF,
  0xFF,0xFF,0xFF,0xFF,0xFF,0xFF,0xFF,0xFF,0xFF,0xFF,0xFF,0xFF,0xFF,0xFF,0xFF,0xFF,0xFF,0xFF,0xFF,0xFF,0xFF,0xFF,0xFF,0xFF,
  0xFF,0xFF,0xFF,0xFF,0xFF,0xFF,0xFF,0xFF,0xFF,0xFF,0xFF,0xFF,0xFF,0xFF,0xFF,0xFF,0xFF,0xFF,0xFF,0xFF,0xFF,0xFF,0xFF,0xFF,
  0xFF,0xFF,0xFF,0xFF,0xFF,0xFF,0xFF,0xFF,0xFF,0xFF,0xFF,0xFF,0xFF,0xFF,0xFF,0xFF,0xFF,0xFF,0xFF,0xFF,0xFF,0xFF,0xFF,0xFF,
  0xFF,0xFF,0xFF,0xFF,0xFF,0xFF,0xFF,0xFF,0xFF,0xFF,0xFF,0xFF,0xFF,0xFF,0xFF,0xFF,0xFF,0xFF,0xFF,0xFF,0xFF,0xFF,0xFF,0xFF,
  0xFF,0xFF,0xFF,0xFF,0xFF,0xFF,0xFF,0xFF,0xFF,0xFF,0xBF,0xFF,0xFF,0xFF,0xFF,0xFF,0xDF,0xFF,0xFF,0xFF,0x9E,0xF7,0xDE,0xFF,
  0x3E,0xE7,0x92,0x52,0x38,0x8C,0xFF,0xFF,0xBD,0xD6,0x53,0x42,0x11,0x19,0xB2,0x29,0x91,0x29,0x72,0x29,0x92,0x29,0x72,0x29,
  0x92,0x29,0x92,0x29,0x93,0x29,0x31,0x21,0x11,0x21,0x15,0x53,0xDB,0xB5,0xF8,0xED,0x8E,0xFB,0x25,0xF1,0x41,0xE8,0x63,0xE8,
  0xC3,0xF0,0x25,0xE1,0x59,0xF6,0xDF,0xFF,0xFF,0xFF,0xFF,0xFF,0xFF,0xFF,0xFF,0xFF,0xFF,0xFF,0xFF,0xFF,0xFF,0xFF,0xFF,0xFF,
  0xFF,0xFF,0xFF,0xFF,0xFF,0xFF,0xFF,0xFF,0xFF,0xFF,0xFF,0xFF,0xFF,0xFF,0xFF,0xFF,0xBF,0xFF,0xBF,0xFF,0x0C,0xE3,0x63,0xE8,
  0xA4,0xE8,0x22,0xE8,0xC4,0xF0,0xCB,0xFA,0x75,0xF5,0x1B,0xC6,0xD6,0x6B,0x72,0x21,0x11,0x21,0x92,0x29,0x92,0x29,0x72,0x29,
  0x92,0x29,0x92,0x29,0x92,0x29,0x71,0x29,0xB2,0x31,0x32,0x21,0x92,0x31,0x9A,0xB5,0xFF,0xFF,0x9A,0xB5,0x32,0x42,0x3C,0xC6,
  0xFF,0xFF,0xBF,0xFF,0xFF,0xFF,0xFF,0xFF,0xFF,0xFF,0xDF,0xFF,0xFF,0xFF,0xFF,0xFF,0xFF,0xFF,0xFF,0xFF,0xFF,0xFF,0xFF,0xFF,
  0xFF,0xFF,0xFF,0xFF,0xFF,0xFF,0xFF,0xFF,0xFF,0xFF,0xFF,0xFF,0xFF,0xFF,0xFF,0xFF,0xFF,0xFF,0xFF,0xFF,0xFF,0xFF,0xFF,0xFF,
  0xFF,0xFF,0xFF,0xFF,0xFF,0xFF,0xFF,0xFF,0xFF,0xFF,0xFF,0xFF,0xFF,0xFF,0xFF,0xFF,0xFF,0xFF,0xFF,0xFF,0xFF,0xFF,0xFF,0xFF,
  0xFF,0xFF,0xFF,0xFF,0xFF,0xFF,0xFF,0xFF,0xFF,0xFF,0xFF,0xFF,0xFF,0xFF,0xFF,0xFF,0xFF,0xFF,0xFF,0xFF,0xFF,0xFF,0xFF,0xFF,
  0xFF,0xFF,0xFF,0xFF,0xFF,0xFF,0xFF,0xFF,0xFF,0xFF,0xFF,0xFF,0xFF,0xFF,0xFF,0xFF,0xFF,0xFF,0xFF,0xFF,0xFF,0xFF,0xFF,0xFF,
  0xFF,0xFF,0xFF,0xFF,0xFF,0xFF,0xFF,0xFF,0xFF,0xFF,0xFF,0xFF,0xFF,0xFF,0xFF,0xFF,0xFF,0xFF,0xFF,0xFF,0xDF,0xFF,0xBF,0xFF,
  0xFF,0xFF,0x7E,0xEF,0xF4,0x5A,0x96,0x6B,0xFF,0xFF,0x7E,0xF7,0x55,0x6B,0x11,0x21,0x72,0x29,0x92,0x29,0x92,0x29,0x92,0x29,
  0x92,0x29,0x92,0x29,0x92,0x29,0x92,0x29,0x92,0x31,0x31,0x19,0x31,0x19,0xF5,0x4A,0x1A,0x9D,0xF8,0xDD,0xB2,0xF4,0x6A,0xFA,
  0x82,0xF0,0x46,0xE1,0x1C,0xF7,0xDF,0xF7,0xFF,0xFF,0xFF,0xFF,0xFF,0xFF,0xFF,0xFF,0xFF,0xFF,0xFF,0xFF,0xFF,0xFF,0xFF,0xFF,
  0xFF,0xFF,0xFF,0xFF,0xFF,0xFF,0xFF,0xFF,0xFF,0xFF,0xFF,0xFF,0xFF,0xFF,0xFF,0xFF,0x9E,0xF7,0xDF,0xF7,0xF0,0xEB,0x41,0xE0,
  0xE7,0xF1,0x0F,0xFC,0xF8,0xE5,0x99,0xAD,0x76,0x5B,0x71,0x21,0x11,0x19,0x92,0x29,0xB2,0x29,0x92,0x29,0x92,0x29,0x92,0x29,
  0x92,0x29,0x72,0x29,0x91,0x31,0x92,0x29,0x10,0x19,0x73,0x4A,0x9C,0xD6,0xFF,0xFF,0xD9,0x9C,0x52,0x42,0xBC,0xD6,0xDE,0xFF,
  0x5D,0xF7,0xDF,0xFF,0xFF,0xFF,0xFF,0xFF,0xFF,0xFF,0xFF,0xFF,0xFF,0xFF,0xFF,0xFF,0xFF,0xFF,0xFF,0xFF,0xFF,0xFF,0xFF,0xFF,
  0xFF,0xFF,0xFF,0xFF,0xFF,0xFF,0xFF,0xFF,0xFF,0xFF,0xFF,0xFF,0xFF,0xFF,0xFF,0xFF,0xFF,0xFF,0xFF,0xFF,0xFF,0xFF,0xFF,0xFF,
  0xFF,0xFF,0xFF,0xFF,0xFF,0xFF,0xFF,0xFF,0xFF,0xFF,0xFF,0xFF,0xFF,0xFF,0xFF,0xFF,0xFF,0xFF,0xFF,0xFF,0xFF,0xFF,0xFF,0xFF,
  0xFF,0xFF,0xFF,0xFF,0xFF,0xFF,0xFF,0xFF,0xFF,0xFF,0xFF,0xFF,0xFF,0xFF,0xFF,0xFF,0xFF,0xFF,0xFF,0xFF,0xFF,0xFF,0xFF,0xFF,
  0xFF,0xFF,0xFF,0xFF,0xFF,0xFF,0xFF,0xFF,0xFF,0xFF,0xFF,0xFF,0xFF,0xFF,0xFF,0xFF,0xFF,0xFF,0xFF,0xFF,0xFF,0xFF,0xFF,0xFF,
  0xFF,0xFF,0xFF,0xFF,0xFF,0xFF,0xFF,0xFF,0xFF,0xFF,0xFF,0xFF,0xFF,0xFF,0xFF,0xFF,0xFF,0xFF,0xFF,0xFF,0xDF,0xFF,0xBF,0xFF,
  0x9E,0xF7,0xFF,0xFF,0xFF,0xFF,0xB5,0x73,0xD3,0x5A,0x5E,0xE7,0xFF,0xFF,0xB7,0x94,0x72,0x29,0x31,0x21,0xB2,0x29,0x92,0x29,
  0x92,0x29,0x92,0x29,0x92,0x29,0x72,0x29,0x72,0x29,0x92,0x29,0x92,0x29,0x32,0x21,0xF0,0x18,0x13,0x32,0xF7,0x63,0x79,0xAD,
  0x56,0xDD,0x76,0xF5,0xFF,0xFF,0xFF,0xFF,0xFF,0xFF,0xFF,0xFF,0xFF,0xFF,0xFF,0xFF,0xFF,0xFF,0xDF,0xFF,0xFF,0xFF,0xDF,0xFF,
  0xDF,0xFF,0xFF,0xFF,0xDF,0xFF,0xDF,0xFF,0xFF,0xFF,0xFF,0xFF,0xFF,0xFF,0xFF,0xFF,0xFE,0xFF,0xFF,0xFF,0x9A,0xF6,0x15,0xDD,
  0x99,0xBD,0x58,0x7C,0x74,0x3A,0x31,0x21,0x10,0x21,0x72,0x29,0x92,0x29,0x91,0x29,0x92,0x29,0x92,0x29,0x92,0x29,0x72,0x29,
  0x92,0x29,0xB2,0x29,0x51,0x21,0x31,0x19,0xB6,0x73,0x9F,0xF7,0xFF,0xFF,0x96,0x73,0xB3,0x5A,0x3E,0xE7,0xDE,0xFF,0x7E,0xEF,
  0xFF,0xFF,0xDF,0xFF,0xFF,0xFF,0xFF,0xFF,0xFF,0xFF,0xFF,0xFF,0xFF,0xFF,0xFF,0xFF,0xFF,0xFF,0xFF,0xFF,0xFF,0xFF,0xFF,0xFF,
  0xFF,0xFF,0xFF,0xFF,0xFF,0xFF,0xFF,0xFF,0xFF,0xFF,0xFF,0xFF,0xFF,0xFF,0xFF,0xFF,0xFF,0xFF,0xFF,0xFF,0xFF,0xFF,0xFF,0xFF,
  0xFF,0xFF,0xFF,0xFF,0xFF,0xFF,0xFF,0xFF,0xFF,0xFF,0xFF,0xFF,0xFF,0xFF,0xFF,0xFF,0xFF,0xFF,0xFF,0xFF,0xFF,0xFF,0xFF,0xFF,
  0xFF,0xFF,0xFF,0xFF,0xFF,0xFF,0xFF,0xFF,0xFF,0xFF,0xFF,0xFF,0xFF,0xFF,0xFF,0xFF,0xFF,0xFF,0xFF,0xFF,0xFF,0xFF,0xFF,0xFF,
  0xFF,0xFF,0xFF,0xFF,0xFF,0xFF,0xFF,0xFF,0xFF,0xFF,0xFF,0xFF,0xFF,0xFF,0xFF,0xFF,0xFF,0xFF,0xFF,0xFF,0xFF,0xFF,0xFF,0xFF,
  0xFF,0xFF,0xFF,0xFF,0xFF,0xFF,0xFF,0xFF,0xFF,0xFF,0xFF,0xFF,0xFF,0xFF,0xFF,0xFF,0xFF,0xFF,0xFF,0xFF,0xDF,0xFF,0xDF,0xFF,
  0xDF,0xFF,0x9D,0xF7,0xBE,0xFF,0xFF,0xFF,0xF8,0x9C,0x32,0x42,0xFB,0xBD,0xFF,0xFF,0x5B,0xCE,0x93,0x4A,0x11,0x19,0x72,0x29,
  0xB2,0x29,0x92,0x29,0x72,0x29,0x72,0x29,0x72,0x29,0x92,0x29,0x92,0x29,0x92,0x29,0x92,0x29,0x52,0x21,0xF0,0x20,0x31,0x19,
  0x34,0x32,0x77,0x63,0x98,0x8C,0xDA,0xBD,0xDD,0xDE,0x9E,0xF7,0xFF,0xFF,0xFF,0xFF,0xFF,0xFF,0xFF,0xFF,0xFF,0xFF,0xFF,0xFF,
  0xFF,0xFF,0xFF,0xFF,0xFF,0xFF,0xDF,0xFF,0xFF,0xFF,0xFF,0xFF,0x9E,0xF7,0xFD,0xE6,0xFB,0xC5,0xD9,0x94,0x96,0x6B,0x74,0x42,
  0x51,0x21,0xF0,0x18,0x31,0x21,0x92,0x29,0x92,0x29,0x92,0x29,0x92,0x29,0x92,0x29,0x92,0x29,0x72,0x31,0x92,0x29,0x92,0x31,
  0x92,0x29,0x10,0x19,0xF2,0x39,0x7A,0xAD,0xFF,0xFF,0xFD,0xDE,0xB3,0x52,0xB5,0x73,0xBF,0xF7,0xDE,0xFF,0xBF,0xF7,0xDF,0xFF,
  0xDF,0xFF,0xFF,0xFF,0xFF,0xFF,0xFF,0xFF,0xFF,0xFF,0xFF,0xFF,0xFF,0xFF,0xFF,0xFF,0xFF,0xFF,0xFF,0xFF,0xFF,0xFF,0xFF,0xFF,
  0xFF,0xFF,0xFF,0xFF,0xFF,0xFF,0xFF,0xFF,0xFF,0xFF,0xFF,0xFF,0xFF,0xFF,0xFF,0xFF,0xFF,0xFF,0xFF,0xFF,0xFF,0xFF,0xFF,0xFF,
  0xFF,0xFF,0xFF,0xFF,0xFF,0xFF,0xFF,0xFF,0xFF,0xFF,0xFF,0xFF,0xFF,0xFF,0xFF,0xFF,0xFF,0xFF,0xFF,0xFF,0xFF,0xFF,0xFF,0xFF,
  0xFF,0xFF,0xFF,0xFF,0xFF,0xFF,0xFF,0xFF,0xFF,0xFF,0xFF,0xFF,0xFF,0xFF,0xFF,0xFF,0xFF,0xFF,0xFF,0xFF,0xFF,0xFF,0xFF,0xFF,
  0xFF,0xFF,0xFF,0xFF,0xFF,0xFF,0xFF,0xFF,0xFF,0xFF,0xFF,0xFF,0xFF,0xFF,0xFF,0xFF,0xFF,0xFF,0xFF,0xFF,0xFF,0xFF,0xFF,0xFF,
  0xFF,0xFF,0xFF,0xFF,0xFF,0xFF,0xFF,0xFF,0xFF,0xFF,0xFF,0xFF,0xFF,0xFF,0xFF,0xFF,0xFF,0xFF,0xFF,0xFF,0xFF,0xFF,0xDF,0xFF,
  0x9F,0xF7,0x9E,0xF7,0xBE,0xF7,0x9E,0xF7,0xFF,0xFF,0x5C,0xC6,0x72,0x4A,0x16,0x84,0xFF,0xFF,0xDE,0xFF,0x98,0x8C,0x91,0x31,
  0x11,0x21,0x92,0x29,0x92,0x31,0x72,0x29,0x92,0x29,0x92,0x29,0x92,0x29,0x92,0x29,0x92,0x21,0x92,0x29,0x92,0x29,0x92,0x29,
  0x52,0x21,0x11,0x21,0x11,0x19,0x52,0x21,0xB2,0x31,0x54,0x4A,0x15,0x63,0xB6,0x73,0x78,0x8C,0xD9,0x9C,0x39,0xA5,0x5A,0xAD,
  0x5A,0xAD,0x39,0xA5,0xF9,0x9C,0x98,0x8C,0xD6,0x7B,0x35,0x63,0x94,0x52,0xD2,0x39,0x51,0x21,0x11,0x19,0x11,0x21,0x51,0x21,
  0x91,0x29,0xB2,0x31,0x92,0x29,0x92,0x29,0x92,0x29,0x92,0x29,0x92,0x29,0x92,0x29,0x92,0x29,0x92,0x29,0x92,0x29,0x32,0x21,
  0x51,0x21,0xB6,0x73,0x5E,0xEF,0xFF,0xFF,0x19,0xA5,0x52,0x4A,0x19,0xA5,0xFF,0xFF,0x9E,0xF7,0x7E,0xF7,0xBE,0xFF,0xFF,0xFF,
  0xDF,0xFF,0xBF,0xF7,0xFF,0xFF,0xFF,0xFF,0xFF,0xFF,0xFF,0xFF,0xFF,0xFF,0xFF,0xFF,0xFF,0xFF,0xFF,0xFF,0xFF,0xFF,0xFF,0xFF,
  0xFF,0xFF,0xFF,0xFF,0xFF,0xFF,0xFF,0xFF,0xFF,0xFF,0xFF,0xFF,0xFF,0xFF,0xFF,0xFF,0xFF,0xFF,0xFF,0xFF,0xFF,0xFF,0xFF,0xFF,
  0xFF,0xFF,0xFF,0xFF,0xFF,0xFF,0xFF,0xFF,0xFF,0xFF,0xFF,0xFF,0xFF,0xFF,0xFF,0xFF,0xFF,0xFF,0xFF,0xFF,0xFF,0xFF,0xFF,0xFF,
  0xFF,0xFF,0xFF,0xFF,0xFF,0xFF,0xFF,0xFF,0xFF,0xFF,0xFF,0xFF,0xFF,0xFF,0xFF,0xFF,0xFF,0xFF,0xFF,0xFF,0xFF,0xFF,0xFF,0xFF,
  0xFF,0xFF,0xFF,0xFF,0xFF,0xFF,0xFF,0xFF,0xFF,0xFF,0xFF,0xFF,0xFF,0xFF,0xFF,0xFF,0xFF,0xFF,0xFF,0xFF,0xFF,0xFF,0xFF,0xFF,
  0xFF,0xFF,0xFF,0xFF,0xFF,0xFF,0xFF,0xFF,0xFF,0xFF,0xFF,0xFF,0xFF,0xFF,0xFF,0xFF,0xFF,0xFF,0xFF,0xFF,0xFF,0xFF,0xFF,0xFF,
  0xBF,0xF7,0xDF,0xFF,0xDF,0xFF,0x7E,0xF7,0x9E,0xF7,0xFE,0xFF,0x7E,0xEF,0xD6,0x73,0xB3,0x52,0x3B,0xC6,0xFF,0xFF,0xDC,0xDE,
  0x75,0x6B,0x51,0x21,0x11,0x21,0x92,0x29,0x92,0x29,0x92,0x29,0x92,0x29,0x92,0x29,0x72,0x29,0x72,0x29,0x72,0x29,0x72,0x29,
  0x72,0x31,0x92,0x31,0x92,0x29,0x92,0x29,0x92,0x29,0x51,0x21,0x31,0x21,0x11,0x21,0x11,0x19,0x11,0x19,0x11,0x21,0x11,0x19,
  0x11,0x19,0x11,0x21,0x11,0x21,0x11,0x19,0x11,0x19,0x31,0x19,0x31,0x21,0x71,0x21,0x92,0x29,0xB2,0x29,0xB2,0x31,0x92,0x29,
  0x72,0x29,0x92,0x29,0x92,0x29,0x72,0x29,0x92,0x29,0x92,0x29,0x92,0x29,0x92,0x29,0x92,0x29,0x51,0x21,0x31,0x21,0xD4,0x52,
  0x1B,0xC6,0xFF,0xFF,0x1D,0xE7,0x35,0x63,0xF4,0x52,0xBC,0xD6,0xFF,0xFF,0x9E,0xEF,0x9E,0xF7,0x7E,0xEF,0x7E,0xF7,0x7E,0xEF,
  0xBF,0xF7,0xFF,0xFF,0xFF,0xFF,0xFF,0xFF,0xFF,0xFF,0xFF,0xFF,0xFF,0xFF,0xFF,0xFF,0xFF,0xFF,0xFF,0xFF,0xFF,0xFF,0xFF,0xFF,
  0xFF,0xFF,0xFF,0xFF,0xFF,0xFF,0xFF,0xFF,0xFF,0xFF,0xFF,0xFF,0xFF,0xFF,0xFF,0xFF,0xFF,0xFF,0xFF,0xFF,0xFF,0xFF,0xFF,0xFF,
  0xFF,0xFF,0xFF,0xFF,0xFF,0xFF,0xFF,0xFF,0xFF,0xFF,0xFF,0xFF,0xFF,0xFF,0xFF,0xFF,0xFF,0xFF,0xFF,0xFF,0xFF,0xFF,0xFF,0xFF,
  0xFF,0xFF,0xFF,0xFF,0xFF,0xFF,0xFF,0xFF,0xFF,0xFF,0xFF,0xFF,0xFF,0xFF,0xFF,0xFF,0xFF,0xFF,0xFF,0xFF,0xFF,0xFF,0xFF,0xFF,
  0xFF,0xFF,0xFF,0xFF,0xFF,0xFF,0xFF,0xFF,0xFF,0xFF,0xFF,0xFF,0xFF,0xFF,0xFF,0xFF,0xFF,0xFF,0xFF,0xFF,0xFF,0xFF,0xFF,0xFF,
  0xFF,0xFF,0xFF,0xFF,0xFF,0xFF,0xFF,0xFF,0xFF,0xFF,0xFF,0xFF,0xFF,0xFF,0xFF,0xFF,0xFF,0xFF,0xFF,0xFF,0xFF,0xFF,0xFF,0xFF,
  0xFF,0xFF,0xFF,0xFF,0xFF,0xFF,0xBF,0xF7,0x7E,0xEF,0x7E,0xF7,0xBF,0xFF,0xFF,0xFF,0xDA,0xB5,0x93,0x52,0xB6,0x73,0x3D,0xEF,
  0xFF,0xFF,0x3B,0xC6,0x15,0x63,0x51,0x29,0x11,0x19,0x72,0x29,0xB2,0x29,0x92,0x29,0x92,0x29,0x72,0x29,0x92,0x29,0x92,0x29,
  0x92,0x29,0x92,0x29,0x72,0x29,0x92,0x29,0x92,0x29,0x92,0x29,0x92,0x29,0x92,0x29,0x92,0x29,0xB2,0x29,0xB2,0x29,0xB2,0x29,
  0xB2,0x29,0xB2,0x29,0xB2,0x29,0x92,0x29,0x92,0x29,0x92,0x29,0x92,0x29,0x92,0x29,0x92,0x29,0x92,0x29,0x72,0x29,0x92,0x29,
  0x92,0x29,0x92,0x29,0x92,0x29,0x72,0x31,0x92,0x29,0xB2,0x29,0x92,0x29,0x31,0x19,0x31,0x21,0x74,0x4A,0x7A,0xAD,0xFF,0xFF,
  0xFF,0xFF,0x78,0x8C,0x52,0x4A,0xD8,0x9C,0xDF,0xFF,0xFF,0xFF,0x5D,0xEF,0x9E,0xF7,0xFF,0xFF,0xFF,0xFF,0xFF,0xFF,0xDF,0xFF,
  0xFF,0xFF,0xFF,0xFF,0xFF,0xFF,0xFF,0xFF,0xFF,0xFF,0xFF,0xFF,0xFF,0xFF,0xFF,0xFF,0xFF,0xFF,0xFF,0xFF,0xFF,0xFF,0xFF,0xFF,
  0xFF,0xFF,0xFF,0xFF,0xFF,0xFF,0xFF,0xFF,0xFF,0xFF,0xFF,0xFF,0xFF,0xFF,0xFF,0xFF,0xFF,0xFF,0xFF,0xFF,0xFF,0xFF,0xFF,0xFF,
  0xFF,0xFF,0xFF,0xFF,0xFF,0xFF,0xFF,0xFF,0xFF,0xFF,0xFF,0xFF,0xFF,0xFF,0xFF,0xFF,0xFF,0xFF,0xFF,0xFF,0xFF,0xFF,0xFF,0xFF,
  0xFF,0xFF,0xFF,0xFF,0xFF,0xFF,0xFF,0xFF,0xFF,0xFF,0xFF,0xFF,0xFF,0xFF,0xFF,0xFF,0xFF,0xFF,0xFF,0xFF,0xFF,0xFF,0xFF,0xFF,
  0xFF,0xFF,0xFF,0xFF,0xFF,0xFF,0xFF,0xFF,0xFF,0xFF,0xFF,0xFF,0xFF,0xFF,0xFF,0xFF,0xFF,0xFF,0xFF,0xFF,0xFF,0xFF,0xFF,0xFF,
  0xFF,0xFF,0xFF,0xFF,0xFF,0xFF,0xFF,0xFF,0xFF,0xFF,0xFF,0xFF,0xFF,0xFF,0xFF,0xFF,0xFF,0xFF,0xFF,0xFF,0xFF,0xFF,0xFF,0xFF,
  0xFF,0xFF,0xFF,0xFF,0xFF,0xFF,0xFF,0xFF,0x9E,0xF7,0x7E,0xEF,0xBE,0xF7,0x7E,0xEF,0xFE,0xFF,0x7E,0xF7,0x58,0x8C,0x53,0x4A,
  0x78,0x94,0x9E,0xF7,0xFF,0xFF,0x3C,0xC6,0x96,0x6B,0x91,0x29,0x11,0x19,0x51,0x21,0x92,0x29,0xB2,0x29,0x92,0x29,0x92,0x29,
  0x92,0x29,0x92,0x29,0x92,0x29,0x92,0x29,0x92,0x29,0x92,0x29,0x92,0x29,0x92,0x29,0x92,0x29,0x92,0x29,0x92,0x29,0x92,0x29,
  0x92,0x29,0x92,0x29,0x92,0x29,0x92,0x29,0x92,0x29,0x92,0x29,0x92,0x29,0x92,0x29,0x92,0x29,0x92,0x29,0x92,0x29,0x92,0x29,
  0x92,0x29,0x92,0x29,0x92,0x29,0x92,0x29,0x72,0x21,0x11,0x21,0x51,0x29,0xF5,0x5A,0x9A,0xB5,0xFF,0xFF,0xFF,0xFF,0x59,0xA5,
  0x94,0x4A,0x95,0x6B,0xFD,0xDE,0xFF,0xFF,0x7D,0xF7,0x9E,0xF7,0x7E,0xEF,0x9E,0xF7,0xFF,0xFF,0xFF,0xFF,0xFF,0xFF,0xFF,0xFF,
  0xFF,0xFF,0xFF,0xFF,0xFF,0xFF,0xFF,0xFF,0xFF,0xFF,0xFF,0xFF,0xFF,0xFF,0xFF,0xFF,0xFF,0xFF,0xFF,0xFF,0xFF,0xFF,0xFF,0xFF,
  0xFF,0xFF,0xFF,0xFF,0xFF,0xFF,0xFF,0xFF,0xFF,0xFF,0xFF,0xFF,0xFF,0xFF,0xFF,0xFF,0xFF,0xFF,0xFF,0xFF,0xFF,0xFF,0xFF,0xFF,
  0xFF,0xFF,0xFF,0xFF,0xFF,0xFF,0xFF,0xFF,0xFF,0xFF,0xFF,0xFF,0xFF,0xFF,0xFF,0xFF,0xFF,0xFF,0xFF,0xFF,0xFF,0xFF,0xFF,0xFF,
  0xFF,0xFF,0xFF,0xFF,0xFF,0xFF,0xFF,0xFF,0xFF,0xFF,0xFF,0xFF,0xFF,0xFF,0xFF,0xFF,0xFF,0xFF,0xFF,0xFF,0xFF,0xFF,0xFF,0xFF,
  0xFF,0xFF,0xFF,0xFF,0xFF,0xFF,0xFF,0xFF,0xFF,0xFF,0xFF,0xFF,0xFF,0xFF,0xFF,0xFF,0xFF,0xFF,0xFF,0xFF,0xFF,0xFF,0xFF,0xFF,
  0xFF,0xFF,0xFF,0xFF,0xFF,0xFF,0xFF,0xFF,0xFF,0xFF,0xFF,0xFF,0xFF,0xFF,0xFF,0xFF,0xFF,0xFF,0xFF,0xFF,0xFF,0xFF,0xFF,0xFF,
  0xFF,0xFF,0xFF,0xFF,0xFF,0xFF,0xDF,0xFF,0x9E,0xEF,0xBE,0xF7,0xBE,0xF7,0x9E,0xF7,0xBE,0xF7,0xBE,0xF7,0xFF,0xFF,0xFD,0xDE,
  0xD6,0x73,0x93,0x4A,0x98,0x94,0x7E,0xEF,0xFF,0xFF,0xFD,0xDE,0x77,0x8C,0x53,0x4A,0x31,0x21,0x11,0x19,0x52,0x21,0x72,0x29,
  0x92,0x29,0x92,0x29,0x92,0x29,0x72,0x29,0x92,0x29,0x92,0x29,0x92,0x29,0x92,0x29,0x72,0x29,0x92,0x29,0x92,0x29,0x92,0x29,
  0x92,0x29,0x92,0x29,0x92,0x29,0x72,0x29,0x92,0x29,0x92,0x29,0x92,0x29,0x92,0x29,0x92,0x29,0x92,0x29,0x92,0x29,0x92,0x29,
  0x72,0x29,0x52,0x21,0x11,0x21,0x31,0x21,0xF2,0x39,0x17,0x84,0x7C,0xCE,0xFF,0xFF,0xFF,0xFF,0x59,0xAD,0xD4,0x52,0x14,0x63,
  0x3B,0xC6,0xDF,0xFF,0xDF,0xFF,0xBE,0xF7,0x9E,0xEF,0xDF,0xFF,0xBF,0xF7,0xDF,0xF7,0xFF,0xFF,0xFF,0xFF,0xFF,0xFF,0xFF,0xFF,
  0xFF,0xFF,0xFF,0xFF,0xFF,0xFF,0xFF,0xFF,0xFF,0xFF,0xFF,0xFF,0xFF,0xFF,0xFF,0xFF,0xFF,0xFF,0xFF,0xFF,0xFF,0xFF,0xFF,0xFF,
  0xFF,0xFF,0xFF,0xFF,0xFF,0xFF,0xFF,0xFF,0xFF,0xFF,0xFF,0xFF,0xFF,0xFF,0xFF,0xFF,0xFF,0xFF,0xFF,0xFF,0xFF,0xFF,0xFF,0xFF,
  0xFF,0xFF,0xFF,0xFF,0xFF,0xFF,0xFF,0xFF,0xFF,0xFF,0xFF,0xFF,0xFF,0xFF,0xFF,0xFF,0xFF,0xFF,0xFF,0xFF,0xFF,0xFF,0xFF,0xFF,
  0xFF,0xFF,0xFF,0xFF,0xFF,0xFF,0xFF,0xFF,0xFF,0xFF,0xFF,0xFF,0xFF,0xFF,0xFF,0xFF,0xFF,0xFF,0xFF,0xFF,0xFF,0xFF,0xFF,0xFF,
  0xFF,0xFF,0xFF,0xFF,0xFF,0xFF,0xFF,0xFF,0xFF,0xFF,0xFF,0xFF,0xFF,0xFF,0xFF,0xFF,0xFF,0xFF,0xFF,0xFF,0xFF,0xFF,0xFF,0xFF,
  0xFF,0xFF,0xFF,0xFF,0xFF,0xFF,0xFF,0xFF,0xFF,0xFF,0xFF,0xFF,0xFF,0xFF,0xFF,0xFF,0xFF,0xFF,0xFF,0xFF,0xFF,0xFF,0xFF,0xFF,
  0xFF,0xFF,0xFF,0xFF,0xFF,0xFF,0xFF,0xFF,0xFF,0xFF,0xFF,0xFF,0xFF,0xFF,0xDF,0xFF,0xFF,0xFF,0xDF,0xFF,0x9E,0xF7,0xDF,0xFF,
  0xFF,0xFF,0xBC,0xD6,0xF7,0x7B,0x93,0x52,0x16,0x7C,0xBC,0xD6,0xFF,0xFF,0xFF,0xFF,0x3B,0xC6,0x17,0x84,0x74,0x42,0x71,0x21,
  0x11,0x21,0x11,0x19,0x51,0x21,0x72,0x21,0x92,0x29,0x92,0x29,0x92,0x29,0x92,0x29,0x92,0x29,0x92,0x29,0x92,0x29,0x92,0x29,
  0x92,0x29,0x92,0x29,0x92,0x29,0x92,0x29,0x92,0x29,0x92,0x29,0x92,0x29,0x92,0x29,0x72,0x29,0x51,0x21,0x31,0x19,0x32,0x19,
  0x51,0x21,0x33,0x42,0xB5,0x73,0xDA,0xBD,0x9E,0xF7,0xFF,0xFF,0x3E,0xE7,0xB8,0x94,0xB4,0x52,0x55,0x63,0xFB,0xBD,0xFF,0xFF,
  0xFF,0xFF,0x7E,0xEF,0xBF,0xF7,0xFF,0xFF,0xFF,0xFF,0xFF,0xFF,0xFF,0xFF,0xFF,0xFF,0xFF,0xFF,0xFF,0xFF,0xFF,0xFF,0xFF,0xFF,
  0xFF,0xFF,0xFF,0xFF,0xFF,0xFF,0xFF,0xFF,0xFF,0xFF,0xFF,0xFF,0xFF,0xFF,0xFF,0xFF,0xFF,0xFF,0xFF,0xFF,0xFF,0xFF,0xFF,0xFF,
  0xFF,0xFF,0xFF,0xFF,0xFF,0xFF,0xFF,0xFF,0xFF,0xFF,0xFF,0xFF,0xFF,0xFF,0xFF,0xFF,0xFF,0xFF,0xFF,0xFF,0xFF,0xFF,0xFF,0xFF,
  0xFF,0xFF,0xFF,0xFF,0xFF,0xFF,0xFF,0xFF,0xFF,0xFF,0xFF,0xFF,0xFF,0xFF,0xFF,0xFF,0xFF,0xFF,0xFF,0xFF,0xFF,0xFF,0xFF,0xFF,
  0xFF,0xFF,0xFF,0xFF,0xFF,0xFF,0xFF,0xFF,0xFF,0xFF,0xFF,0xFF,0xFF,0xFF,0xFF,0xFF,0xFF,0xFF,0xFF,0xFF,0xFF,0xFF,0xFF,0xFF,
  0xFF,0xFF,0xFF,0xFF,0xFF,0xFF,0xFF,0xFF,0xFF,0xFF,0xFF,0xFF,0xFF,0xFF,0xFF,0xFF,0xFF,0xFF,0xFF,0xFF,0xFF,0xFF,0xFF,0xFF,
  0xFF,0xFF,0xFF,0xFF,0xFF,0xFF,0xFF,0xFF,0xFF,0xFF,0xFF,0xFF,0xFF,0xFF,0xFF,0xFF,0xFF,0xFF,0xFF,0xFF,0xFF,0xFF,0xFF,0xFF,
  0xFF,0xFF,0xFF,0xFF,0xFF,0xFF,0xFF,0xFF,0xFF,0xFF,0xFF,0xFF,0xFF,0xFF,0xFF,0xFF,0xFF,0xFF,0xBF,0xFF,0x7E,0xF7,0x7D,0xEF,
  0x7E,0xF7,0xDE,0xFF,0xFF,0xFF,0x1D,0xE7,0x98,0x8C,0xB4,0x52,0x15,0x63,0xF9,0x9C,0x3D,0xEF,0xFF,0xFF,0xFF,0xFF,0xDC,0xDE,
  0x39,0xA5,0xB6,0x73,0x74,0x4A,0xD3,0x31,0x51,0x21,0x31,0x21,0xF1,0x18,0x11,0x19,0x11,0x19,0x31,0x19,0x31,0x19,0x31,0x21,
  0x51,0x21,0x31,0x19,0x31,0x19,0x11,0x19,0x11,0x19,0x11,0x19,0x31,0x21,0x31,0x21,0x92,0x31,0x53,0x42,0x55,0x6B,0xD9,0x9C,
  0x7C,0xCE,0xDE,0xFF,0xFF,0xFF,0x7E,0xF7,0x9A,0xAD,0x75,0x6B,0x94,0x52,0x16,0x7C,0x7C,0xCE,0xFF,0xFF,0xDF,0xFF,0x9E,0xEF,
  0xDF,0xFF,0x9E,0xF7,0xDF,0xFF,0xFF,0xFF,0xFF,0xFF,0xFF,0xFF,0xFF,0xFF,0xFF,0xFF,0xFF,0xFF,0xFF,0xFF,0xFF,0xFF,0xFF,0xFF,
  0xFF,0xFF,0xFF,0xFF,0xFF,0xFF,0xFF,0xFF,0xFF,0xFF,0xFF,0xFF,0xFF,0xFF,0xFF,0xFF,0xFF,0xFF,0xFF,0xFF,0xFF,0xFF,0xFF,0xFF,
  0xFF,0xFF,0xFF,0xFF,0xFF,0xFF,0xFF,0xFF,0xFF,0xFF,0xFF,0xFF,0xFF,0xFF,0xFF,0xFF,0xFF,0xFF,0xFF,0xFF,0xFF,0xFF,0xFF,0xFF,
  0xFF,0xFF,0xFF,0xFF,0xFF,0xFF,0xFF,0xFF,0xFF,0xFF,0xFF,0xFF,0xFF,0xFF,0xFF,0xFF,0xFF,0xFF,0xFF,0xFF,0xFF,0xFF,0xFF,0xFF,
  0xFF,0xFF,0xFF,0xFF,0xFF,0xFF,0xFF,0xFF,0xFF,0xFF,0xFF,0xFF,0xFF,0xFF,0xFF,0xFF,0xFF,0xFF,0xFF,0xFF,0xFF,0xFF,0xFF,0xFF,
  0xFF,0xFF,0xFF,0xFF,0xFF,0xFF,0xFF,0xFF,0xFF,0xFF,0xFF,0xFF,0xFF,0xFF,0xFF,0xFF,0xFF,0xFF,0xFF,0xFF,0xFF,0xFF,0xFF,0xFF,
  0xFF,0xFF,0xFF,0xFF,0xFF,0xFF,0xFF,0xFF,0xFF,0xFF,0xFF,0xFF,0xFF,0xFF,0xFF,0xFF,0xFF,0xFF,0xFF,0xFF,0xFF,0xFF,0xFF,0xFF,
  0xFF,0xFF,0xFF,0xFF,0xFF,0xFF,0xFF,0xFF,0xFF,0xFF,0xFF,0xFF,0xFF,0xFF,0xFF,0xFF,0xFF,0xFF,0xDF,0xFF,0xDE,0xFF,0xDF,0xFF,
  0xBE,0xF7,0x9E,0xF7,0xBE,0xF7,0xFF,0xFF,0xFF,0xFF,0xBE,0xF7,0xDA,0xB5,0xD7,0x7B,0xB4,0x5A,0x34,0x63,0xD8,0x94,0x7C,0xD6,
  0xBE,0xFF,0xFF,0xFF,0xFF,0xFF,0x5E,0xEF,0x7C,0xCE,0x7A,0xAD,0xD9,0x94,0xF7,0x83,0x76,0x73,0x15,0x5B,0xF5,0x5A,0xB4,0x52,
  0x94,0x52,0xF5,0x5A,0x15,0x5B,0x56,0x6B,0xD7,0x7B,0x78,0x8C,0x39,0xA5,0x3C,0xC6,0x3D,0xE7,0xDE,0xFF,0xFF,0xFF,0xFF,0xFF,
  0xDC,0xDE,0x39,0xA5,0x96,0x6B,0xB3,0x52,0x76,0x6B,0x39,0xAD,0x5E,0xEF,0xFF,0xFF,0xFF,0xFF,0x9E,0xF7,0xBE,0xFF,0xBE,0xF7,
  0xDF,0xFF,0xBE,0xF7,0xFF,0xFF,0xFF,0xFF,0xFF,0xFF,0xFF,0xFF,0xFF,0xFF,0xFF,0xFF,0xFF,0xFF,0xFF,0xFF,0xFF,0xFF,0xFF,0xFF,
  0xFF,0xFF,0xFF,0xFF,0xFF,0xFF,0xFF,0xFF,0xFF,0xFF,0xFF,0xFF,0xFF,0xFF,0xFF,0xFF,0xFF,0xFF,0xFF,0xFF,0xFF,0xFF,0xFF,0xFF,
  0xFF,0xFF,0xFF,0xFF,0xFF,0xFF,0xFF,0xFF,0xFF,0xFF,0xFF,0xFF,0xFF,0xFF,0xFF,0xFF,0xFF,0xFF,0xFF,0xFF,0xFF,0xFF,0xFF,0xFF,
  0xFF,0xFF,0xFF,0xFF,0xFF,0xFF,0xFF,0xFF,0xFF,0xFF,0xFF,0xFF,0xFF,0xFF,0xFF,0xFF,0xFF,0xFF,0xFF,0xFF,0xFF,0xFF,0xFF,0xFF,
  0xFF,0xFF,0xFF,0xFF,0xFF,0xFF,0xFF,0xFF,0xFF,0xFF,0xFF,0xFF,0xFF,0xFF,0xFF,0xFF,0xFF,0xFF,0xFF,0xFF,0xFF,0xFF,0xFF,0xFF,
  0xFF,0xFF,0xFF,0xFF,0xFF,0xFF,0xFF,0xFF,0xFF,0xFF,0xFF,0xFF,0xFF,0xFF,0xFF,0xFF,0xFF,0xFF,0xFF,0xFF,0xFF,0xFF,0xFF,0xFF,
  0xFF,0xFF,0xFF,0xFF,0xFF,0xFF,0xFF,0xFF,0xFF,0xFF,0xFF,0xFF,0xFF,0xFF,0xFF,0xFF,0xFF,0xFF,0xFF,0xFF,0xFF,0xFF,0xFF,0xFF,
  0xFF,0xFF,0xFF,0xFF,0xFF,0xFF,0xFF,0xFF,0xFF,0xFF,0xFF,0xFF,0xFF,0xFF,0xFF,0xFF,0xFF,0xFF,0xFF,0xFF,0xFF,0xFF,0xFF,0xFF,
  0xFF,0xFF,0xFF,0xFF,0xFF,0xFF,0xDF,0xFF,0xBE,0xF7,0x9E,0xF7,0xFF,0xFF,0xFF,0xFF,0x7E,0xEF,0xDB,0xBD,0x37,0x84,0x15,0x63,
  0xD4,0x5A,0x75,0x6B,0x78,0x8C,0x9A,0xB5,0xBC,0xD6,0x5D,0xEF,0xFE,0xFF,0xFF,0xFF,0xFF,0xFF,0xFF,0xFF,0xFF,0xFF,0xFF,0xFF,
  0xFF,0xFF,0xFF,0xFF,0xFF,0xFF,0xFF,0xFF,0xFF,0xFF,0xFF,0xFF,0x9E,0xEF,0xDC,0xDE,0xDA,0xBD,0xD8,0x94,0x96,0x6B,0xF5,0x5A,
  0xF4,0x5A,0xF7,0x7B,0x79,0xAD,0x1D,0xE7,0xFF,0xFF,0xFF,0xFF,0xDF,0xFF,0xDE,0xF7,0xDF,0xFF,0xFF,0xFF,0xFF,0xFF,0xFF,0xFF,
  0xFF,0xFF,0xFF,0xFF,0xFF,0xFF,0xFF,0xFF,0xFF,0xFF,0xFF,0xFF,0xFF,0xFF,0xFF,0xFF,0xFF,0xFF,0xFF,0xFF,0xFF,0xFF,0xFF,0xFF,
  0xFF,0xFF,0xFF,0xFF,0xFF,0xFF,0xFF,0xFF,0xFF,0xFF,0xFF,0xFF,0xFF,0xFF,0xFF,0xFF,0xFF,0xFF,0xFF,0xFF,0xFF,0xFF,0xFF,0xFF,
  0xFF,0xFF,0xFF,0xFF,0xFF,0xFF,0xFF,0xFF,0xFF,0xFF,0xFF,0xFF,0xFF,0xFF,0xFF,0xFF,0xFF,0xFF,0xFF,0xFF,0xFF,0xFF,0xFF,0xFF,
  0xFF,0xFF,0xFF,0xFF,0xFF,0xFF,0xFF,0xFF,0xFF,0xFF,0xFF,0xFF,0xFF,0xFF,0xFF,0xFF,0xFF,0xFF,0xFF,0xFF,0xFF,0xFF,0xFF,0xFF,
  0xFF,0xFF,0xFF,0xFF,0xFF,0xFF,0xFF,0xFF,0xFF,0xFF,0xFF,0xFF,0xFF,0xFF,0xFF,0xFF,0xFF,0xFF,0xFF,0xFF,0xFF,0xFF,0xFF,0xFF,
  0xFF,0xFF,0xFF,0xFF,0xFF,0xFF,0xFF,0xFF,0xFF,0xFF,0xFF,0xFF,0xFF,0xFF,0xFF,0xFF,0xFF,0xFF,0xFF,0xFF,0xFF,0xFF,0xFF,0xFF,
  0xFF,0xFF,0xFF,0xFF,0xFF,0xFF,0xFF,0xFF,0xFF,0xFF,0xFF,0xFF,0xFF,0xFF,0xFF,0xFF,0xFF,0xFF,0xFF,0xFF,0xFF,0xFF,0xFF,0xFF,
  0xFF,0xFF,0xFF,0xFF,0xFF,0xFF,0xFF,0xFF,0xFF,0xFF,0xFF,0xFF,0xFF,0xFF,0xFF,0xFF,0xFF,0xFF,0xFF,0xFF,0xFF,0xFF,0xFF,0xFF,
  0xFF,0xFF,0xFF,0xFF,0xFF,0xFF,0xDF,0xFF,0x9E,0xF7,0x9E,0xF7,0xDF,0xF7,0xDF,0xFF,0xFF,0xFF,0xFF,0xFF,0xFF,0xFF,0xBE,0xF7,
  0xFC,0xDE,0xDA,0xB5,0x98,0x8C,0xB6,0x73,0x35,0x63,0x15,0x63,0xF4,0x5A,0x35,0x63,0x96,0x73,0xB6,0x7B,0xF7,0x7B,0x17,0x7C,
  0x17,0x84,0x17,0x7C,0xD6,0x7B,0x96,0x73,0x35,0x63,0x15,0x5B,0xF4,0x5A,0x15,0x5B,0x76,0x6B,0x57,0x8C,0x9A,0xB5,0x9D,0xD6,
  0x9E,0xF7,0xFF,0xFF,0xFF,0xFF,0xDF,0xFF,0xBF,0xFF,0xBF,0xF7,0xBF,0xF7,0x9E,0xF7,0xDF,0xFF,0xFF,0xFF,0xFF,0xFF,0xFF,0xFF,
  0xFF,0xFF,0xFF,0xFF,0xFF,0xFF,0xFF,0xFF,0xFF,0xFF,0xFF,0xFF,0xFF,0xFF,0xFF,0xFF,0xFF,0xFF,0xFF,0xFF,0xFF,0xFF,0xFF,0xFF,
  0xFF,0xFF,0xFF,0xFF,0xFF,0xFF,0xFF,0xFF,0xFF,0xFF,0xFF,0xFF,0xFF,0xFF,0xFF,0xFF,0xFF,0xFF,0xFF,0xFF,0xFF,0xFF,0xFF,0xFF,
  0xFF,0xFF,0xFF,0xFF,0xFF,0xFF,0xFF,0xFF,0xFF,0xFF,0xFF,0xFF,0xFF,0xFF,0xFF,0xFF,0xFF,0xFF,0xFF,0xFF,0xFF,0xFF,0xFF,0xFF,
  0xFF,0xFF,0xFF,0xFF,0xFF,0xFF,0xFF,0xFF,0xFF,0xFF,0xFF,0xFF,0xFF,0xFF,0xFF,0xFF,0xFF,0xFF,0xFF,0xFF,0xFF,0xFF,0xFF,0xFF,
  0xFF,0xFF,0xFF,0xFF,0xFF,0xFF,0xFF,0xFF,0xFF,0xFF,0xFF,0xFF,0xFF,0xFF,0xFF,0xFF,0xFF,0xFF,0xFF,0xFF,0xFF,0xFF,0xFF,0xFF,
  0xFF,0xFF,0xFF,0xFF,0xFF,0xFF,0xFF,0xFF,0xFF,0xFF,0xFF,0xFF,0xFF,0xFF,0xFF,0xFF,0xFF,0xFF,0xFF,0xFF,0xFF,0xFF,0xFF,0xFF,
  0xFF,0xFF,0xFF,0xFF,0xFF,0xFF,0xFF,0xFF,0xFF,0xFF,0xFF,0xFF,0xFF,0xFF,0xFF,0xFF,0xFF,0xFF,0xFF,0xFF,0xFF,0xFF,0xFF,0xFF,
  0xFF,0xFF,0xFF,0xFF,0xFF,0xFF,0xFF,0xFF,0xFF,0xFF,0xFF,0xFF,0xFF,0xFF,0xFF,0xFF,0xFF,0xFF,0xFF,0xFF,0xFF,0xFF,0xFF,0xFF,
  0xFF,0xFF,0xFF,0xFF,0xFF,0xFF,0xDF,0xFF,0xBE,0xFF,0xDF,0xFF,0xBE,0xF7,0xDF,0xFF,0xBF,0xF7,0xDF,0xFF,0xBE,0xF7,0xDF,0xFF,
  0xFF,0xFF,0xFF,0xFF,0xFF,0xFF,0xFF,0xFF,0xDF,0xFF,0x7E,0xF7,0xDC,0xDE,0x3B,0xC6,0xFB,0xBD,0x79,0xAD,0x79,0xA5,0x79,0xAD,
  0x5A,0xAD,0x59,0xAD,0x79,0xAD,0xDA,0xBD,0x1B,0xC6,0xBC,0xD6,0x3E,0xEF,0xDE,0xFF,0xFF,0xFF,0xFF,0xFF,0xFF,0xFF,0xFF,0xFF,
  0xDF,0xFF,0xBE,0xF7,0xBF,0xF7,0xBF,0xF7,0xBF,0xFF,0xDF,0xFF,0xDF,0xFF,0x9F,0xF7,0xDF,0xFF,0xFF,0xFF,0xFF,0xFF,0xFF,0xFF,
  0xFF,0xFF,0xFF,0xFF,0xFF,0xFF,0xFF,0xFF,0xFF,0xFF,0xFF,0xFF,0xFF,0xFF,0xFF,0xFF,0xFF,0xFF,0xFF,0xFF,0xFF,0xFF,0xFF,0xFF,
  0xFF,0xFF,0xFF,0xFF,0xFF,0xFF,0xFF,0xFF,0xFF,0xFF,0xFF,0xFF,0xFF,0xFF,0xFF,0xFF,0xFF,0xFF,0xFF,0xFF,0xFF,0xFF,0xFF,0xFF,
  0xFF,0xFF,0xFF,0xFF,0xFF,0xFF,0xFF,0xFF,0xFF,0xFF,0xFF,0xFF,0xFF,0xFF,0xFF,0xFF,0xFF,0xFF,0xFF,0xFF,0xFF,0xFF,0xFF,0xFF,
  0xFF,0xFF,0xFF,0xFF,0xFF,0xFF,0xFF,0xFF,0xFF,0xFF,0xFF,0xFF,0xFF,0xFF,0xFF,0xFF,0xFF,0xFF,0xFF,0xFF,0xFF,0xFF,0xFF,0xFF,
  0xFF,0xFF,0xFF,0xFF,0xFF,0xFF,0xFF,0xFF,0xFF,0xFF,0xFF,0xFF,0xFF,0xFF,0xFF,0xFF,0xFF,0xFF,0xFF,0xFF,0xFF,0xFF,0xFF,0xFF,
  0xFF,0xFF,0xFF,0xFF,0xFF,0xFF,0xFF,0xFF,0xFF,0xFF,0xFF,0xFF,0xFF,0xFF,0xFF,0xFF,0xFF,0xFF,0xFF,0xFF,0xFF,0xFF,0xFF,0xFF,
  0xFF,0xFF,0xFF,0xFF,0xFF,0xFF,0xFF,0xFF,0xFF,0xFF,0xFF,0xFF,0xFF,0xFF,0xFF,0xFF,0xFF,0xFF,0xFF,0xFF,0xFF,0xFF,0xFF,0xFF,
  0xFF,0xFF,0xFF,0xFF,0xFF,0xFF,0xFF,0xFF,0xFF,0xFF,0xFF,0xFF,0xFF,0xFF,0xFF,0xFF,0xFF,0xFF,0xFF,0xFF,0xFF,0xFF,0xFF,0xFF,
  0xFF,0xFF,0xFF,0xFF,0xFF,0xFF,0xFF,0xFF,0xFF,0xFF,0xFF,0xFF,0xFF,0xFF,0xFF,0xFF,0xFF,0xFF,0xFF,0xFF,0xFF,0xFF,0xFF,0xFF,
  0xFF,0xFF,0xFF,0xFF,0xFF,0xFF,0xFF,0xFF,0xFF,0xFF,0xFF,0xFF,0xFF,0xFF,0xFF,0xFF,0xFF,0xFF,0xFF,0xFF,0xFF,0xFF,0xFF,0xFF,
  0xFF,0xFF,0xFF,0xFF,0xFF,0xFF,0xFF,0xFF,0xFF,0xFF,0xFF,0xFF,0xFF,0xFF,0xFF,0xFF,0xFF,0xFF,0xFF,0xFF,0xFF,0xFF,0xFF,0xFF,
  0xFF,0xFF,0xFF,0xFF,0xFF,0xFF,0xFF,0xFF,0xFF,0xFF,0xFF,0xFF,0xFF,0xFF,0xFF,0xFF,0xFF,0xFF,0xFF,0xFF,0xFF,0xFF,0xFF,0xFF,
  0xFF,0xFF,0xFF,0xFF,0xFF,0xFF,0xFF,0xFF,0xFF,0xFF,0xFF,0xFF,0xFF,0xFF,0xFF,0xFF,0xFF,0xFF,0xFF,0xFF,0xFF,0xFF,0xFF,0xFF,
  0xFF,0xFF,0xFF,0xFF,0xFF,0xFF,0xFF,0xFF,0xFF,0xFF,0xFF,0xFF,0xFF,0xFF,0xFF,0xFF,0xFF,0xFF,0xFF,0xFF,0xFF,0xFF,0xFF,0xFF,
  0xFF,0xFF,0xFF,0xFF,0xFF,0xFF,0xFF,0xFF,0xFF,0xFF,0xFF,0xFF,0xFF,0xFF,0xFF,0xFF,0xFF,0xFF,0xFF,0xFF,0xFF,0xFF,0xFF,0xFF,
  0xFF,0xFF,0xFF,0xFF,0xFF,0xFF,0xFF,0xFF,0xFF,0xFF,0xFF,0xFF,0xFF,0xFF,0xFF,0xFF,0xFF,0xFF,0xFF,0xFF,0xFF,0xFF,0xFF,0xFF,
  0xFF,0xFF,0xFF,0xFF,0xFF,0xFF,0xFF,0xFF,0xFF,0xFF,0xFF,0xFF,0xFF,0xFF,0xFF,0xFF,0xFF,0xFF,0xFF,0xFF,0xFF,0xFF,0xFF,0xFF,
  0xFF,0xFF,0xFF,0xFF,0xFF,0xFF,0xFF,0xFF,0xFF,0xFF,0xFF,0xFF,0xFF,0xFF,0xFF,0xFF,0xFF,0xFF,0xFF,0xFF,0xFF,0xFF,0xFF,0xFF,
  0xFF,0xFF,0xFF,0xFF,0xFF,0xFF,0xFF,0xFF,0xFF,0xFF,0xFF,0xFF,0xFF,0xFF,0xFF,0xFF,0xFF,0xFF,0xFF,0xFF,0xFF,0xFF,0xFF,0xFF,
  0xFF,0xFF,0xFF,0xFF,0xFF,0xFF,0xFF,0xFF,0xFF,0xFF,0xFF,0xFF,0xFF,0xFF,0xFF,0xFF,0xFF,0xFF,0xFF,0xFF,0xFF,0xFF,0xFF,0xFF,
  0xFF,0xFF,0xFF,0xFF,0xFF,0xFF,0xFF,0xFF,0xFF,0xFF,0xFF,0xFF,0xFF,0xFF,0xFF,0xFF,0xFF,0xFF,0xFF,0xFF,0xFF,0xFF,0xFF,0xFF,
  0xFF,0xFF,0xFF,0xFF,0xFF,0xFF,0xFF,0xFF,0xFF,0xFF,0xFF,0xFF,0xFF,0xFF,0xFF,0xFF,0xFF,0xFF,0xFF,0xFF,0xFF,0xFF,0xFF,0xFF,
  0xFF,0xFF,0xFF,0xFF,0xFF,0xFF,0xFF,0xFF,0xFF,0xFF,0xFF,0xFF,0xFF,0xFF,0xFF,0xFF,0xFF,0xFF,0xFF,0xFF,0xFF,0xFF,0xFF,0xFF,
  0xFF,0xFF,0xFF,0xFF,0xFF,0xFF,0xFF,0xFF,0xFF,0xFF,0xFF,0xFF,0xFF,0xFF,0xFF,0xFF,0xFF,0xFF,0xFF,0xFF,0xFF,0xFF,0xFF,0xFF,
  0xFF,0xFF,0xFF,0xFF,0xFF,0xFF,0xFF,0xFF,0xFF,0xFF,0xFF,0xFF,0xFF,0xFF,0xFF,0xFF,0xFF,0xFF,0xFF,0xFF,0xFF,0xFF,0xFF,0xFF,
  0xFF,0xFF,0xFF,0xFF,0xFF,0xFF,0xFF,0xFF,0xFF,0xFF,0xFF,0xFF,0xFF,0xFF,0xFF,0xFF,0xFF,0xFF,0xFF,0xFF,0xFF,0xFF,0xFF,0xFF,
  0xFF,0xFF,0xFF,0xFF,0xFF,0xFF,0xFF,0xFF,0xFF,0xFF,0xFF,0xFF,0xFF,0xFF,0xFF,0xFF,0xFF,0xFF,0xFF,0xFF,0xFF,0xFF,0xFF,0xFF,
  0xFF,0xFF,0xFF,0xFF,0xFF,0xFF,0xFF,0xFF,0xFF,0xFF,0xFF,0xFF,0xFF,0xFF,0xFF,0xFF,0xFF,0xFF,0xFF,0xFF,0xFF,0xFF,0xFF,0xFF,
  0xFF,0xFF,0xFF,0xFF,0xFF,0xFF,0xFF,0xFF,0xFF,0xFF,0xFF,0xFF,0xFF,0xFF,0xFF,0xFF,0xFF,0xFF,0xFF,0xFF,0xFF,0xFF,0xFF,0xFF,
  0xFF,0xFF,0xFF,0xFF,0xFF,0xFF,0xFF,0xFF,0xFF,0xFF,0xFF,0xFF,0xFF,0xFF,0xFF,0xFF,0xFF,0xFF,0xFF,0xFF,0xFF,0xFF,0xFF,0xFF,
  0xFF,0xFF,0xFF,0xFF,0xFF,0xFF,0xFF,0xFF,0xFF,0xFF,0xFF,0xFF,0xFF,0xFF,0xFF,0xFF,0xFF,0xFF,0xFF,0xFF,0xFF,0xFF,0xFF,0xFF,
  0xFF,0xFF,0xFF,0xFF,0xFF,0xFF,0xFF,0xFF,0xFF,0xFF,0xFF,0xFF,0xFF,0xFF,0xFF,0xFF,0xFF,0xFF,0xFF,0xFF,0xFF,0xFF,0xFF,0xFF,
  0xFF,0xFF,0xFF,0xFF,0xFF,0xFF,0xFF,0xFF,0xFF,0xFF,0xFF,0xFF,0xFF,0xFF,0xFF,0xFF,0xFF,0xFF,0xFF,0xFF,0xFF,0xFF,0xFF,0xFF,
  0xFF,0xFF,0xFF,0xFF,0xFF,0xFF,0xFF,0xFF,0xFF,0xFF,0xFF,0xFF,0xFF,0xFF,0xFF,0xFF,0xFF,0xFF,0xFF,0xFF,0xFF,0xFF,0xFF,0xFF,
  0xFF,0xFF,0xFF,0xFF,0xFF,0xFF,0xFF,0xFF,0xFF,0xFF,0xFF,0xFF,0xFF,0xFF,0xFF,0xFF,0xFF,0xFF,0xFF,0xFF,0xFF,0xFF,0xFF,0xFF,
  0xFF,0xFF,0xFF,0xFF,0xFF,0xFF,0xFF,0xFF,0xFF,0xFF,0xFF,0xFF,0xFF,0xFF,0xFF,0xFF,0xFF,0xFF,0xFF,0xFF,0xFF,0xFF,0xFF,0xFF,
  0xFF,0xFF,0xFF,0xFF,0xFF,0xFF,0xFF,0xFF,0xFF,0xFF,0xFF,0xFF,0xFF,0xFF,0xFF,0xFF,0xFF,0xFF,0xFF,0xFF,0xFF,0xFF,0xFF,0xFF,
  0xFF,0xFF,0xFF,0xFF,0xFF,0xFF,0xFF,0xFF,0xFF,0xFF,0xFF,0xFF,0xFF,0xFF,0xFF,0xFF,0xFF,0xFF,0xFF,0xFF,0xFF,0xFF,0xFF,0xFF,
  0xFF,0xFF,0xFF,0xFF,0xFF,0xFF,0xFF,0xFF,0xFF,0xFF,0xFF,0xFF,0xFF,0xFF,0xFF,0xFF,0xFF,0xFF,0xFF,0xFF,0xFF,0xFF,0xFF,0xFF,
  0xFF,0xFF,0xFF,0xFF,0xFF,0xFF,0xFF,0xFF,0xFF,0xFF,0xFF,0xFF,0xFF,0xFF,0xFF,0xFF,0xFF,0xFF,0xFF,0xFF,0xFF,0xFF,0xFF,0xFF,
  0xFF,0xFF,0xFF,0xFF,0xFF,0xFF,0xFF,0xFF,0xFF,0xFF,0xFF,0xFF,0xFF,0xFF,0xFF,0xFF,0xFF,0xFF,0xFF,0xFF,0xFF,0xFF,0xFF,0xFF,
  0xFF,0xFF,0xFF,0xFF,0xFF,0xFF,0xFF,0xFF,0xFF,0xFF,0xFF,0xFF,0xFF,0xFF,0xFF,0xFF,0xFF,0xFF,0xFF,0xFF,0xFF,0xFF,0xFF,0xFF,
  0xFF,0xFF,0xFF,0xFF,0xFF,0xFF,0xFF,0xFF,0xFF,0xFF,0xFF,0xFF,0xFF,0xFF,0xFF,0xFF,0xFF,0xFF,0xFF,0xFF,0xFF,0xFF,0xFF,0xFF,
  0xFF,0xFF,0xFF,0xFF,0xFF,0xFF,0xFF,0xFF,0xFF,0xFF,0xFF,0xFF,0xFF,0xFF,0xFF,0xFF,0xFF,0xFF,0xFF,0xFF,0xFF,0xFF,0xFF,0xFF,
  0xFF,0xFF,0xFF,0xFF,0xFF,0xFF,0xFF,0xFF,0xFF,0xFF,0xFF,0xFF,0xFF,0xFF,0xFF,0xFF,0xFF,0xFF,0xFF,0xFF,0xFF,0xFF,0xFF,0xFF,
  0xFF,0xFF,0xFF,0xFF,0xFF,0xFF,0xFF,0xFF,0xFF,0xFF,0xFF,0xFF,0xFF,0xFF,0xFF,0xFF,0xFF,0xFF,0xFF,0xFF,0xFF,0xFF,0xFF,0xFF,
  0xFF,0xFF,0xFF,0xFF,0xFF,0xFF,0xFF,0xFF,0xFF,0xFF,0xFF,0xFF,0xFF,0xFF,0xFF,0xFF,0xFF,0xFF,0xFF,0xFF,0xFF,0xFF,0xFF,0xFF,
  0xFF,0xFF,0xFF,0xFF,0xFF,0xFF,0xFF,0xFF,0xFF,0xFF,0xFF,0xFF,0xFF,0xFF,0xFF,0xFF,0xFF,0xFF,0xFF,0xFF,0xFF,0xFF,0xFF,0xFF,
  0xFF,0xFF,0xFF,0xFF,0xFF,0xFF,0xFF,0xFF,0xFF,0xFF,0xFF,0xFF,0xFF,0xFF,0xFF,0xFF,0xFF,0xFF,0xFF,0xFF,0xFF,0xFF,0xFF,0xFF,
  0xFF,0xFF,0xFF,0xFF,0xFF,0xFF,0xFF,0xFF,0xFF,0xFF,0xFF,0xFF,0xFF,0xFF,0xFF,0xFF,0xFF,0xFF,0xFF,0xFF,0xFF,0xFF,0xFF,0xFF,
  0xFF,0xFF,0xFF,0xFF,0xFF,0xFF,0xFF,0xFF,0xFF,0xFF,0xFF,0xFF,0xFF,0xFF,0xFF,0xFF,0xFF,0xFF,0xFF,0xFF,0xFF,0xFF,0xFF,0xFF,
  0xFF,0xFF,0xFF,0xFF,0xFF,0xFF,0xFF,0xFF,0xFF,0xFF,0xFF,0xFF,0xFF,0xFF,0xFF,0xFF,0xFF,0xFF,0xFF,0xFF,0xFF,0xFF,0xFF,0xFF,
  0xFF,0xFF,0xFF,0xFF,0xFF,0xFF,0xFF,0xFF,0xFF,0xFF,0xFF,0xFF,0xFF,0xFF,0xFF,0xFF,0xFF,0xFF,0xFF,0xFF,0xFF,0xFF,0xFF,0xFF,
  0xFF,0xFF,0xFF,0xFF,0xFF,0xFF,0xFF,0xFF,0xFF,0xFF,0xFF,0xFF,0xFF,0xFF,0xFF,0xFF,0xFF,0xFF,0xFF,0xFF,0xFF,0xFF,0xFF,0xFF,
  0xFF,0xFF,0xFF,0xFF,0xFF,0xFF,0xFF,0xFF,0xFF,0xFF,0xFF,0xFF,0xFF,0xFF,0xFF,0xFF,0xFF,0xFF,0xFF,0xFF,0xFF,0xFF,0xFF,0xFF,
  0xFF,0xFF,0xFF,0xFF,0xFF,0xFF,0xFF,0xFF,0xFF,0xFF,0xFF,0xFF,0xFF,0xFF,0xFF,0xFF,0xFF,0xFF,0xFF,0xFF,0xFF,0xFF,0xFF,0xFF,
  0xFF,0xFF,0xFF,0xFF,0xFF,0xFF,0xFF,0xFF,0xFF,0xFF,0xFF,0xFF,0xFF,0xFF,0xFF,0xFF,0xFF,0xFF,0xFF,0xFF,0xFF,0xFF,0xFF,0xFF,
  0xFF,0xFF,0xFF,0xFF,0xFF,0xFF,0xFF,0xFF,0xFF,0xFF,0xFF,0xFF,0xFF,0xFF,0xFF,0xFF,0xFF,0xFF,0xFF,0xFF,0xFF,0xFF,0xFF,0xFF,
  0xFF,0xFF,0xFF,0xFF,0xFF,0xFF,0xFF,0xFF,0xFF,0xFF,0xFF,0xFF,0xFF,0xFF,0xFF,0xFF,0xFF,0xFF,0xFF,0xFF,0xFF,0xFF,0xFF,0xFF,
  0xFF,0xFF,0xFF,0xFF,0xFF,0xFF,0xFF,0xFF,0xFF,0xFF,0xFF,0xFF,0xFF,0xFF,0xFF,0xFF,0xFF,0xFF,0xFF,0xFF,0xFF,0xFF,0xFF,0xFF,
  0xFF,0xFF,0xFF,0xFF,0xFF,0xFF,0xFF,0xFF,0xFF,0xFF,0xFF,0xFF,0xFF,0xFF,0xFF,0xFF,0xFF,0xFF,0xFF,0xFF,0xFF,0xFF,0xFF,0xFF,
  0xFF,0xFF,0xFF,0xFF,0xFF,0xFF,0xFF,0xFF,0xFF,0xFF,0xFF,0xFF,0xFF,0xFF,0xFF,0xFF,0xFF,0xFF,0xFF,0xFF,0xFF,0xFF,0xFF,0xFF,
  0xFF,0xFF,0xFF,0xFF,0xFF,0xFF,0xFF,0xFF,0xFF,0xFF,0xFF,0xFF,0xFF,0xFF,0xFF,0xFF,0xFF,0xFF,0xFF,0xFF,0xFF,0xFF,0xFF,0xFF,
  0xFF,0xFF,0xFF,0xFF,0xFF,0xFF,0xFF,0xFF,0xFF,0xFF,0xFF,0xFF,0xFF,0xFF,0xFF,0xFF,0xFF,0xFF,0xFF,0xFF,0xFF,0xFF,0xFF,0xFF,
  0xFF,0xFF,0xFF,0xFF,0xFF,0xFF,0xFF,0xFF,0xFF,0xFF,0xFF,0xFF,0xFF,0xFF,0xFF,0xFF,0xFF,0xFF,0xFF,0xFF,0xFF,0xFF,0xFF,0xFF,
  0xFF,0xFF,0xFF,0xFF,0xFF,0xFF,0xFF,0xFF,0xFF,0xFF,0xFF,0xFF,0xFF,0xFF,0xFF,0xFF,0xFF,0xFF,0xFF,0xFF,0xFF,0xFF,0xFF,0xFF,
  0xFF,0xFF,0xFF,0xFF,0xFF,0xFF,0xFF,0xFF,0xFF,0xFF,0xFF,0xFF,0xFF,0xFF,0xFF,0xFF,0xFF,0xFF,0xFF,0xFF,0xFF,0xFF,0xFF,0xFF,
  0xFF,0xFF,0xFF,0xFF,0xFF,0xFF,0xFF,0xFF,0xBF,0xF7,0xFF,0xFF,0xFF,0xFF,0xDF,0xFF,0xDF,0xFF,0xFF,0xFF,0xDF,0xFF,0xBF,0xF7,
  0xDF,0xFF,0xFF,0xFF,0xDF,0xFF,0xBF,0xF7,0xFF,0xFF,0xFF,0xFF,0xFF,0xFF,0xFF,0xFF,0xFF,0xFF,0xFF,0xFF,0xFF,0xFF,0xFF,0xFF,
  0xFF,0xFF,0xFF,0xFF,0xFF,0xFF,0xFF,0xFF,0xFF,0xFF,0xFF,0xFF,0xFF,0xFF,0xFF,0xFF,0xFF,0xFF,0xFF,0xFF,0xFF,0xFF,0xFF,0xFF,
  0xFF,0xFF,0xFF,0xFF,0xFF,0xFF,0xFF,0xFF,0xFF,0xFF,0xFF,0xFF,0xFF,0xFF,0xFF,0xFF,0xFF,0xFF,0xFF,0xFF,0xFF,0xFF,0xFF,0xFF,
  0xFF,0xFF,0xFF,0xFF,0xFF,0xFF,0xFF,0xFF,0xFF,0xFF,0xFF,0xFF,0xFF,0xFF,0xFF,0xFF,0xFF,0xFF,0xFF,0xFF,0xFF,0xFF,0xFF,0xFF,
  0xFF,0xFF,0xFF,0xFF,0xFF,0xFF,0xFF,0xFF,0xFF,0xFF,0xFF,0xFF,0xFF,0xFF,0xFF,0xFF,0xFF,0xFF,0xFF,0xFF,0xFF,0xFF,0xFF,0xFF,
  0xFF,0xFF,0xFF,0xFF,0xFF,0xFF,0xFF,0xFF,0xFF,0xFF,0xFF,0xFF,0xFF,0xFF,0xFF,0xFF,0xFF,0xFF,0xFF,0xFF,0xFF,0xFF,0xFF,0xFF,
  0xFF,0xFF,0xFF,0xFF,0xFF,0xFF,0xFF,0xFF,0xFF,0xFF,0xFF,0xFF,0xFF,0xFF,0xFF,0xFF,0xFF,0xFF,0xFF,0xFF,0xFF,0xFF,0xFF,0xFF,
  0xFF,0xFF,0xFF,0xFF,0xFF,0xFF,0xFF,0xFF,0xFF,0xFF,0xFF,0xFF,0xFF,0xFF,0xFF,0xFF,0xFF,0xFF,0xFF,0xFF,0xFF,0xFF,0xFF,0xFF,
  0xFF,0xFF,0xFF,0xFF,0xFF,0xFF,0xFF,0xFF,0xFF,0xFF,0xFF,0xFF,0xFF,0xFF,0xFF,0xFF,0xFF,0xFF,0xFF,0xFF,0xFF,0xFF,0xFF,0xFF,
  0xFF,0xFF,0xFF,0xFF,0xFF,0xFF,0xFF,0xFF,0xFF,0xFF,0xFF,0xFF,0xFF,0xFF,0xFF,0xFF,0xFF,0xFF,0xFF,0xFF,0xFF,0xFF,0xFF,0xFF,
  0xFF,0xFF,0xFF,0xFF,0xFF,0xFF,0xFF,0xFF,0xFF,0xFF,0xFF,0xFF,0xFF,0xFF,0xFF,0xFF,0xFF,0xFF,0xFF,0xFF,0xFF,0xFF,0xFF,0xFF,
  0xFF,0xFF,0xFF,0xFF,0xFF,0xFF,0xFF,0xFF,0xDE,0xF7,0xFF,0xFF,0x9F,0xF7,0x7E,0xF7,0xBF,0xF7,0xFF,0xFF,0xFF,0xFF,0xFF,0xFF,
  0xDF,0xFF,0x9F,0xF7,0xFF,0xFF,0xDE,0xF7,0xFF,0xFF,0xFF,0xFF,0xFF,0xFF,0xFF,0xFF,0xFF,0xFF,0xFF,0xFF,0xFF,0xFF,0xFF,0xFF,
  0xFF,0xFF,0xFF,0xFF,0xFF,0xFF,0xFF,0xFF,0xFF,0xFF,0xFF,0xFF,0xFF,0xFF,0xFF,0xFF,0xFF,0xFF,0xFF,0xFF,0xFF,0xFF,0xFF,0xFF,
  0xFF,0xFF,0xFF,0xFF,0xFF,0xFF,0xFF,0xFF,0xDF,0xFF,0xFF,0xFF,0xFF,0xFF,0xFF,0xFF,0xFF,0xFF,0xFF,0xFF,0xFF,0xFF,0xFF,0xFF,
  0xFF,0xFF,0xFF,0xFF,0xFF,0xFF,0xFF,0xFF,0xFF,0xFF,0xFF,0xFF,0xFF,0xFF,0xFF,0xFF,0xFF,0xFF,0xFF,0xFF,0xFF,0xFF,0xFF,0xFF,
  0xFF,0xFF,0xFF,0xFF,0xFF,0xFF,0xFF,0xFF,0xFF,0xFF,0xFF,0xFF,0xFF,0xFF,0xFF,0xFF,0xFF,0xFF,0xFF,0xFF,0xFF,0xFF,0xFF,0xFF,
  0xDF,0xFF,0xFF,0xFF,0xFF,0xFF,0xFF,0xFF,0xFF,0xFF,0xFF,0xFF,0xFF,0xFF,0xFF,0xFF,0xFF,0xFF,0xFF,0xFF,0xFF,0xFF,0xFF,0xFF,
  0xFF,0xFF,0xFF,0xFF,0xFF,0xFF,0xFF,0xFF,0xFF,0xFF,0xFF,0xFF,0xFF,0xFF,0xFF,0xFF,0xFF,0xFF,0xFF,0xFF,0xFF,0xFF,0xFF,0xFF,
  0xFF,0xFF,0xFF,0xFF,0xFF,0xFF,0xFF,0xFF,0xFF,0xFF,0xFF,0xFF,0xFF,0xFF,0xFF,0xFF,0xFF,0xFF,0xFF,0xFF,0xFF,0xFF,0xFF,0xFF,
  0xFF,0xFF,0xFF,0xFF,0xFF,0xFF,0xFF,0xFF,0xFF,0xFF,0xFF,0xFF,0xFF,0xFF,0xFF,0xFF,0xFF,0xFF,0xFF,0xFF,0xFF,0xFF,0xFF,0xFF,
  0xFF,0xFF,0xFF,0xFF,0xFF,0xFF,0xFF,0xFF,0xFF,0xFF,0xFF,0xFF,0xFF,0xFF,0xFF,0xFF,0xDF,0xFF,0xFF,0xFF,0xFF,0xFF,0xFF,0xFF,
  0xFF,0xFF,0xFF,0xFF,0xDF,0xFF,0xDF,0xFF,0xFF,0xFF,0xDF,0xFF,0xDF,0xFF,0xFF,0xFF,0xFF,0xFF,0xFF,0xFF,0xFF,0xFF,0xFF,0xFF,
  0xBE,0xFF,0xFF,0xFF,0xFF,0xFF,0xFF,0xFF,0xDE,0xFF,0xFF,0xFF,0xFF,0xFF,0xBE,0xF7,0x3E,0xEF,0xDC,0xDE,0xBC,0xD6,0x1D,0xE7,
  0xDF,0xFF,0xFF,0xFF,0xFF,0xFF,0xDF,0xFF,0xDF,0xFF,0xFF,0xFF,0xDF,0xFF,0xDF,0xFF,0xFF,0xFF,0xFF,0xFF,0xFF,0xFF,0xFF,0xFF,
  0xFF,0xFF,0xFF,0xFF,0xFF,0xFF,0xDF,0xFF,0xFF,0xFF,0xDF,0xFF,0xFF,0xFF,0xFF,0xFF,0xFF,0xFF,0xFF,0xFF,0xFF,0xFF,0xFF,0xFF,
  0xFF,0xFF,0xFF,0xFF,0xFF,0xFF,0xFF,0xFF,0xBF,0xF7,0xDF,0xFF,0xFF,0xFF,0xFF,0xFF,0xFF,0xFF,0xFF,0xFF,0xFF,0xFF,0xBF,0xFF,
  0xFF,0xFF,0xFF,0xFF,0xDF,0xFF,0xFF,0xFF,0xFF,0xFF,0xFF,0xFF,0xFF,0xFF,0xDF,0xFF,0xDE,0xFF,0xFF,0xFF,0xFF,0xFF,0xFF,0xFF,
  0xFF,0xFF,0xFF,0xFF,0xFF,0xFF,0xFF,0xFF,0xFF,0xFF,0xFF,0xFF,0xFF,0xFF,0xFF,0xFF,0xFF,0xFF,0xFF,0xFF,0xFF,0xFF,0xFF,0xFF,
  0x9E,0xF7,0xDF,0xFF,0xFF,0xFF,0xFF,0xFF,0xFF,0xFF,0xFF,0xFF,0xFF,0xFF,0xFF,0xFF,0xFF,0xFF,0xFF,0xFF,0xFF,0xFF,0xFF,0xFF,
  0xFF,0xFF,0xFF,0xFF,0xFF,0xFF,0xDF,0xFF,0xFF,0xFF,0xFF,0xFF,0xFF,0xFF,0xFF,0xFF,0xFF,0xFF,0xFF,0xFF,0xFF,0xFF,0xFF,0xFF,
  0xFF,0xFF,0xFF,0xFF,0xFF,0xFF,0xFF,0xFF,0xFF,0xFF,0xFF,0xFF,0xFF,0xFF,0xFF,0xFF,0xFF,0xFF,0xFF,0xFF,0xFF,0xFF,0xFF,0xFF,
  0xFF,0xFF,0xFF,0xFF,0xFF,0xFF,0xFF,0xFF,0xFF,0xFF,0xFF,0xFF,0xFF,0xFF,0xFF,0xFF,0xFF,0xFF,0xFF,0xFF,0xFF,0xFF,0xFF,0xFF,
  0xFF,0xFF,0xFF,0xFF,0xFF,0xFF,0xFF,0xFF,0xFF,0xFF,0x9E,0xF7,0x9E,0xF7,0xDF,0xFF,0x7E,0xEF,0xB5,0x73,0xF5,0x62,0x35,0x63,
  0x35,0x63,0xF4,0x5A,0x7A,0xB5,0xBF,0xFF,0x7E,0xEF,0xDF,0xFF,0x59,0xAD,0xD4,0x5A,0x35,0x6B,0x35,0x63,0x15,0x5B,0x57,0x8C,
  0xBF,0xFF,0xDF,0xFF,0xBE,0xF7,0x9E,0xEF,0xDE,0xFF,0xBF,0xF7,0x79,0xAD,0x35,0x63,0xF3,0x41,0xB2,0x31,0xB2,0x31,0xD3,0x39,
  0xD4,0x5A,0x97,0x94,0x5E,0xEF,0xFF,0xFF,0x9E,0xF7,0x7E,0xF7,0xBE,0xFF,0xB8,0x94,0xF4,0x5A,0x56,0x6B,0x35,0x63,0x35,0x63,
  0x35,0x63,0xF5,0x5A,0x37,0x84,0xBF,0xF7,0xBE,0xF7,0x5E,0xF7,0xDE,0xFF,0xDB,0xBD,0x35,0x63,0x35,0x63,0x35,0x63,0x35,0x63,
  0x35,0x63,0x15,0x63,0x96,0x73,0x5E,0xEF,0xFF,0xFF,0x99,0xB5,0x34,0x63,0x56,0x63,0x35,0x63,0x15,0x5B,0x36,0x84,0x7E,0xF7,
  0x9E,0xF7,0xDF,0xFF,0xBE,0xFF,0x76,0x8C,0xF4,0x5A,0x55,0x63,0xF4,0x5A,0x97,0x94,0xBD,0xDE,0x96,0x6B,0x96,0x6B,0x35,0x63,
  0x35,0x63,0x35,0x63,0x35,0x63,0x35,0x63,0x35,0x63,0x35,0x63,0x35,0x63,0x35,0x63,0x35,0x63,0x35,0x63,0x35,0x63,0xF8,0x9C,
  0xDE,0xFF,0x3D,0xEF,0xB5,0x73,0x14,0x5B,0x35,0x63,0x35,0x63,0x35,0x63,0x35,0x63,0x35,0x63,0x35,0x63,0x35,0x63,0x35,0x63,
  0x35,0x63,0x35,0x63,0x14,0x5B,0x3B,0xCE,0xDF,0xFF,0x9E,0xF7,0xDF,0xFF,0xFF,0xFF,0xFF,0xFF,0xFF,0xFF,0xFF,0xFF,0xFF,0xFF,
  0xFF,0xFF,0xFF,0xFF,0xFF,0xFF,0xFF,0xFF,0xFF,0xFF,0xFF,0xFF,0xFF,0xFF,0xFF,0xFF,0xFF,0xFF,0xFF,0xFF,0xFF,0xFF,0xFF,0xFF,
  0xFF,0xFF,0xFF,0xFF,0xFF,0xFF,0xFF,0xFF,0xFF,0xFF,0xFF,0xFF,0xFF,0xFF,0xFF,0xFF,0xFF,0xFF,0xFF,0xFF,0xFF,0xFF,0xFF,0xFF,
  0xFF,0xFF,0xFF,0xFF,0xFF,0xFF,0xFF,0xFF,0xFF,0xFF,0x9E,0xF7,0x9E,0xEF,0xBE,0xF7,0x3E,0xE7,0xF2,0x39,0xF0,0x10,0x31,0x21,
  0x51,0x21,0xB0,0x10,0x98,0x94,0xDF,0xFF,0x7D,0xEF,0xFF,0xFF,0x77,0x8C,0xAF,0x10,0x51,0x21,0x31,0x21,0xD1,0x10,0x73,0x4A,
  0xBF,0xF7,0xBE,0xF7,0x7E,0xEF,0xBE,0xF7,0xFD,0xE6,0xF4,0x5A,0x11,0x19,0x31,0x21,0x71,0x29,0x72,0x29,0x92,0x29,0x72,0x29,
  0x31,0x19,0x11,0x19,0x32,0x42,0x5C,0xCE,0xFF,0xFF,0x7E,0xEF,0xFF,0xFF,0x75,0x6B,0xB0,0x10,0x51,0x21,0x31,0x21,0x31,0x21,
  0x31,0x21,0x11,0x21,0x90,0x29,0xDE,0xDE,0xFF,0xFF,0x7E,0xF7,0xFF,0xFF,0xB5,0x73,0xB0,0x10,0x52,0x21,0x31,0x21,0x31,0x21,
  0x31,0x21,0x11,0x19,0xD1,0x31,0x1D,0xE7,0xFF,0xFF,0x37,0x84,0xB0,0x10,0x52,0x21,0x31,0x21,0xF1,0x10,0x12,0x3A,0x7E,0xEF,
  0xFF,0xFF,0xBF,0xF7,0x9F,0xF7,0x93,0x4A,0xD0,0x18,0x51,0x29,0xB1,0x10,0x54,0x6B,0x5C,0xCE,0xF0,0x10,0x32,0x21,0x31,0x21,
  0x31,0x21,0x31,0x19,0x31,0x21,0x31,0x21,0x31,0x21,0x31,0x21,0x31,0x21,0x31,0x21,0x11,0x21,0x52,0x21,0xAF,0x08,0x74,0x6B,
  0xFF,0xFF,0x3D,0xEF,0x12,0x3A,0xF1,0x18,0x31,0x21,0x31,0x21,0x31,0x21,0x31,0x21,0x31,0x21,0x31,0x21,0x31,0x21,0x31,0x21,
  0x31,0x21,0x31,0x21,0xF0,0x18,0x9A,0xAD,0xFF,0xFF,0x7E,0xEF,0x9F,0xF7,0xFF,0xFF,0xFF,0xFF,0xFF,0xFF,0xFF,0xFF,0xFF,0xFF,
  0xFF,0xFF,0xFF,0xFF,0xFF,0xFF,0xFF,0xFF,0xFF,0xFF,0xFF,0xFF,0xFF,0xFF,0xFF,0xFF,0xFF,0xFF,0xFF,0xFF,0xFF,0xFF,0xFF,0xFF,
  0xFF,0xFF,0xFF,0xFF,0xFF,0xFF,0xFF,0xFF,0xFF,0xFF,0xFF,0xFF,0xFF,0xFF,0xFF,0xFF,0xFF,0xFF,0xFF,0xFF,0xFF,0xFF,0xFF,0xFF,
  0xFF,0xFF,0xFF,0xFF,0xFF,0xFF,0xFF,0xFF,0xFF,0xFF,0xBF,0xF7,0x9E,0xF7,0xFF,0xFF,0x3E,0xEF,0x52,0x4A,0x71,0x21,0x92,0x31,
  0xB2,0x31,0x30,0x21,0xB9,0x9C,0xFF,0xFF,0xBE,0xF7,0xFF,0xFF,0xB8,0x94,0x31,0x21,0xB3,0x29,0x93,0x31,0x71,0x29,0xD3,0x52,
  0xBF,0xF7,0x9E,0xF7,0xDF,0xFF,0x7E,0xEF,0x93,0x52,0x10,0x19,0xB2,0x29,0x92,0x29,0x92,0x29,0x51,0x21,0x31,0x21,0x73,0x29,
  0x92,0x29,0xB2,0x29,0x31,0x21,0xF2,0x39,0xBD,0xDE,0xFF,0xFF,0xDF,0xFF,0xB6,0x73,0x31,0x19,0xB2,0x29,0x92,0x29,0x92,0x29,
  0x91,0x29,0xB3,0x31,0x71,0x21,0xFB,0xBD,0xFF,0xFF,0xDF,0xFF,0x7F,0xEF,0x73,0x4A,0x52,0x29,0x92,0x29,0x92,0x29,0x92,0x29,
  0xB2,0x29,0x72,0x29,0x32,0x42,0x1D,0xE7,0xFF,0xFF,0x77,0x8C,0x31,0x21,0xB3,0x31,0xB2,0x31,0x72,0x21,0x73,0x4A,0x7E,0xEF,
  0xDF,0xFF,0xBF,0xFF,0xDF,0xFF,0xF4,0x52,0x51,0x29,0xB3,0x31,0x31,0x19,0xB5,0x73,0x7C,0xCE,0x71,0x29,0x93,0x31,0xB2,0x29,
  0x92,0x31,0x92,0x29,0x92,0x29,0x92,0x29,0x92,0x29,0x92,0x29,0x92,0x29,0x92,0x31,0x92,0x31,0xB3,0x31,0x31,0x21,0xD5,0x73,
  0xFF,0xFF,0x1E,0xEF,0x53,0x42,0x71,0x29,0xB2,0x29,0x92,0x29,0x92,0x31,0x92,0x29,0x92,0x29,0xB2,0x29,0x92,0x29,0x92,0x29,
  0x92,0x29,0xB2,0x29,0x71,0x29,0xBA,0xB5,0xFF,0xFF,0x9E,0xF7,0x7E,0xF7,0xDF,0xFF,0xFF,0xFF,0xFF,0xFF,0xFF,0xFF,0xFF,0xFF,
  0xFF,0xFF,0xFF,0xFF,0xFF,0xFF,0xFF,0xFF,0xFF,0xFF,0xFF,0xFF,0xFF,0xFF,0xFF,0xFF,0xFF,0xFF,0xFF,0xFF,0xFF,0xFF,0xFF,0xFF,
  0xFF,0xFF,0xFF,0xFF,0xFF,0xFF,0xFF,0xFF,0xFF,0xFF,0xFF,0xFF,0xFF,0xFF,0xFF,0xFF,0xFF,0xFF,0xFF,0xFF,0xFF,0xFF,0xFF,0xFF,
  0xFF,0xFF,0xFF,0xFF,0xFF,0xFF,0xFF,0xFF,0xFF,0xFF,0xFF,0xFF,0x7E,0xF7,0x9E,0xF7,0x3E,0xEF,0x33,0x42,0x51,0x21,0x92,0x29,
  0x92,0x29,0x11,0x19,0xB8,0x94,0xFF,0xFF,0xBE,0xF7,0xFF,0xFF,0x98,0x8C,0x31,0x19,0x92,0x29,0x92,0x29,0x51,0x19,0xB4,0x52,
  0xBF,0xFF,0xBE,0xFF,0xDF,0xFF,0x17,0x84,0x11,0x19,0xB2,0x29,0x91,0x29,0x92,0x29,0x31,0x21,0x94,0x4A,0x56,0x63,0x92,0x29,
  0x72,0x29,0x92,0x29,0xB3,0x29,0x11,0x19,0xB5,0x6B,0xDF,0xFF,0xDF,0xFF,0xB5,0x6B,0x11,0x19,0xB2,0x29,0x92,0x29,0x92,0x29,
  0x92,0x21,0xB2,0x29,0x11,0x21,0xD8,0x94,0xDF,0xFF,0xBE,0xFF,0xBD,0xCE,0xB2,0x31,0x72,0x29,0x72,0x29,0x92,0x29,0x92,0x29,
  0x92,0x29,0x52,0x21,0x12,0x42,0x1D,0xE7,0xFF,0xFF,0x77,0x8C,0x10,0x19,0x92,0x29,0x92,0x29,0x32,0x21,0x73,0x4A,0x7F,0xEF,
  0xFF,0xFF,0xBF,0xF7,0xFF,0xFF,0xF3,0x52,0x51,0x21,0xB3,0x31,0x11,0x19,0xB5,0x73,0x7D,0xCE,0x30,0x19,0x51,0x21,0x51,0x21,
  0x72,0x21,0x72,0x21,0x72,0x29,0x92,0x21,0x72,0x29,0x72,0x29,0x72,0x29,0x72,0x21,0x52,0x21,0x72,0x29,0xF0,0x10,0xB4,0x6B,
  0xFF,0xFF,0x1E,0xE7,0x53,0x42,0x51,0x21,0x92,0x29,0x92,0x29,0x92,0x29,0x72,0x21,0x72,0x21,0x52,0x21,0x52,0x21,0x52,0x21,
  0x51,0x21,0x71,0x21,0x30,0x21,0x9A,0xAD,0xFF,0xFF,0x7D,0xEF,0x7E,0xF7,0xDF,0xFF,0xFF,0xFF,0xFF,0xFF,0xFF,0xFF,0xFF,0xFF,
  0xFF,0xFF,0xFF,0xFF,0xFF,0xFF,0xFF,0xFF,0xFF,0xFF,0xFF,0xFF,0xFF,0xFF,0xFF,0xFF,0xFF,0xFF,0xFF,0xFF,0xFF,0xFF,0xFF,0xFF,
  0xFF,0xFF,0xFF,0xFF,0xFF,0xFF,0xFF,0xFF,0xFF,0xFF,0xFF,0xFF,0xFF,0xFF,0xFF,0xFF,0xFF,0xFF,0xFF,0xFF,0xFF,0xFF,0xFF,0xFF,
  0xFF,0xFF,0xFF,0xFF,0xFF,0xFF,0xFF,0xFF,0xFF,0xFF,0xFF,0xFF,0x7E,0xF7,0x9E,0xF7,0x3E,0xEF,0x33,0x42,0x51,0x21,0x92,0x29,
  0x92,0x29,0x11,0x19,0xB8,0x94,0xFF,0xFF,0xBE,0xF7,0xFF,0xFF,0x98,0x8C,0x31,0x19,0x92,0x29,0x92,0x29,0x31,0x21,0xB4,0x52,
  0xBF,0xF7,0xFF,0xFF,0xBD,0xD6,0xB1,0x31,0x72,0x29,0x92,0x29,0x91,0x29,0x31,0x21,0x54,0x63,0x7E,0xEF,0xFF,0xFF,0x7A,0xAD,
  0x51,0x29,0x92,0x29,0x92,0x29,0x72,0x29,0xD1,0x31,0xBD,0xDE,0xFF,0xFF,0xB5,0x6B,0x31,0x19,0xB2,0x29,0x92,0x29,0x72,0x29,
  0x92,0x29,0x92,0x29,0x31,0x19,0x95,0x6B,0xDF,0xFF,0xFF,0xFF,0x5A,0xAD,0x30,0x21,0x92,0x29,0x92,0x29,0x92,0x29,0x92,0x29,
  0x92,0x29,0x52,0x21,0x12,0x42,0x1E,0xE7,0xFF,0xFF,0x77,0x8C,0x10,0x19,0x92,0x29,0x92,0x29,0x32,0x21,0x73,0x4A,0x7F,0xEF,
  0xFF,0xFF,0xBF,0xF7,0xFF,0xFF,0xF3,0x52,0x51,0x21,0xB3,0x31,0x11,0x21,0x75,0x6B,0x7E,0xEF,0xDA,0xBD,0x1B,0xBE,0xFA,0xBD,
  0x5C,0xCE,0x17,0x7C,0x30,0x21,0x92,0x31,0x92,0x29,0x71,0x29,0xF2,0x39,0xDA,0xB5,0x1B,0xC6,0x1B,0xBE,0xFB,0xBD,0x7B,0xCE,
  0xBE,0xFF,0x3E,0xEF,0x53,0x42,0x51,0x21,0x92,0x29,0x92,0x29,0x31,0x21,0xF6,0x7B,0x5C,0xC6,0xDB,0xBD,0x1B,0xBE,0x1B,0xBE,
  0x1B,0xBE,0x1A,0xBE,0xFA,0xBD,0x1D,0xE7,0xDF,0xFF,0x9E,0xF7,0xBF,0xF7,0xFF,0xFF,0xFF,0xFF,0xFF,0xFF,0xFF,0xFF,0xFF,0xFF,
  0xFF,0xFF,0xFF,0xFF,0xFF,0xFF,0xFF,0xFF,0xFF,0xFF,0xFF,0xFF,0xFF,0xFF,0xFF,0xFF,0xFF,0xFF,0xFF,0xFF,0xFF,0xFF,0xFF,0xFF,
  0xFF,0xFF,0xFF,0xFF,0xFF,0xFF,0xFF,0xFF,0xFF,0xFF,0xFF,0xFF,0xFF,0xFF,0xFF,0xFF,0xFF,0xFF,0xFF,0xFF,0xFF,0xFF,0xFF,0xFF,
  0xFF,0xFF,0xFF,0xFF,0xFF,0xFF,0xFF,0xFF,0xFF,0xFF,0xFF,0xFF,0x7E,0xF7,0x9E,0xF7,0x3E,0xEF,0x33,0x42,0x51,0x21,0x92,0x29,
  0x92,0x29,0x11,0x19,0xB8,0x94,0xFF,0xFF,0xBE,0xF7,0xFF,0xFF,0x78,0x8C,0x11,0x21,0x92,0x29,0x92,0x29,0x31,0x21,0xB4,0x52,
  0xBF,0xF7,0xFF,0xFF,0xD9,0x94,0x30,0x21,0xB1,0x29,0x92,0x29,0x92,0x29,0x70,0x29,0x5C,0xCE,0xFF,0xFF,0x9E,0xF7,0xBE,0xF7,
  0xB4,0x52,0x51,0x21,0xB2,0x29,0x92,0x29,0x31,0x21,0xBA,0xB5,0xFF,0xFF,0x95,0x6B,0x30,0x21,0x92,0x29,0x92,0x29,0xB2,0x31,
  0x72,0x29,0x92,0x29,0x51,0x21,0x93,0x4A,0x7E,0xEF,0xFF,0xFF,0xD6,0x7B,0x10,0x19,0x92,0x31,0x72,0x29,0x92,0x29,0x92,0x29,
  0x92,0x29,0x52,0x21,0x12,0x42,0x1E,0xE7,0xFF,0xFF,0x77,0x8C,0x10,0x19,0x92,0x29,0x92,0x29,0x32,0x21,0x73,0x4A,0x7F,0xEF,
  0xFF,0xFF,0xBF,0xF7,0xFF,0xFF,0xF3,0x52,0x51,0x21,0xB3,0x31,0x31,0x21,0x54,0x6B,0xDF,0xFF,0xFF,0xFF,0xFF,0xFF,0xBE,0xF7,
  0xFF,0xFF,0x18,0x9D,0xF0,0x18,0xB2,0x31,0x92,0x29,0x72,0x21,0x12,0x3A,0x9E,0xF7,0xFF,0xFF,0xFF,0xFF,0xDF,0xFF,0xFF,0xFF,
  0xFF,0xFF,0x3E,0xEF,0x53,0x42,0x51,0x21,0x92,0x29,0x92,0x29,0x10,0x19,0xD8,0x94,0xFF,0xFF,0xDF,0xFF,0xFF,0xFF,0xFF,0xFF,
  0xDF,0xFF,0xDE,0xFF,0xFF,0xFF,0xDF,0xFF,0x9E,0xF7,0x7E,0xF7,0xBF,0xFF,0xFF,0xFF,0xFF,0xFF,0xFF,0xFF,0xFF,0xFF,0xFF,0xFF,
  0xFF,0xFF,0xFF,0xFF,0xFF,0xFF,0xFF,0xFF,0xFF,0xFF,0xFF,0xFF,0xFF,0xFF,0xFF,0xFF,0xFF,0xFF,0xFF,0xFF,0xFF,0xFF,0xFF,0xFF,
  0xFF,0xFF,0xFF,0xFF,0xFF,0xFF,0xFF,0xFF,0xFF,0xFF,0xFF,0xFF,0xFF,0xFF,0xFF,0xFF,0xFF,0xFF,0xFF,0xFF,0xFF,0xFF,0xFF,0xFF,
  0xFF,0xFF,0xFF,0xFF,0xFF,0xFF,0xFF,0xFF,0xFF,0xFF,0xFF,0xFF,0x7E,0xF7,0x9E,0xF7,0x3E,0xEF,0x33,0x42,0x51,0x21,0x92,0x29,
  0x92,0x29,0x10,0x19,0xD8,0x9C,0xFF,0xFF,0x7E,0xFF,0xFF,0xFF,0xB8,0x94,0x11,0x21,0x92,0x29,0x92,0x29,0x31,0x19,0xB3,0x52,
  0x9F,0xF7,0xFF,0xFF,0x55,0x63,0x31,0x21,0x92,0x29,0x92,0x29,0x51,0x21,0x32,0x42,0x3E,0xE7,0xDF,0xFF,0x9E,0xF7,0xDF,0xFF,
  0x95,0x6B,0xD0,0x10,0x52,0x21,0x52,0x21,0xD0,0x18,0xD8,0x9C,0xFF,0xFF,0x95,0x6B,0x11,0x19,0xB3,0x29,0x71,0x29,0xD5,0x52,
  0x92,0x31,0x72,0x29,0x72,0x29,0xB1,0x29,0xFE,0xDE,0xDF,0xFF,0x93,0x52,0x51,0x21,0x92,0x29,0x13,0x42,0x71,0x29,0x91,0x21,
  0x92,0x29,0x52,0x29,0x13,0x42,0x1D,0xE7,0xFF,0xFF,0x77,0x8C,0x10,0x19,0x92,0x29,0x92,0x29,0x32,0x21,0x73,0x4A,0x7F,0xEF,
  0xFF,0xFF,0xBF,0xF7,0xFF,0xFF,0xF3,0x52,0x51,0x21,0xB3,0x31,0x31,0x21,0x55,0x6B,0xDF,0xFF,0xBF,0xF7,0xBF,0xF7,0x5E,0xEF,
  0xDF,0xFF,0xD8,0x9C,0x10,0x19,0xB2,0x29,0x92,0x29,0x52,0x21,0xF2,0x39,0x5E,0xEF,0xFF,0xFF,0xFF,0xFF,0xDF,0xFF,0xFF,0xFF,
  0xFF,0xFF,0x5E,0xEF,0x32,0x42,0x51,0x21,0x92,0x29,0x92,0x29,0x10,0x19,0x97,0x94,0xFF,0xFF,0xDF,0xFF,0xDF,0xFF,0xBE,0xF7,
  0xDF,0xFF,0xFF,0xFF,0xFF,0xFF,0xFF,0xFF,0xFF,0xFF,0xFF,0xFF,0xFF,0xFF,0xFF,0xFF,0xFF,0xFF,0xFF,0xFF,0xFF,0xFF,0xFF,0xFF,
  0xFF,0xFF,0xFF,0xFF,0xFF,0xFF,0xFF,0xFF,0xFF,0xFF,0xFF,0xFF,0xFF,0xFF,0xFF,0xFF,0xFF,0xFF,0xFF,0xFF,0xFF,0xFF,0xFF,0xFF,
  0xFF,0xFF,0xFF,0xFF,0xFF,0xFF,0xFF,0xFF,0xFF,0xFF,0xFF,0xFF,0xFF,0xFF,0xFF,0xFF,0xFF,0xFF,0xFF,0xFF,0xFF,0xFF,0xFF,0xFF,
  0xFF,0xFF,0xFF,0xFF,0xFF,0xFF,0xFF,0xFF,0xFF,0xFF,0xFF,0xFF,0x7E,0xF7,0x9E,0xF7,0x3E,0xEF,0x33,0x42,0x51,0x21,0x92,0x29,
  0x92,0x29,0x30,0x21,0x57,0x8C,0x1D,0xE7,0x9C,0xDE,0x1D,0xE7,0x58,0x84,0x10,0x19,0x92,0x29,0x92,0x29,0x51,0x19,0xB3,0x52,
  0xBF,0xFF,0x7F,0xF7,0x52,0x42,0x51,0x21,0x92,0x29,0x92,0x29,0x31,0x21,0xD4,0x52,0xBF,0xF7,0xDE,0xFF,0xDF,0xFF,0xFF,0xFF,
  0x7B,0xCE,0x99,0xB5,0xBA,0xB5,0xBA,0xBD,0x9A,0xB5,0xBC,0xDE,0xFF,0xFF,0xB5,0x73,0x12,0x21,0xB3,0x29,0x51,0x21,0xF8,0x7B,
  0x33,0x42,0x51,0x21,0x92,0x29,0x30,0x21,0xFB,0xBD,0x1E,0xE7,0xB1,0x31,0x72,0x29,0xD2,0x31,0x96,0x6B,0x71,0x29,0x92,0x29,
  0x92,0x29,0x52,0x21,0x13,0x3A,0x1D,0xE7,0xFF,0xFF,0x77,0x8C,0x10,0x19,0x92,0x29,0x92,0x29,0x32,0x21,0x73,0x4A,0x7F,0xEF,
  0xFF,0xFF,0xBF,0xF7,0xFF,0xFF,0xF3,0x52,0x51,0x21,0xB3,0x31,0x31,0x21,0x54,0x6B,0xDF,0xFF,0xBF,0xF7,0xDF,0xF7,0x7E,0xEF,
  0xFF,0xFF,0xD8,0x9C,0x10,0x19,0xB2,0x29,0x92,0x29,0x52,0x21,0xF2,0x39,0x7E,0xEF,0xFF,0xFF,0xFF,0xFF,0xFF,0xFF,0xFF,0xFF,
  0xFF,0xFF,0x5E,0xEF,0x32,0x42,0x51,0x21,0x92,0x29,0x92,0x29,0x11,0x21,0x97,0x94,0x9F,0xF7,0x5E,0xF7,0x7E,0xF7,0x5E,0xEF,
  0x7D,0xEF,0xDF,0xFF,0xFF,0xFF,0xFF,0xFF,0xFF,0xFF,0xFF,0xFF,0xFF,0xFF,0xFF,0xFF,0xFF,0xFF,0xFF,0xFF,0xFF,0xFF,0xFF,0xFF,
  0xFF,0xFF,0xFF,0xFF,0xFF,0xFF,0xFF,0xFF,0xFF,0xFF,0xFF,0xFF,0xFF,0xFF,0xFF,0xFF,0xFF,0xFF,0xFF,0xFF,0xFF,0xFF,0xFF,0xFF,
  0xFF,0xFF,0xFF,0xFF,0xFF,0xFF,0xFF,0xFF,0xFF,0xFF,0xFF,0xFF,0xFF,0xFF,0xFF,0xFF,0xFF,0xFF,0xFF,0xFF,0xFF,0xFF,0xFF,0xFF,
  0xFF,0xFF,0xFF,0xFF,0xFF,0xFF,0xFF,0xFF,0xFF,0xFF,0xFF,0xFF,0x7E,0xF7,0x9E,0xF7,0x3E,0xEF,0x33,0x42,0x51,0x21,0x92,0x29,
  0x92,0x29,0x92,0x29,0x92,0x29,0x92,0x31,0x92,0x29,0x92,0x29,0x92,0x29,0x92,0x29,0x72,0x29,0x92,0x29,0x51,0x19,0xB3,0x52,
  0xFF,0xFF,0x3E,0xE7,0xF2,0x39,0x72,0x29,0x92,0x29,0x92,0x29,0x31,0x19,0x35,0x5B,0xDF,0xFF,0xDE,0xFF,0xBE,0xF7,0xBF,0xFF,
  0xDF,0xFF,0xFF,0xFF,0xFF,0xFF,0xFF,0xFF,0xFF,0xFF,0xDF,0xFF,0xDF,0xFF,0xB6,0x73,0x31,0x19,0xB3,0x31,0x10,0x19,0xB9,0x94,
  0x14,0x63,0x11,0x21,0xB3,0x31,0xF0,0x18,0xF9,0x9C,0xDB,0xBD,0x11,0x21,0x71,0x29,0x94,0x52,0x98,0x8C,0x31,0x21,0x92,0x29,
  0x92,0x29,0x52,0x21,0x13,0x3A,0x1D,0xE7,0xFF,0xFF,0x77,0x8C,0x10,0x19,0x92,0x29,0x92,0x29,0x32,0x21,0x73,0x4A,0x7F,0xEF,
  0xFF,0xFF,0xBF,0xF7,0xFF,0xFF,0xF3,0x52,0x51,0x21,0xB3,0x31,0x31,0x21,0x54,0x6B,0xDF,0xFF,0xBF,0xF7,0xDF,0xF7,0x7E,0xEF,
  0xFF,0xFF,0xD8,0x9C,0x10,0x19,0xB2,0x29,0x92,0x29,0x52,0x21,0xF2,0x39,0x7E,0xEF,0xFF,0xFF,0xFF,0xFF,0xFF,0xFF,0xFF,0xFF,
  0xFF,0xFF,0x5E,0xEF,0x32,0x42,0x51,0x21,0x92,0x29,0x92,0x29,0x72,0x21,0xF3,0x39,0x74,0x4A,0x53,0x4A,0x74,0x4A,0x33,0x42,
  0x95,0x6B,0xBF,0xF7,0xFF,0xFF,0xFF,0xFF,0xFF,0xFF,0xFF,0xFF,0xFF,0xFF,0xFF,0xFF,0xFF,0xFF,0xFF,0xFF,0xFF,0xFF,0xFF,0xFF,
  0xFF,0xFF,0xFF,0xFF,0xFF,0xFF,0xFF,0xFF,0xFF,0xFF,0xFF,0xFF,0xFF,0xFF,0xFF,0xFF,0xFF,0xFF,0xFF,0xFF,0xFF,0xFF,0xFF,0xFF,
  0xFF,0xFF,0xFF,0xFF,0xFF,0xFF,0xFF,0xFF,0xFF,0xFF,0xFF,0xFF,0xFF,0xFF,0xFF,0xFF,0xFF,0xFF,0xFF,0xFF,0xFF,0xFF,0xFF,0xFF,
  0xFF,0xFF,0xFF,0xFF,0xFF,0xFF,0xFF,0xFF,0xFF,0xFF,0xFF,0xFF,0x7E,0xF7,0x9E,0xF7,0x3E,0xEF,0x33,0x42,0x51,0x21,0x92,0x29,
  0x92,0x29,0x92,0x29,0x72,0x29,0x72,0x29,0x72,0x29,0x92,0x29,0x72,0x29,0x92,0x29,0x92,0x29,0x92,0x29,0x31,0x19,0xB4,0x52,
  0xDF,0xFF,0xDD,0xDE,0xB1,0x31,0x72,0x21,0x92,0x29,0x92,0x29,0x31,0x19,0x34,0x63,0xBF,0xFF,0xDF,0xF7,0xDF,0xFF,0xDF,0xFF,
  0xFF,0xFF,0xFF,0xFF,0xFF,0xFF,0xBF,0xFF,0x5E,0xF7,0xBF,0xF7,0xFF,0xFF,0xB6,0x6B,0x31,0x19,0xB3,0x29,0xF1,0x18,0xF9,0x9C,
  0x37,0x84,0x10,0x19,0xB2,0x31,0x10,0x19,0xB6,0x7B,0x58,0x8C,0x11,0x21,0x30,0x19,0xD7,0x73,0x39,0xA5,0x10,0x19,0x92,0x31,
  0x92,0x29,0x52,0x29,0x13,0x3A,0x1D,0xE7,0xFF,0xFF,0x77,0x8C,0x10,0x19,0x92,0x29,0x92,0x29,0x32,0x21,0x73,0x4A,0x7F,0xEF,
  0xFF,0xFF,0xBF,0xF7,0xFF,0xFF,0xF3,0x52,0x51,0x21,0xB3,0x31,0x31,0x21,0x54,0x6B,0xDF,0xFF,0xBF,0xF7,0xDF,0xF7,0x7E,0xEF,
  0xFF,0xFF,0xD8,0x9C,0x10,0x19,0xB2,0x29,0x92,0x29,0x52,0x21,0xF2,0x39,0x7E,0xEF,0xFF,0xFF,0xFF,0xFF,0xFF,0xFF,0xFF,0xFF,
  0xFF,0xFF,0x5E,0xEF,0x32,0x42,0x51,0x21,0x92,0x29,0x92,0x29,0x92,0x29,0x72,0x21,0x52,0x21,0x52,0x21,0x72,0x21,0x11,0x19,
  0x15,0x63,0xDF,0xFF,0xFF,0xFF,0xFF,0xFF,0xFF,0xFF,0xFF,0xFF,0xFF,0xFF,0xFF,0xFF,0xFF,0xFF,0xFF,0xFF,0xFF,0xFF,0xFF,0xFF,
  0xFF,0xFF,0xFF,0xFF,0xFF,0xFF,0xFF,0xFF,0xFF,0xFF,0xFF,0xFF,0xFF,0xFF,0xFF,0xFF,0xFF,0xFF,0xFF,0xFF,0xFF,0xFF,0xFF,0xFF,
  0xFF,0xFF,0xFF,0xFF,0xFF,0xFF,0xFF,0xFF,0xFF,0xFF,0xFF,0xFF,0xFF,0xFF,0xFF,0xFF,0xFF,0xFF,0xFF,0xFF,0xFF,0xFF,0xFF,0xFF,
  0xFF,0xFF,0xFF,0xFF,0xFF,0xFF,0xFF,0xFF,0xFF,0xFF,0xFF,0xFF,0x7E,0xF7,0x9E,0xF7,0x3E,0xEF,0x33,0x42,0x51,0x21,0x92,0x29,
  0x92,0x29,0x92,0x29,0x72,0x29,0x52,0x21,0x52,0x21,0x52,0x21,0x72,0x21,0x92,0x29,0x92,0x29,0x92,0x29,0x31,0x19,0xB4,0x52,
  0xBF,0xFF,0x9D,0xD6,0xB1,0x29,0x72,0x29,0x92,0x29,0x92,0x29,0x31,0x19,0x34,0x63,0xBF,0xFF,0xDF,0xF7,0xFF,0xFF,0xFF,0xFF,
  0xFF,0xFF,0xFF,0xFF,0xFF,0xFF,0xDE,0xFF,0x5E,0xF7,0xBF,0xF7,0xFF,0xFF,0xB6,0x6B,0x31,0x19,0xB3,0x29,0xF0,0x18,0xF9,0x9C,
  0x9B,0xAD,0x10,0x19,0xB2,0x29,0x51,0x21,0x54,0x4A,0x93,0x4A,0x52,0x29,0x10,0x19,0x5A,0xAD,0x5A,0xAD,0x10,0x19,0x92,0x31,
  0x92,0x29,0x52,0x29,0x13,0x3A,0x1D,0xE7,0xFF,0xFF,0x77,0x8C,0x10,0x19,0x92,0x29,0x92,0x29,0x32,0x21,0x73,0x4A,0x7F,0xEF,
  0xFF,0xFF,0xBF,0xF7,0xFF,0xFF,0xF3,0x52,0x51,0x21,0xB3,0x31,0x31,0x21,0x54,0x6B,0xDF,0xFF,0xBF,0xF7,0xDF,0xF7,0x7E,0xEF,
  0xFF,0xFF,0xD8,0x9C,0x10,0x19,0xB2,0x29,0x92,0x29,0x52,0x21,0xF2,0x39,0x7E,0xEF,0xFF,0xFF,0xFF,0xFF,0xFF,0xFF,0xFF,0xFF,
  0xFF,0xFF,0x5E,0xEF,0x32,0x42,0x51,0x21,0x92,0x29,0x92,0x29,0x92,0x29,0x72,0x29,0x72,0x21,0x72,0x21,0x92,0x29,0x11,0x19,
  0x14,0x63,0xDF,0xFF,0xFF,0xFF,0xFF,0xFF,0xFF,0xFF,0xFF,0xFF,0xFF,0xFF,0xFF,0xFF,0xFF,0xFF,0xFF,0xFF,0xFF,0xFF,0xFF,0xFF,
  0xFF,0xFF,0xFF,0xFF,0xFF,0xFF,0xFF,0xFF,0xFF,0xFF,0xFF,0xFF,0xFF,0xFF,0xFF,0xFF,0xFF,0xFF,0xFF,0xFF,0xFF,0xFF,0xFF,0xFF,
  0xFF,0xFF,0xFF,0xFF,0xFF,0xFF,0xFF,0xFF,0xFF,0xFF,0xFF,0xFF,0xFF,0xFF,0xFF,0xFF,0xFF,0xFF,0xFF,0xFF,0xFF,0xFF,0xFF,0xFF,
  0xFF,0xFF,0xFF,0xFF,0xFF,0xFF,0xFF,0xFF,0xFF,0xFF,0xFF,0xFF,0x7E,0xF7,0x9E,0xF7,0x3E,0xEF,0x33,0x42,0x51,0x21,0x92,0x29,
  0x92,0x29,0x72,0x29,0xB3,0x31,0x13,0x3A,0x13,0x3A,0x12,0x3A,0xB2,0x31,0x72,0x29,0x91,0x29,0x92,0x29,0x31,0x19,0xB3,0x52,
  0xFF,0xFF,0x1D,0xE7,0xD2,0x31,0x72,0x21,0x92,0x29,0x92,0x29,0x31,0x19,0x34,0x63,0xDF,0xFF,0xDE,0xF7,0xDF,0xF7,0xBF,0xF7,
  0xDE,0xFF,0xFF,0xFF,0xFF,0xFF,0xBF,0xFF,0xDF,0xFF,0xBF,0xF7,0xDF,0xFF,0xB5,0x6B,0x11,0x19,0xB3,0x31,0x0F,0x19,0xD9,0x9C,
  0xBD,0xD6,0x50,0x29,0x72,0x29,0x92,0x21,0x72,0x29,0x71,0x29,0x72,0x29,0x50,0x29,0x9D,0xD6,0x39,0xA5,0x11,0x19,0x92,0x31,
  0x92,0x29,0x52,0x29,0x13,0x3A,0x1D,0xE7,0xFF,0xFF,0x77,0x8C,0x10,0x19,0x92,0x29,0x92,0x29,0x32,0x21,0x73,0x4A,0x7F,0xEF,
  0xFF,0xFF,0xBF,0xF7,0xFF,0xFF,0xF3,0x52,0x51,0x21,0xB3,0x31,0x31,0x21,0x54,0x6B,0xDF,0xFF,0xBF,0xF7,0xDF,0xF7,0x7E,0xEF,
  0xFF,0xFF,0xD8,0x9C,0x10,0x19,0xB2,0x29,0x92,0x29,0x52,0x21,0xF2,0x39,0x7E,0xEF,0xFF,0xFF,0xFF,0xFF,0xFF,0xFF,0xFF,0xFF,
  0xFF,0xFF,0x5E,0xEF,0x32,0x42,0x51,0x21,0x92,0x29,0x92,0x29,0x72,0x29,0xB3,0x31,0x13,0x42,0x13,0x3A,0x33,0x42,0xD2,0x31,
  0x75,0x63,0xBF,0xF7,0xFF,0xFF,0xFF,0xFF,0xFF,0xFF,0xFF,0xFF,0xFF,0xFF,0xFF,0xFF,0xFF,0xFF,0xFF,0xFF,0xFF,0xFF,0xFF,0xFF,
  0xFF,0xFF,0xFF,0xFF,0xFF,0xFF,0xFF,0xFF,0xFF,0xFF,0xFF,0xFF,0xFF,0xFF,0xFF,0xFF,0xFF,0xFF,0xFF,0xFF,0xFF,0xFF,0xFF,0xFF,
  0xFF,0xFF,0xFF,0xFF,0xFF,0xFF,0xFF,0xFF,0xFF,0xFF,0xFF,0xFF,0xFF,0xFF,0xFF,0xFF,0xFF,0xFF,0xFF,0xFF,0xFF,0xFF,0xFF,0xFF,
  0xFF,0xFF,0xFF,0xFF,0xFF,0xFF,0xFF,0xFF,0xFF,0xFF,0xFF,0xFF,0x7E,0xF7,0x9E,0xF7,0x3E,0xEF,0x33,0x42,0x51,0x21,0x92,0x29,
  0x92,0x29,0x30,0x21,0x58,0x84,0x7E,0xEF,0x1C,0xE7,0x7E,0xEF,0x57,0x84,0x31,0x19,0x92,0x29,0x92,0x29,0x51,0x19,0xB4,0x52,
  0xDF,0xFF,0x5E,0xEF,0x12,0x3A,0x52,0x21,0x92,0x29,0x92,0x29,0x31,0x21,0x15,0x63,0xBE,0xFF,0x9E,0xF7,0xBF,0xF7,0xDF,0xFF,
  0x1D,0xEF,0x1B,0xC6,0x9C,0xD6,0xFD,0xDE,0x5D,0xE7,0x9E,0xF7,0xFF,0xFF,0xB5,0x6B,0x31,0x21,0xB3,0x31,0x10,0x19,0xB8,0x94,
  0x9F,0xF7,0x12,0x3A,0x52,0x29,0x92,0x29,0x92,0x29,0x92,0x29,0x52,0x21,0x12,0x42,0xBF,0xFF,0xF9,0x9C,0x11,0x19,0x92,0x31,
  0x92,0x29,0x52,0x29,0x13,0x3A,0x1D,0xE7,0xFF,0xFF,0x77,0x8C,0x10,0x19,0x92,0x29,0x92,0x29,0x32,0x21,0x73,0x4A,0x7F,0xEF,
  0xFF,0xFF,0xBF,0xF7,0xFF,0xFF,0xF3,0x52,0x51,0x21,0xB3,0x31,0x31,0x21,0x54,0x6B,0xDF,0xFF,0xBF,0xF7,0xDF,0xF7,0x7E,0xEF,
  0xFF,0xFF,0xD8,0x9C,0x10,0x19,0xB2,0x29,0x92,0x29,0x52,0x21,0xF2,0x39,0x7E,0xEF,0xFF,0xFF,0xFF,0xFF,0xFF,0xFF,0xFF,0xFF,
  0xFF,0xFF,0x5E,0xEF,0x32,0x42,0x51,0x21,0x92,0x29,0x92,0x29,0x11,0x19,0x57,0x8C,0x9E,0xEF,0x1D,0xE7,0x3D,0xEF,0x3D,0xE7,
  0x5D,0xEF,0xDF,0xFF,0xFF,0xFF,0xFF,0xFF,0xFF,0xFF,0xFF,0xFF,0xFF,0xFF,0xFF,0xFF,0xFF,0xFF,0xFF,0xFF,0xFF,0xFF,0xFF,0xFF,
  0xFF,0xFF,0xFF,0xFF,0xFF,0xFF,0xFF,0xFF,0xFF,0xFF,0xFF,0xFF,0xFF,0xFF,0xFF,0xFF,0xFF,0xFF,0xFF,0xFF,0xFF,0xFF,0xFF,0xFF,
  0xFF,0xFF,0xFF,0xFF,0xFF,0xFF,0xFF,0xFF,0xFF,0xFF,0xFF,0xFF,0xFF,0xFF,0xFF,0xFF,0xFF,0xFF,0xFF,0xFF,0xFF,0xFF,0xFF,0xFF,
  0xFF,0xFF,0xFF,0xFF,0xFF,0xFF,0xFF,0xFF,0xFF,0xFF,0xFF,0xFF,0x7E,0xF7,0x9E,0xF7,0x3E,0xEF,0x33,0x42,0x51,0x21,0x92,0x29,
  0x92,0x31,0x10,0x21,0xD9,0x9C,0xFF,0xFF,0x9E,0xF7,0xFF,0xFF,0xB8,0x94,0x10,0x19,0x93,0x29,0x92,0x29,0x31,0x19,0xB4,0x52,
  0xDF,0xFF,0xDF,0xFF,0xB4,0x52,0x31,0x21,0x92,0x29,0x92,0x29,0x51,0x21,0x93,0x52,0x7F,0xF7,0x7E,0xEF,0x9E,0xF7,0xFF,0xFF,
  0xBA,0xB5,0x30,0x21,0x93,0x31,0xF2,0x39,0xD2,0x39,0x39,0xA5,0xFF,0xFF,0x96,0x6B,0x31,0x21,0xB2,0x31,0x10,0x19,0x98,0x94,
  0xFF,0xFF,0x34,0x63,0x31,0x21,0x92,0x29,0x72,0x31,0x92,0x31,0x31,0x19,0x55,0x63,0xFF,0xFF,0xD8,0x9C,0x31,0x19,0x92,0x31,
  0x92,0x29,0x52,0x29,0x13,0x3A,0x1D,0xE7,0xFF,0xFF,0x77,0x8C,0x10,0x19,0x93,0x29,0x92,0x29,0x32,0x21,0x73,0x4A,0x7F,0xEF,
  0xFF,0xFF,0xBF,0xF7,0xFF,0xFF,0xF3,0x5A,0x51,0x21,0xB3,0x31,0x31,0x21,0x54,0x6B,0xDF,0xFF,0xBF,0xF7,0xDF,0xF7,0x7E,0xEF,
  0xFF,0xFF,0xD8,0x9C,0x10,0x19,0xB2,0x29,0x92,0x29,0x52,0x21,0xF2,0x39,0x7E,0xEF,0xFF,0xFF,0xFF,0xFF,0xFF,0xFF,0xFF,0xFF,
  0xFF,0xFF,0x5E,0xEF,0x32,0x42,0x51,0x21,0x92,0x29,0x92,0x29,0x10,0x19,0xB8,0x94,0xFF,0xFF,0x9E,0xF7,0xBE,0xF7,0xBE,0xF7,
  0xBE,0xF7,0xFF,0xFF,0xFF,0xFF,0xFF,0xFF,0xFF,0xFF,0xFF,0xFF,0xFF,0xFF,0xFF,0xFF,0xFF,0xFF,0xFF,0xFF,0xFF,0xFF,0xFF,0xFF,
  0xFF,0xFF,0xFF,0xFF,0xFF,0xFF,0xFF,0xFF,0xFF,0xFF,0xFF,0xFF,0xFF,0xFF,0xFF,0xFF,0xFF,0xFF,0xFF,0xFF,0xFF,0xFF,0xFF,0xFF,
  0xFF,0xFF,0xFF,0xFF,0xFF,0xFF,0xFF,0xFF,0xFF,0xFF,0xFF,0xFF,0xFF,0xFF,0xFF,0xFF,0xFF,0xFF,0xFF,0xFF,0xFF,0xFF,0xFF,0xFF,
  0xFF,0xFF,0xFF,0xFF,0xFF,0xFF,0xFF,0xFF,0xFF,0xFF,0xFF,0xFF,0x7E,0xF7,0x9E,0xF7,0x3E,0xEF,0x33,0x42,0x51,0x21,0x92,0x29,
  0x92,0x29,0x11,0x21,0xB8,0x94,0xFF,0xFF,0xBE,0xF7,0xFF,0xFF,0x98,0x8C,0x31,0x19,0x92,0x29,0x92,0x29,0x51,0x19,0xB4,0x52,
  0xBF,0xF7,0xFF,0xFF,0xF6,0x7B,0x30,0x21,0x92,0x29,0x92,0x29,0x51,0x21,0xF1,0x39,0x3E,0xE7,0xBF,0xF7,0x3E,0xEF,0xFF,0xFF,
  0x39,0xA5,0x10,0x19,0x92,0x29,0x71,0x29,0xF0,0x18,0x39,0xAD,0xFF,0xFF,0x95,0x6B,0x11,0x21,0xB2,0x31,0x10,0x19,0x78,0x8C,
  0xFF,0xFF,0x78,0x8C,0x10,0x19,0x92,0x29,0x72,0x29,0x92,0x29,0x30,0x21,0xD9,0x94,0xFF,0xFF,0xD8,0x94,0x31,0x19,0x92,0x31,
  0x92,0x29,0x52,0x29,0x13,0x3A,0x1D,0xE7,0xFF,0xFF,0x78,0x8C,0x11,0x21,0x92,0x29,0x93,0x29,0x52,0x21,0x73,0x4A,0x7E,0xEF,
  0x7E,0xF7,0x9E,0xF7,0xDF,0xFF,0x93,0x52,0x51,0x21,0xB2,0x31,0x31,0x21,0x55,0x6B,0xDF,0xFF,0xBF,0xFF,0xDF,0xF7,0x7E,0xEF,
  0xFF,0xFF,0xD8,0x9C,0x10,0x19,0xB2,0x29,0x92,0x29,0x52,0x21,0xF2,0x39,0x7E,0xEF,0xFF,0xFF,0xFF,0xFF,0xFF,0xFF,0xFF,0xFF,
  0xFF,0xFF,0x5E,0xEF,0x32,0x42,0x51,0x21,0x92,0x29,0x92,0x29,0x10,0x19,0xB7,0x94,0xFF,0xFF,0x5E,0xEF,0xBE,0xFF,0xFF,0xFF,
  0xDF,0xFF,0xBF,0xFF,0xFF,0xFF,0xFF,0xFF,0xBE,0xF7,0xBF,0xF7,0xDF,0xFF,0xFF,0xFF,0xFF,0xFF,0xFF,0xFF,0xFF,0xFF,0xFF,0xFF,
  0xFF,0xFF,0xFF,0xFF,0xFF,0xFF,0xFF,0xFF,0xFF,0xFF,0xFF,0xFF,0xFF,0xFF,0xFF,0xFF,0xFF,0xFF,0xFF,0xFF,0xFF,0xFF,0xFF,0xFF,
  0xFF,0xFF,0xFF,0xFF,0xFF,0xFF,0xFF,0xFF,0xFF,0xFF,0xFF,0xFF,0xFF,0xFF,0xFF,0xFF,0xFF,0xFF,0xFF,0xFF,0xFF,0xFF,0xFF,0xFF,
  0xFF,0xFF,0xFF,0xFF,0xFF,0xFF,0xFF,0xFF,0xFF,0xFF,0xFF,0xFF,0x7E,0xF7,0x9E,0xF7,0x3E,0xEF,0x33,0x42,0x51,0x21,0x92,0x29,
  0x92,0x29,0x11,0x19,0xB8,0x94,0xFF,0xFF,0xBE,0xF7,0xFF,0xFF,0x98,0x8C,0x31,0x19,0x92,0x29,0x92,0x29,0x31,0x19,0xB3,0x52,
  0xBF,0xF7,0xFF,0xFF,0xDA,0xBD,0x51,0x21,0x93,0x29,0x92,0x29,0xB2,0x29,0x30,0x21,0x59,0xA5,0xFF,0xFF,0xDD,0xFF,0xFF,0xFF,
  0x55,0x6B,0x31,0x19,0x92,0x29,0x72,0x29,0x71,0x29,0x5C,0xCE,0xFF,0xFF,0x95,0x6B,0x11,0x21,0xB3,0x31,0x10,0x19,0x98,0x94,
  0xFF,0xFF,0xBA,0xB5,0x50,0x21,0x92,0x29,0x92,0x29,0x72,0x29,0x70,0x29,0x3C,0xC6,0xFF,0xFF,0xD8,0x9C,0x31,0x19,0x92,0x31,
  0x92,0x29,0x52,0x29,0x13,0x3A,0x1D,0xE7,0xFF,0xFF,0x19,0xA5,0x11,0x21,0x93,0x29,0x72,0x29,0x92,0x29,0x91,0x31,0x7C,0xCE,
  0xFF,0xFF,0xFE,0xFF,0xBD,0xDE,0xB1,0x31,0x72,0x21,0xB2,0x29,0x10,0x19,0x16,0x84,0xFF,0xFF,0x9E,0xF7,0xDF,0xF7,0x7E,0xEF,
  0xFF,0xFF,0xD8,0x9C,0x10,0x19,0xB2,0x29,0x92,0x29,0x52,0x21,0xF2,0x39,0x7E,0xEF,0xFF,0xFF,0xFF,0xFF,0xFF,0xFF,0xFF,0xFF,
  0xFF,0xFF,0x5E,0xEF,0x32,0x42,0x51,0x21,0x92,0x29,0x92,0x29,0x31,0x19,0x77,0x8C,0x5E,0xEF,0xFD,0xE6,0x1D,0xE7,0x3D,0xEF,
  0x1D,0xEF,0x1D,0xE7,0x1D,0xE7,0x7E,0xEF,0xBE,0xF7,0x9E,0xEF,0xBE,0xF7,0xFF,0xFF,0xFF,0xFF,0xFF,0xFF,0xFF,0xFF,0xFF,0xFF,
  0xFF,0xFF,0xFF,0xFF,0xFF,0xFF,0xFF,0xFF,0xFF,0xFF,0xFF,0xFF,0xFF,0xFF,0xFF,0xFF,0xFF,0xFF,0xFF,0xFF,0xFF,0xFF,0xFF,0xFF,
  0xFF,0xFF,0xFF,0xFF,0xFF,0xFF,0xFF,0xFF,0xFF,0xFF,0xFF,0xFF,0xFF,0xFF,0xFF,0xFF,0xFF,0xFF,0xFF,0xFF,0xFF,0xFF,0xFF,0xFF,
  0xFF,0xFF,0xFF,0xFF,0xFF,0xFF,0xFF,0xFF,0xFF,0xFF,0xFF,0xFF,0x7E,0xF7,0x9E,0xF7,0x3E,0xEF,0x33,0x42,0x51,0x21,0x92,0x29,
  0x92,0x29,0x11,0x19,0xB8,0x94,0xFF,0xFF,0xBF,0xF7,0xFF,0xFF,0x98,0x8C,0x31,0x19,0x92,0x29,0x92,0x29,0x31,0x19,0xB3,0x52,
  0xBF,0xFF,0xBF,0xFF,0x9F,0xF7,0x93,0x52,0x31,0x21,0x92,0x29,0x92,0x29,0x52,0x21,0xD1,0x39,0xB8,0x94,0xDB,0xBD,0xF7,0x7B,
  0x71,0x21,0x72,0x29,0xB2,0x29,0x32,0x21,0xD4,0x52,0x9E,0xF7,0xDF,0xFF,0xB6,0x73,0x11,0x21,0xB3,0x31,0x30,0x19,0x78,0x94,
  0xFF,0xFF,0xFD,0xDE,0xD2,0x39,0x72,0x29,0x92,0x31,0x51,0x21,0x73,0x42,0x5E,0xEF,0xFF,0xFF,0xF9,0x9C,0x31,0x19,0x92,0x31,
  0x92,0x29,0x52,0x29,0x32,0x42,0x1D,0xE7,0xFF,0xFF,0x7C,0xD6,0x91,0x29,0x92,0x29,0x91,0x29,0x92,0x29,0x52,0x21,0x72,0x4A,
  0x7A,0xAD,0xBB,0xB5,0xB4,0x52,0x50,0x21,0x72,0x29,0x92,0x29,0x30,0x21,0x7A,0xB5,0xFF,0xFF,0x9E,0xEF,0xDF,0xFF,0x5E,0xEF,
  0xFF,0xFF,0xD8,0x9C,0x10,0x19,0xB2,0x29,0x92,0x29,0x52,0x21,0xF2,0x39,0x7E,0xEF,0xFF,0xFF,0xFF,0xFF,0xFF,0xFF,0xFF,0xFF,
  0xFF,0xFF,0x5E,0xEF,0x32,0x42,0x51,0x21,0x92,0x29,0x92,0x29,0x72,0x29,0xD3,0x39,0x33,0x42,0x13,0x42,0x13,0x3A,0x13,0x3A,
  0x12,0x42,0x34,0x3A,0xD2,0x39,0xBA,0xB5,0xFF,0xFF,0xDF,0xF7,0xDE,0xFF,0xFF,0xFF,0xFF,0xFF,0xFF,0xFF,0xFF,0xFF,0xFF,0xFF,
  0xFF,0xFF,0xFF,0xFF,0xFF,0xFF,0xFF,0xFF,0xFF,0xFF,0xFF,0xFF,0xFF,0xFF,0xFF,0xFF,0xFF,0xFF,0xFF,0xFF,0xFF,0xFF,0xFF,0xFF,
  0xFF,0xFF,0xFF,0xFF,0xFF,0xFF,0xFF,0xFF,0xFF,0xFF,0xFF,0xFF,0xFF,0xFF,0xFF,0xFF,0xFF,0xFF,0xFF,0xFF,0xFF,0xFF,0xFF,0xFF,
  0xFF,0xFF,0xFF,0xFF,0xFF,0xFF,0xFF,0xFF,0xFF,0xFF,0xBF,0xFF,0x7E,0xEF,0xDF,0xFF,0x3E,0xEF,0x52,0x42,0x51,0x21,0x92,0x29,
  0x92,0x29,0x30,0x21,0xB8,0x94,0xFF,0xFF,0xBE,0xF7,0xFF,0xFF,0x98,0x94,0x31,0x21,0xB2,0x29,0x92,0x29,0x51,0x21,0xD4,0x52,
  0xBF,0xF7,0x9E,0xFF,0xFF,0xFF,0xFB,0xBD,0x50,0x21,0x72,0x29,0x92,0x29,0x92,0x29,0x52,0x29,0x11,0x21,0x31,0x21,0x11,0x21,
  0x72,0x29,0xB2,0x31,0x92,0x29,0x51,0x21,0xDB,0xB5,0xFF,0xFF,0xDF,0xFF,0xB5,0x73,0x12,0x21,0xD2,0x31,0x30,0x19,0x78,0x94,
  0xFF,0xFF,0x9F,0xF7,0xB3,0x52,0x32,0x21,0xB2,0x31,0x31,0x19,0x95,0x6B,0xDF,0xFF,0xDF,0xFF,0xF8,0x9C,0x31,0x19,0x92,0x29,
  0x92,0x29,0x52,0x29,0x12,0x42,0x3D,0xEF,0xBE,0xF7,0xDF,0xF7,0x54,0x63,0xF0,0x18,0xB2,0x31,0x92,0x29,0x92,0x29,0x52,0x21,
  0x31,0x21,0x31,0x21,0x52,0x21,0x92,0x29,0xB2,0x29,0x31,0x21,0x73,0x4A,0x7F,0xEF,0xDF,0xFF,0xBF,0xF7,0xBF,0xFF,0x5E,0xF7,
  0xFF,0xFF,0xD8,0x9C,0x10,0x21,0xB3,0x29,0x92,0x29,0x72,0x29,0xF2,0x41,0x7E,0xEF,0xFF,0xFF,0xFF,0xFF,0xFF,0xFF,0xFF,0xFF,
  0xFF,0xFF,0x5E,0xEF,0x52,0x42,0x51,0x21,0x92,0x29,0x92,0x29,0x92,0x29,0x72,0x21,0x72,0x21,0x72,0x21,0x71,0x21,0x72,0x21,
  0x71,0x21,0x71,0x21,0x30,0x19,0x9A,0xAD,0xFF,0xFF,0x9E,0xF7,0xFF,0xFF,0xFF,0xFF,0xFF,0xFF,0xFF,0xFF,0xFF,0xFF,0xFF,0xFF,
  0xFF,0xFF,0xFF,0xFF,0xFF,0xFF,0xFF,0xFF,0xFF,0xFF,0xFF,0xFF,0xFF,0xFF,0xFF,0xFF,0xFF,0xFF,0xFF,0xFF,0xFF,0xFF,0xFF,0xFF,
  0xFF,0xFF,0xFF,0xFF,0xFF,0xFF,0xFF,0xFF,0xFF,0xFF,0xFF,0xFF,0xFF,0xFF,0xFF,0xFF,0xFF,0xFF,0xFF,0xFF,0xFF,0xFF,0xFF,0xFF,
  0xFF,0xFF,0xFF,0xFF,0xFF,0xFF,0xFF,0xFF,0xFF,0xFF,0x9E,0xF7,0x9E,0xF7,0xFF,0xFF,0x3E,0xEF,0x32,0x42,0x51,0x21,0x92,0x29,
  0x92,0x29,0x11,0x19,0x98,0x94,0xFF,0xFF,0xBE,0xF7,0xFF,0xFF,0x98,0x8C,0x10,0x19,0x92,0x29,0x72,0x29,0x11,0x21,0xD4,0x5A,
  0x9F,0xF7,0x9E,0xF7,0xDF,0xFF,0xFF,0xFF,0x1A,0x9D,0x50,0x21,0x32,0x19,0x71,0x21,0xB2,0x29,0xB2,0x31,0xB2,0x31,0xB2,0x31,
  0x92,0x29,0x52,0x21,0x30,0x21,0xD9,0x9C,0xFF,0xFF,0x7D,0xEF,0xDF,0xFF,0x95,0x73,0x11,0x19,0x93,0x31,0xF0,0x18,0x98,0x94,
  0xFF,0xFF,0xDF,0xFF,0xD6,0x7B,0x11,0x19,0x92,0x31,0x10,0x21,0x19,0xA5,0xFE,0xFF,0xFF,0xFF,0xD8,0x94,0x10,0x19,0x72,0x29,
  0x72,0x29,0x31,0x21,0x12,0x42,0x1D,0xEF,0x9E,0xF7,0xBE,0xFF,0xDD,0xDE,0x12,0x42,0xF1,0x20,0x72,0x29,0x92,0x29,0xB2,0x29,
  0xB2,0x29,0xB2,0x29,0xB2,0x31,0x72,0x29,0x31,0x19,0xB1,0x31,0x5B,0xC6,0xFF,0xFF,0xDF,0xFF,0xBF,0xFF,0xBF,0xFF,0x7E,0xEF,
  0xFF,0xFF,0xD7,0x9C,0xF0,0x18,0x92,0x29,0x72,0x29,0x52,0x21,0xF2,0x39,0x7E,0xEF,0xFF,0xFF,0xFF,0xFF,0xFF,0xFF,0xFF,0xFF,
  0xFF,0xFF,0x5E,0xEF,0x32,0x42,0x52,0x21,0x72,0x29,0x72,0x29,0x72,0x29,0x72,0x29,0x72,0x29,0x72,0x29,0x72,0x29,0x72,0x29,
  0x72,0x29,0x92,0x29,0x30,0x21,0x9A,0xB5,0xFF,0xFF,0x7E,0xEF,0xBF,0xF7,0xFF,0xFF,0xFF,0xFF,0xFF,0xFF,0xFF,0xFF,0xFF,0xFF,
  0xFF,0xFF,0xFF,0xFF,0xFF,0xFF,0xFF,0xFF,0xFF,0xFF,0xFF,0xFF,0xFF,0xFF,0xFF,0xFF,0xFF,0xFF,0xFF,0xFF,0xFF,0xFF,0xFF,0xFF,
  0xFF,0xFF,0xFF,0xFF,0xFF,0xFF,0xFF,0xFF,0xFF,0xFF,0xFF,0xFF,0xFF,0xFF,0xFF,0xFF,0xFF,0xFF,0xFF,0xFF,0xFF,0xFF,0xFF,0xFF,
  0xFF,0xFF,0xFF,0xFF,0xFF,0xFF,0xFF,0xFF,0xFF,0xFF,0xBE,0xFF,0xBE,0xF7,0x9E,0xF7,0x3E,0xE7,0x73,0x4A,0x92,0x29,0xB3,0x31,
  0xD3,0x31,0x71,0x21,0x19,0xA5,0xDF,0xFF,0x5E,0xEF,0xFF,0xFF,0xB8,0x94,0x51,0x21,0xD2,0x31,0xB3,0x31,0x72,0x29,0xF3,0x5A,
  0x7E,0xEF,0x9E,0xF7,0x9E,0xF7,0x9E,0xF7,0xFF,0xFF,0x1B,0xC6,0xF5,0x62,0x71,0x29,0x31,0x21,0x11,0x21,0x11,0x21,0x31,0x21,
  0x51,0x29,0xB4,0x52,0xBA,0xBD,0xBF,0xFF,0x7E,0xF7,0xBE,0xF7,0xDF,0xFF,0xD6,0x7B,0x51,0x21,0xD3,0x39,0x50,0x21,0xB8,0x94,
  0xFF,0xFF,0xFF,0xFF,0x39,0xAD,0x71,0x29,0xD3,0x31,0xB1,0x31,0x5C,0xCE,0xBE,0xFF,0xDF,0xFF,0x18,0x9D,0x51,0x21,0xB2,0x31,
  0xD2,0x31,0x92,0x31,0x53,0x4A,0x1D,0xE7,0xBE,0xF7,0x9E,0xF7,0xDF,0xFF,0xFD,0xDE,0x76,0x6B,0xB2,0x31,0x31,0x21,0x12,0x19,
  0x11,0x19,0x11,0x21,0x32,0x21,0x92,0x29,0x75,0x6B,0x9C,0xD6,0xDE,0xFF,0x9E,0xF7,0xDF,0xFF,0xDF,0xFF,0xBF,0xF7,0x7E,0xEF,
  0xFF,0xFF,0xF8,0x9C,0x51,0x21,0xD3,0x31,0xD2,0x31,0x92,0x29,0x33,0x42,0x5E,0xEF,0xFF,0xFF,0xFF,0xFF,0xFF,0xFF,0xFF,0xFF,
  0xFF,0xFF,0x5E,0xEF,0x73,0x4A,0x92,0x29,0xD2,0x31,0xB2,0x31,0x93,0x31,0xB2,0x31,0xB2,0x31,0xB2,0x31,0xD2,0x31,0xB2,0x31,
  0xB2,0x31,0xB3,0x31,0x91,0x29,0xBA,0xB5,0xFF,0xFF,0x7D,0xEF,0x9E,0xF7,0xFF,0xFF,0xFF,0xFF,0xFF,0xFF,0xFF,0xFF,0xFF,0xFF,
  0xFF,0xFF,0xFF,0xFF,0xFF,0xFF,0xFF,0xFF,0xFF,0xFF,0xFF,0xFF,0xFF,0xFF,0xFF,0xFF,0xFF,0xFF,0xFF,0xFF,0xFF,0xFF,0xFF,0xFF,
  0xFF,0xFF,0xFF,0xFF,0xFF,0xFF,0xFF,0xFF,0xFF,0xFF,0xFF,0xFF,0xFF,0xFF,0xFF,0xFF,0xFF,0xFF,0xFF,0xFF,0xFF,0xFF,0xFF,0xFF,
  0xFF,0xFF,0xFF,0xFF,0xFF,0xFF,0xFF,0xFF,0xFF,0xFF,0xDF,0xFF,0xDF,0xFF,0xDF,0xFF,0x9E,0xF7,0xDC,0xDE,0xDC,0xDE,0xDC,0xDE,
  0xDC,0xDE,0xDC,0xDE,0x5D,0xEF,0xBE,0xF7,0xBF,0xF7,0xDF,0xFF,0x3D,0xE7,0xBC,0xD6,0xDC,0xDE,0xDC,0xDE,0xDC,0xDE,0xFD,0xE6,
  0xDF,0xFF,0xFF,0xFF,0xFF,0xFF,0xDF,0xFF,0xBE,0xFF,0xFF,0xFF,0xBE,0xF7,0xBD,0xD6,0x7A,0xAD,0xD8,0x9C,0xD8,0x9C,0x19,0xA5,
  0x5C,0xCE,0xBF,0xF7,0xFF,0xFF,0x7D,0xF7,0xDF,0xFF,0xDF,0xFF,0xDF,0xFF,0x3D,0xE7,0xBC,0xDE,0xDC,0xDE,0xDC,0xDE,0x3D,0xE7,
  0xFF,0xFF,0xFF,0xFF,0x7E,0xF7,0xDC,0xDE,0xDC,0xDE,0xDC,0xDE,0x9E,0xF7,0xDF,0xFF,0xBF,0xF7,0x5D,0xEF,0xDC,0xDE,0xDC,0xDE,
  0xDC,0xDE,0xDC,0xDE,0xDC,0xDE,0x9E,0xF7,0xFF,0xFF,0xFF,0xFF,0xBF,0xF7,0xDF,0xFF,0xFF,0xFF,0xDC,0xDE,0x9A,0xB5,0xF9,0x9C,
  0xF9,0x9C,0xF9,0x9C,0x9A,0xB5,0xBC,0xD6,0xDE,0xFF,0xFF,0xFF,0x7E,0xEF,0xDF,0xFF,0xFF,0xFF,0xFF,0xFF,0xDF,0xFF,0xDF,0xFF,
  0xFF,0xFF,0x3D,0xEF,0xBC,0xDE,0xFC,0xDE,0xDC,0xDE,0xDC,0xDE,0xDC,0xDE,0xDF,0xFF,0xFF,0xFF,0xFF,0xFF,0xFF,0xFF,0xFF,0xFF,
  0xFF,0xFF,0xDF,0xFF,0xFC,0xDE,0xDC,0xDE,0xDC,0xDE,0xDC,0xDE,0xDC,0xDE,0xDC,0xDE,0xFC,0xDE,0xFC,0xDE,0xFC,0xDE,0xFC,0xDE,
  0xDC,0xDE,0xDC,0xDE,0xDC,0xDE,0x7E,0xEF,0xFF,0xFF,0xDF,0xFF,0xBF,0xF7,0xFF,0xFF,0xFF,0xFF,0xFF,0xFF,0xFF,0xFF,0xFF,0xFF,
  0xFF,0xFF,0xFF,0xFF,0xFF,0xFF,0xFF,0xFF,0xFF,0xFF,0xFF,0xFF,0xFF,0xFF,0xFF,0xFF,0xFF,0xFF,0xFF,0xFF,0xFF,0xFF,0xFF,0xFF,
  0xFF,0xFF,0xFF,0xFF,0xFF,0xFF,0xFF,0xFF,0xFF,0xFF,0xFF,0xFF,0xFF,0xFF,0xFF,0xFF,0xFF,0xFF,0xFF,0xFF,0xFF,0xFF,0xFF,0xFF,
  0xFF,0xFF,0xFF,0xFF,0xFF,0xFF,0xFF,0xFF,0xFF,0xFF,0xFF,0xFF,0xFF,0xFF,0xFF,0xFF,0xFF,0xFF,0xFF,0xFF,0xFF,0xFF,0xFF,0xFF,
  0xFF,0xFF,0xFF,0xFF,0xFF,0xFF,0xFF,0xFF,0xFF,0xFF,0xFF,0xFF,0xFF,0xFF,0xFF,0xFF,0xFF,0xFF,0xFF,0xFF,0xFF,0xFF,0xFF,0xFF,
  0xFF,0xFF,0xFF,0xFF,0xFF,0xFF,0xFF,0xFF,0x9E,0xF7,0x5D,0xF7,0x9E,0xF7,0xDE,0xFF,0xFF,0xFF,0xFF,0xFF,0xFF,0xFF,0xFF,0xFF,
  0xFF,0xFF,0x9E,0xFF,0x7E,0xF7,0x7E,0xF7,0xFF,0xFF,0xFF,0xFF,0xFF,0xFF,0xFF,0xFF,0xFF,0xFF,0xFF,0xFF,0xFF,0xFF,0xFF,0xFF,
  0xFF,0xFF,0xFF,0xFF,0xFF,0xFF,0xFF,0xFF,0xFF,0xFF,0xFF,0xFF,0xFF,0xFF,0xFF,0xFF,0xFF,0xFF,0xFF,0xFF,0xFF,0xFF,0xFF,0xFF,
  0xFF,0xFF,0xFF,0xFF,0xFF,0xFF,0xFF,0xFF,0xFF,0xFF,0xFF,0xFF,0xFF,0xFF,0xFF,0xFF,0xDF,0xFF,0xDF,0xFF,0xFF,0xFF,0xFF,0xFF,
  0xFF,0xFF,0xFF,0xFF,0xFF,0xFF,0xFF,0xFF,0x9E,0xF7,0x7E,0xEF,0xDF,0xF7,0xDE,0xF7,0xFF,0xFF,0xFF,0xFF,0xFF,0xFF,0xFF,0xFF,
  0xFF,0xFF,0xFF,0xFF,0xFF,0xFF,0xFF,0xFF,0xFF,0xFF,0xFF,0xFF,0xFF,0xFF,0xFF,0xFF,0xFF,0xFF,0xFF,0xFF,0xFF,0xFF,0xFF,0xFF,
  0xFF,0xFF,0xFF,0xFF,0xFF,0xFF,0xFF,0xFF,0xFF,0xFF,0xFF,0xFF,0xFF,0xFF,0xFF,0xFF,0xFF,0xFF,0xFF,0xFF,0xFF,0xFF,0xFF,0xFF,
  0xFF,0xFF,0xFF,0xFF,0xFF,0xFF,0xFF,0xFF,0xFF,0xFF,0xFF,0xFF,0xFF,0xFF,0xFF,0xFF,0xFF,0xFF,0xFF,0xFF,0xFF,0xFF,0xFF,0xFF,
  0xFF,0xFF,0xFF,0xFF,0xFF,0xFF,0xFF,0xFF,0xFF,0xFF,0xFF,0xFF,0xFF,0xFF,0xFF,0xFF,0xFF,0xFF,0xFF,0xFF,0xFF,0xFF,0xFF,0xFF,
  0xFF,0xFF,0xFF,0xFF,0xFF,0xFF,0xFF,0xFF,0xFF,0xFF,0xFF,0xFF,0xFF,0xFF,0xFF,0xFF,0xFF,0xFF,0xFF,0xFF,0xFF,0xFF,0xFF,0xFF,
  0xFF,0xFF,0xFF,0xFF,0xFF,0xFF,0xFF,0xFF,0xFF,0xFF,0xFF,0xFF,0xFF,0xFF,0xFF,0xFF,0xFF,0xFF,0xFF,0xFF,0xFF,0xFF,0xFF,0xFF,
  0xFF,0xFF,0xFF,0xFF,0xFF,0xFF,0xFF,0xFF,0xFF,0xFF,0xFF,0xFF,0xFF,0xFF,0xFF,0xFF,0xFF,0xFF,0xFF,0xFF,0xFF,0xFF,0xFF,0xFF,
  0xFF,0xFF,0xFF,0xFF,0xFF,0xFF,0xFF,0xFF,0xBE,0xF7,0x9E,0xF7,0x9E,0xF7,0x7E,0xEF,0x9E,0xF7,0xBE,0xF7,0xDF,0xF7,0xBF,0xFF,
  0x7E,0xEF,0x7E,0xF7,0xBF,0xFF,0xDF,0xF7,0xFF,0xFF,0xFF,0xFF,0xFF,0xFF,0xFF,0xFF,0xFF,0xFF,0xFF,0xFF,0xFF,0xFF,0xFF,0xFF,
  0xFF,0xFF,0xFF,0xFF,0xFF,0xFF,0xFF,0xFF,0xFF,0xFF,0xFF,0xFF,0xFF,0xFF,0xFF,0xFF,0xFF,0xFF,0xFF,0xFF,0xFF,0xFF,0xFF,0xFF,
  0xFF,0xFF,0xFF,0xFF,0xFF,0xFF,0xFF,0xFF,0xFF,0xFF,0xFF,0xFF,0xFF,0xFF,0xFF,0xFF,0xFF,0xFF,0x7D,0xEF,0xBF,0xF7,0x9E,0xF7,
  0x7E,0xF7,0x7E,0xEF,0x9E,0xF7,0xBF,0xFF,0x7E,0xEF,0xBF,0xF7,0xFF,0xFF,0xFF,0xFF,0xFF,0xFF,0xFF,0xFF,0xFF,0xFF,0xFF,0xFF,
  0xFF,0xFF,0xFF,0xFF,0xFF,0xFF,0xFF,0xFF,0xFF,0xFF,0xFF,0xFF,0xFF,0xFF,0xFF,0xFF,0xFF,0xFF,0xFF,0xFF,0xFF,0xFF,0xFF,0xFF,
  0xFF,0xFF,0xFF,0xFF,0xFF,0xFF,0xFF,0xFF,0xFF,0xFF,0xFF,0xFF,0xFF,0xFF,0xFF,0xFF,0xFF,0xFF,0xFF,0xFF,0xFF,0xFF,0xFF,0xFF,
  0xFF,0xFF,0xFF,0xFF,0xFF,0xFF,0xFF,0xFF,0xFF,0xFF,0xFF,0xFF,0xFF,0xFF,0xFF,0xFF,0xFF,0xFF,0xFF,0xFF,0xFF,0xFF,0xFF,0xFF,
  0xFF,0xFF,0xFF,0xFF,0xFF,0xFF,0xFF,0xFF,0xFF,0xFF,0xFF,0xFF,0xFF,0xFF,0xFF,0xFF,0xFF,0xFF,0xFF,0xFF,0xFF,0xFF,0xFF,0xFF,
  0xFF,0xFF,0xFF,0xFF,0xFF,0xFF,0xFF,0xFF,0xFF,0xFF,0xFF,0xFF,0xFF,0xFF,0xFF,0xFF,0xFF,0xFF,0xFF,0xFF,0xFF,0xFF,0xFF,0xFF,
  0xFF,0xFF,0xFF,0xFF,0xFF,0xFF,0xFF,0xFF,0xFF,0xFF,0xFF,0xFF,0xFF,0xFF,0xFF,0xFF,0xFF,0xFF,0xFF,0xFF,0xFF,0xFF,0xFF,0xFF,
  0xFF,0xFF,0xFF,0xFF,0xFF,0xFF,0xFF,0xFF,0xFF,0xFF,0xFF,0xFF,0xFF,0xFF,0xFF,0xFF,0xFF,0xFF,0xFF,0xFF,0xFF,0xFF,0xFF,0xFF,
  0xFF,0xFF,0xFF,0xFF,0xFF,0xFF,0xFF,0xFF,0xFF,0xFF,0xFF,0xFF,0xFF,0xFF,0xDF,0xFF,0xFF,0xFF,0xDF,0xFF,0xFF,0xFF,0xDF,0xFF,
  0xFF,0xFF,0xFF,0xFF,0xFF,0xFF,0xFF,0xFF,0xFF,0xFF,0xFF,0xFF,0xFF,0xFF,0xFF,0xFF,0xFF,0xFF,0xFF,0xFF,0xFF,0xFF,0xFF,0xFF,
  0xFF,0xFF,0xFF,0xFF,0xFF,0xFF,0xFF,0xFF,0xFF,0xFF,0xFF,0xFF,0xFF,0xFF,0xFF,0xFF,0xFF,0xFF,0xFF,0xFF,0xFF,0xFF,0xFF,0xFF,
  0xFF,0xFF,0xFF,0xFF,0xFF,0xFF,0xFF,0xFF,0xFF,0xFF,0xFF,0xFF,0xFF,0xFF,0xFF,0xFF,0xFF,0xFF,0xDF,0xFF,0xDF,0xFF,0xDF,0xFF,
  0xDF,0xFF,0xDF,0xFF,0xDF,0xFF,0xDF,0xFF,0xBF,0xFF,0xFF,0xFF,0xFF,0xFF,0xFF,0xFF,0xFF,0xFF,0xFF,0xFF,0xFF,0xFF,0xFF,0xFF,
  0xFF,0xFF,0xFF,0xFF,0xFF,0xFF,0xFF,0xFF,0xFF,0xFF,0xFF,0xFF,0xFF,0xFF,0xFF,0xFF,0xFF,0xFF,0xFF,0xFF,0xFF,0xFF,0xFF,0xFF,
  0xFF,0xFF,0xFF,0xFF,0xFF,0xFF,0xFF,0xFF,0xFF,0xFF,0xFF,0xFF,0xFF,0xFF,0xFF,0xFF,0xFF,0xFF,0xFF,0xFF,0xFF,0xFF,0xFF,0xFF,
  0xFF,0xFF,0xFF,0xFF,0xFF,0xFF,0xFF,0xFF,0xFF,0xFF,0xFF,0xFF,0xFF,0xFF,0xFF,0xFF,0xFF,0xFF,0xFF,0xFF,0xFF,0xFF,0xFF,0xFF,
  0xFF,0xFF,0xFF,0xFF,0xFF,0xFF,0xFF,0xFF,0xFF,0xFF,0xFF,0xFF,0xFF,0xFF,0xFF,0xFF,0xFF,0xFF,0xFF,0xFF,0xFF,0xFF,0xFF,0xFF,
  0xFF,0xFF,0xFF,0xFF,0xFF,0xFF,0xFF,0xFF,0xFF,0xFF,0xFF,0xFF,0xFF,0xFF,0xFF,0xFF,0xFF,0xFF,0xFF,0xFF,0xFF,0xFF,0xFF,0xFF,
  0xFF,0xFF,0xFF,0xFF,0xFF,0xFF,0xFF,0xFF,0xFF,0xFF,0xFF,0xFF,0xFF,0xFF,0xFF,0xFF,0xFF,0xFF,0xFF,0xFF,0xFF,0xFF,0xFF,0xFF,
  0xFF,0xFF,0xFF,0xFF,0xFF,0xFF,0xFF,0xFF,0xFF,0xFF,0xFF,0xFF,0xFF,0xFF,0xFF,0xFF,0xFF,0xFF,0xFF,0xFF,0xFF,0xFF,0xFF,0xFF,
  0xFF,0xFF,0xFF,0xFF,0xFF,0xFF,0xFF,0xFF,0xFF,0xFF,0xFF,0xFF,0xFF,0xFF,0xFF,0xFF,0xFF,0xFF,0xFF,0xFF,0xFF,0xFF,0xFF,0xFF,
  0xFF,0xFF,0xFF,0xFF,0xFF,0xFF,0xFF,0xFF,0xFF,0xFF,0xFF,0xFF,0xFF,0xFF,0xFF,0xFF,0xFF,0xFF,0xFF,0xFF,0xFF,0xFF,0xFF,0xFF,
  0xFF,0xFF,0xFF,0xFF,0xFF,0xFF,0xFF,0xFF,0xFF,0xFF,0xFF,0xFF,0xFF,0xFF,0xFF,0xFF,0xFF,0xFF,0xFF,0xFF,0xFF,0xFF,0xFF,0xFF,
  0xFF,0xFF,0xFF,0xFF,0xFF,0xFF,0xFF,0xFF,0xFF,0xFF,0xFF,0xFF,0xFF,0xFF,0xFF,0xFF,0xFF,0xFF,0xFF,0xFF,0xFF,0xFF,0xFF,0xFF,
  0xFF,0xFF,0xFF,0xFF,0xFF,0xFF,0xFF,0xFF,0xFF,0xFF,0xFF,0xFF,0xFF,0xFF,0xFF,0xFF,0xFF,0xFF,0xFF,0xFF,0xFF,0xFF,0xFF,0xFF,
  0xFF,0xFF,0xFF,0xFF,0xFF,0xFF,0xFF,0xFF,0xFF,0xFF,0xFF,0xFF,0xFF,0xFF,0xFF,0xFF,0xFF,0xFF,0xFF,0xFF,0xFF,0xFF,0xFF,0xFF,
  0xFF,0xFF,0xFF,0xFF,0xFF,0xFF,0xFF,0xFF,0xFF,0xFF,0xFF,0xFF,0xFF,0xFF,0xFF,0xFF,0xFF,0xFF,0xFF,0xFF,0xFF,0xFF,0xFF,0xFF,
  0xFF,0xFF,0xFF,0xFF,0xFF,0xFF,0xFF,0xFF,0xFF,0xFF,0xFF,0xFF,0xFF,0xFF,0xFF,0xFF,0xFF,0xFF,0xFF,0xFF,0xFF,0xFF,0xFF,0xFF,
  0xFF,0xFF,0xFF,0xFF,0xFF,0xFF,0xFF,0xFF,0xFF,0xFF,0xFF,0xFF,0xFF,0xFF,0xFF,0xFF,0xFF,0xFF,0xFF,0xFF,0xFF,0xFF,0xFF,0xFF,
  0xFF,0xFF,0xFF,0xFF,0xFF,0xFF,0xFF,0xFF,0xFF,0xFF,0xFF,0xFF,0xFF,0xFF,0xFF,0xFF,0xFF,0xFF,0xFF,0xFF,0xFF,0xFF,0xFF,0xFF,
  0xFF,0xFF,0xFF,0xFF,0xFF,0xFF,0xFF,0xFF,0xFF,0xFF,0xFF,0xFF,0xFF,0xFF,0xFF,0xFF,0xFF,0xFF,0xFF,0xFF,0xFF,0xFF,0xFF,0xFF,
  0xFF,0xFF,0xFF,0xFF,0xFF,0xFF,0xFF,0xFF,0xFF,0xFF,0xFF,0xFF,0xFF,0xFF,0xFF,0xFF,0xFF,0xFF,0xFF,0xFF,0xFF,0xFF,0xFF,0xFF,
  0xFF,0xFF,0xFF,0xFF,0xFF,0xFF,0xFF,0xFF,0xFF,0xFF,0xFF,0xFF,0xFF,0xFF,0xFF,0xFF,0xFF,0xFF,0xFF,0xFF,0xFF,0xFF,0xFF,0xFF,
  0xFF,0xFF,0xFF,0xFF,0xFF,0xFF,0xFF,0xFF,0xFF,0xFF,0xFF,0xFF,0xFF,0xFF,0xFF,0xFF,0xFF,0xFF,0xFF,0xFF,0xFF,0xFF,0xFF,0xFF,
  0xFF,0xFF,0xFF,0xFF,0xFF,0xFF,0xFF,0xFF,0xFF,0xFF,0xFF,0xFF,0xFF,0xFF,0xFF,0xFF,0xFF,0xFF,0xFF,0xFF,0xFF,0xFF,0xFF,0xFF,
  0xFF,0xFF,0xFF,0xFF,0xFF,0xFF,0xFF,0xFF,0xFF,0xFF,0xFF,0xFF,0xFF,0xFF,0xFF,0xFF,0xFF,0xFF,0xFF,0xFF,0xFF,0xFF,0xFF,0xFF,
  0xFF,0xFF,0xFF,0xFF,0xFF,0xFF,0xFF,0xFF,0xFF,0xFF,0xFF,0xFF,0xFF,0xFF,0xFF,0xFF,0xFF,0xFF,0xFF,0xFF,0xFF,0xFF,0xFF,0xFF,
  0xFF,0xFF,0xFF,0xFF,0xFF,0xFF,0xFF,0xFF,0xFF,0xFF,0xFF,0xFF,0xFF,0xFF,0xFF,0xFF,0xFF,0xFF,0xFF,0xFF,0xFF,0xFF,0xFF,0xFF,
  0xFF,0xFF,0xFF,0xFF,0xFF,0xFF,0xFF,0xFF,0xFF,0xFF,0xFF,0xFF,0xFF,0xFF,0xFF,0xFF,0xFF,0xFF,0xFF,0xFF,0xFF,0xFF,0xFF,0xFF,
  0xFF,0xFF,0xFF,0xFF,0xFF,0xFF,0xFF,0xFF,0xFF,0xFF,0xFF,0xFF,0xFF,0xFF,0xFF,0xFF,0xFF,0xFF,0xFF,0xFF,0xFF,0xFF,0xFF,0xFF,
  0xFF,0xFF,0xFF,0xFF,0xFF,0xFF,0xFF,0xFF,0xFF,0xFF,0xFF,0xFF,0xFF,0xFF,0xFF,0xFF,0xFF,0xFF,0xFF,0xFF,0xFF,0xFF,0xFF,0xFF,
  0xFF,0xFF,0xFF,0xFF,0xFF,0xFF,0xFF,0xFF,0xFF,0xFF,0xFF,0xFF,0xFF,0xFF,0xFF,0xFF,0xFF,0xFF,0xFF,0xFF,0xFF,0xFF,0xFF,0xFF,
  0xFF,0xFF,0xFF,0xFF,0xFF,0xFF,0xFF,0xFF,0xFF,0xFF,0xFF,0xFF,0xFF,0xFF,0xFF,0xFF,0xFF,0xFF,0xFF,0xFF,0xFF,0xFF,0xFF,0xFF,
  0xFF,0xFF,0xFF,0xFF,0xFF,0xFF,0xFF,0xFF,0xFF,0xFF,0xFF,0xFF,0xFF,0xFF,0xFF,0xFF,0xFF,0xFF,0xFF,0xFF,0xFF,0xFF,0xFF,0xFF,
  0xFF,0xFF,0xFF,0xFF,0xFF,0xFF,0xFF,0xFF,0xFF,0xFF,0xFF,0xFF,0xFF,0xFF,0xFF,0xFF,0xFF,0xFF,0xFF,0xFF,0xFF,0xFF,0xFF,0xFF,
  0xFF,0xFF,0xFF,0xFF,0xFF,0xFF,0xFF,0xFF,0xFF,0xFF,0xFF,0xFF,0xFF,0xFF,0xFF,0xFF,0xFF,0xFF,0xFF,0xFF,0xFF,0xFF,0xFF,0xFF,
  0xFF,0xFF,0xFF,0xFF,0xFF,0xFF,0xFF,0xFF,0xFF,0xFF,0xFF,0xFF,0xFF,0xFF,0xFF,0xFF,0xFF,0xFF,0xFF,0xFF,0xFF,0xFF,0xFF,0xFF,
  0xFF,0xFF,0xFF,0xFF,0xFF,0xFF,0xFF,0xFF,0xFF,0xFF,0xFF,0xFF,0xFF,0xFF,0xFF,0xFF,0xFF,0xFF,0xFF,0xFF,0xFF,0xFF,0xFF,0xFF,
  0xFF,0xFF,0xFF,0xFF,0xFF,0xFF,0xFF,0xFF,0xFF,0xFF,0xFF,0xFF,0xFF,0xFF,0xFF,0xFF,0xFF,0xFF,0xFF,0xFF,0xFF,0xFF,0xFF,0xFF,
  0xFF,0xFF,0xFF,0xFF,0xFF,0xFF,0xFF,0xFF,0xFF,0xFF,0xFF,0xFF,0xFF,0xFF,0xFF,0xFF,0xFF,0xFF,0xFF,0xFF,0xFF,0xFF,0xFF,0xFF,
  0xFF,0xFF,0xFF,0xFF,0xFF,0xFF,0xFF,0xFF,0xFF,0xFF,0xFF,0xFF,0xFF,0xFF,0xFF,0xFF,0xFF,0xFF,0xFF,0xFF,0xFF,0xFF,0xFF,0xFF,
  0xFF,0xFF,0xFF,0xFF,0xFF,0xFF,0xFF,0xFF,0xFF,0xFF,0xFF,0xFF,0xFF,0xFF,0xFF,0xFF,0xFF,0xFF,0xFF,0xFF,0xFF,0xFF,0xFF,0xFF,
  0xFF,0xFF,0xFF,0xFF,0xFF,0xFF,0xFF,0xFF,0xFF,0xFF,0xFF,0xFF,0xFF,0xFF,0xFF,0xFF,0xFF,0xFF,0xFF,0xFF,0xFF,0xFF,0xFF,0xFF,
};

const lv_image_dsc_t hcmute_logo = {
  .header.magic  = LV_IMAGE_HEADER_MAGIC,
  .header.cf     = LV_COLOR_FORMAT_RGB565,
  .header.flags  = 0,
  .header.w      = 144,
  .header.h      = 144,
  .header.stride = 288,
  .data_size     = sizeof(hcmute_logo_map),
  .data          = hcmute_logo_map,
};
