/* HCMUTE Doraemon 144x144, LVGL 9.2, LV_COLOR_FORMAT_RGB565 (little-endian) */
#include "lvgl.h"

static const LV_ATTRIBUTE_MEM_ALIGN uint8_t hcmute_dore_map[] = {
  0xFF,0xFF,0xFF,0xFF,0xFF,0xFF,0xFF,0xFF,0xFF,0xFF,0xFF,0xFF,0xFF,0xFF,0xFF,0xFF,0xFF,0xFF,0xFF,0xFF,0xFF,0xFF,0xFF,0xFF,
  0xFF,0xFF,0xFF,0xFF,0xFF,0xFF,0xFF,0xFF,0xFF,0xFF,0xFF,0xFF,0xFF,0xFF,0xFF,0xFF,0xFF,0xFF,0xFF,0xFF,0xFF,0xFF,0xFF,0xFF,
  0xFF,0xFF,0xFF,0xFF,0xFF,0xFF,0xFF,0xFF,0xFF,0xFF,0xFF,0xFF,0xFF,0xFF,0xFF,0xFF,0xFF,0xFF,0xFF,0xFF,0xFF,0xFF,0xFF,0xFF,
  0xFF,0xFF,0xFF,0xFF,0xFF,0xFF,0xFF,0xFF,0xFF,0xFF,0xFF,0xFF,0xFF,0xFF,0xFF,0xFF,0xFF,0xFF,0xFF,0xFF,0xFF,0xFF,0xFF,0xFF,
  0xFF,0xFF,0xFF,0xFF,0xFF,0xFF,0xFF,0xFF,0xFF,0xFF,0xFF,0xFF,0xFF,0xFF,0xFF,0xFF,0xFF,0xFF,0xFF,0xFF,0xFF,0xFF,0xFF,0xFF,
  0xFF,0xFF,0xFF,0xFF,0xFF,0xFF,0xFF,0xFF,0xFF,0xFF,0xFF,0xFF,0xFF,0xFF,0xFF,0xFF,0xFF,0xFF,0xFF,0xFF,0xFF,0xFF,0xFF,0xFF,
  0xFF,0xFF,0xFF,0xFF,0xFF,0xFF,0xFF,0xFF,0xFF,0xFF,0xFF,0xFF,0xFF,0xFF,0xFF,0xFF,0xFF,0xFF,0xFF,0xFF,0xFF,0xFF,0xFF,0xFF,
  0xFF,0xFF,0xFF,0xFF,0xFF,0xFF,0xFF,0xFF,0xFF,0xFF,0xFF,0xFF,0xFF,0xFF,0xFF,0xFF,0xFF,0xFF,0xFF,0xFF,0xFF,0xFF,0xFF,0xFF,
  0xFF,0xFF,0xFF,0xFF,0xFF,0xFF,0xFF,0xFF,0xFF,0xFF,0xFF,0xFF,0xFF,0xFF,0xFF,0xFF,0xFF,0xFF,0xFF,0xFF,0xFF,0xFF,0xFF,0xFF,
  0xFF,0xFF,0xFF,0xFF,0xFF,0xFF,0xFF,0xFF,0xFF,0xFF,0xFF,0xFF,0xFF,0xFF,0xFF,0xFF,0xFF,0xFF,0xFF,0xFF,0xFF,0xFF,0xFF,0xFF,
  0xFF,0xFF,0xFF,0xFF,0xFF,0xFF,0xFF,0xFF,0xFF,0xFF,0xFF,0xFF,0xFF,0xFF,0xFF,0xFF,0xFF,0xFF,0xFF,0xFF,0xFF,0xFF,0xFF,0xFF,
  0xFF,0xFF,0xFF,0xFF,0xFF,0xFF,0xFF,0xFF,0xFF,0xFF,0xFF,0xFF,0xFF,0xFF,0xFF,0xFF,0xFF,0xFF,0xFF,0xFF,0xFF,0xFF,0xFF,0xFF,
  0xFF,0xFF,0xFF,0xFF,0xFF,0xFF,0xFF,0xFF,0xFF,0xFF,0xFF,0xFF,0xFF,0xFF,0xFF,0xFF,0xFF,0xFF,0xFF,0xFF,0xFF,0xFF,0xFF,0xFF,
  0xFF,0xFF,0xFF,0xFF,0xFF,0xFF,0xFF,0xFF,0xFF,0xFF,0xFF,0xFF,0xFF,0xFF,0xFF,0xFF,0xFF,0xFF,0xFF,0xFF,0xFF,0xFF,0xFF,0xFF,
  0xFF,0xFF,0xFF,0xFF,0xFF,0xFF,0xFF,0xFF,0xFF,0xFF,0xFF,0xFF,0xFF,0xFF,0xFF,0xFF,0xFF,0xFF,0xFF,0xFF,0xFF,0xFF,0xFF,0xFF,
  0xFF,0xFF,0xFF,0xFF,0xFF,0xFF,0xFF,0xFF,0xFF,0xFF,0xFF,0xFF,0xFF,0xFF,0xFF,0xFF,0xFF,0xFF,0xFF,0xFF,0xFF,0xFF,0xFF,0xFF,
  0xFF,0xFF,0xFF,0xFF,0xFF,0xFF,0xFF,0xFF,0xFF,0xFF,0xFF,0xFF,0xFF,0xFF,0xFF,0xFF,0xFF,0xFF,0xFF,0xFF,0xFF,0xFF,0xFF,0xFF,
  0xFF,0xFF,0xFF,0xFF,0xFF,0xFF,0xFF,0xFF,0xFF,0xFF,0xFF,0xFF,0xFF,0xFF,0xFF,0xFF,0xFF,0xFF,0xFF,0xFF,0xFF,0xFF,0xFF,0xFF,
  0xFF,0xFF,0xFF,0xFF,0xFF,0xFF,0xFF,0xFF,0xFF,0xFF,0xFF,0xFF,0xFF,0xFF,0xFF,0xFF,0xFF,0xFF,0xFF,0xFF,0xFF,0xFF,0xFF,0xFF,
  0xFF,0xFF,0xFF,0xFF,0xFF,0xFF,0xFF,0xFF,0xFF,0xFF,0xFF,0xFF,0xFF,0xFF,0xFF,0xFF,0xFF,0xFF,0xFF,0xFF,0xFF,0xFF,0xFF,0xFF,
  0xFF,0xFF,0xFF,0xFF,0xFF,0xFF,0xFF,0xFF,0xFF,0xFF,0xFF,0xFF,0xFF,0xFF,0xFF,0xFF,0xFF,0xFF,0xFF,0xFF,0xFF,0xFF,0xFF,0xFF,
  0xFF,0xFF,0xFF,0xFF,0xFF,0xFF,0xFF,0xFF,0xFF,0xFF,0xFF,0xFF,0xFF,0xFF,0xFF,0xFF,0xFF,0xFF,0xFF,0xFF,0xFF,0xFF,0xFF,0xFF,
  0xFF,0xFF,0xFF,0xFF,0xFF,0xFF,0xFF,0xFF,0xFF,0xFF,0xFF,0xFF,0xFF,0xFF,0xFF,0xFF,0xFF,0xFF,0xFF,0xFF,0xFF,0xFF,0xFF,0xFF,
  0xFF,0xFF,0xFF,0xFF,0xFF,0xFF,0xFF,0xFF,0xFF,0xFF,0xFF,0xFF,0xFF,0xFF,0xFF,0xFF,0xFF,0xFF,0xFF,0xFF,0xFF,0xFF,0xFF,0xFF,
  0xFF,0xFF,0xFF,0xFF,0xFF,0xFF,0xFF,0xFF,0xFF,0xFF,0xFF,0xFF,0xFF,0xFF,0xFF,0xFF,0xFF,0xFF,0xFF,0xFF,0xFF,0xFF,0xFF,0xFF,
  0xFF,0xFF,0xFF,0xFF,0xFF,0xFF,0xFF,0xFF,0xFF,0xFF,0xFF,0xFF,0xFF,0xFF,0xFF,0xFF,0xFF,0xFF,0xFF,0xFF,0xFF,0xFF,0xFF,0xFF,
  0xFF,0xFF,0xFF,0xFF,0xFF,0xFF,0xFF,0xFF,0xFF,0xFF,0xFF,0xFF,0xFF,0xFF,0xFF,0xFF,0xFF,0xFF,0xFF,0xFF,0xFF,0xFF,0xFF,0xFF,
  0xFF,0xFF,0xFF,0xFF,0xFF,0xFF,0xFF,0xFF,0xFF,0xFF,0xFF,0xFF,0xFF,0xFF,0xFF,0xFF,0xFF,0xFF,0xFF,0xFF,0xFF,0xFF,0xFF,0xFF,
  0xFF,0xFF,0xFF,0xFF,0xFF,0xFF,0xFF,0xFF,0xFF,0xFF,0xFF,0xFF,0xFF,0xFF,0xFF,0xFF,0xFF,0xFF,0xFF,0xFF,0xFF,0xFF,0xFF,0xFF,
  0xFF,0xFF,0xFF,0xFF,0xFF,0xFF,0xFF,0xFF,0xFF,0xFF,0xFF,0xFF,0xFF,0xFF,0xFF,0xFF,0xFF,0xFF,0xFF,0xFF,0xFF,0xFF,0xFF,0xFF,
  0xFF,0xFF,0xFF,0xFF,0xFF,0xFF,0xFF,0xFF,0xFF,0xFF,0xFF,0xFF,0xFF,0xFF,0xFF,0xFF,0xFF,0xFF,0xFF,0xFF,0xFF,0xFF,0xFF,0xFF,
  0xFF,0xFF,0xFF,0xFF,0xFF,0xFF,0xFF,0xFF,0xFF,0xFF,0xFF,0xFF,0xFF,0xFF,0xFF,0xFF,0xFF,0xFF,0xFF,0xFF,0xFF,0xFF,0xFF,0xFF,
  0xFF,0xFF,0xFF,0xFF,0xFF,0xFF,0xFF,0xFF,0xFF,0xFF,0xFF,0xFF,0xFF,0xFF,0xFF,0xFF,0xFF,0xFF,0xFF,0xFF,0xFF,0xFF,0xFF,0xFF,
  0xFF,0xFF,0xFF,0xFF,0xFF,0xFF,0xFF,0xFF,0xFF,0xFF,0xFF,0xFF,0xFF,0xFF,0xFF,0xFF,0xFF,0xFF,0xFF,0xFF,0xFF,0xFF,0xFF,0xFF,
  0xFF,0xFF,0xFF,0xFF,0xFF,0xFF,0xFF,0xFF,0xFF,0xFF,0xFF,0xFF,0xFF,0xFF,0xFF,0xFF,0xFF,0xFF,0xFF,0xFF,0xFF,0xFF,0xFF,0xFF,
  0xFF,0xFF,0xFF,0xFF,0xFF,0xFF,0xFF,0xFF,0xFF,0xFF,0xFF,0xFF,0xFF,0xFF,0xFF,0xFF,0xFF,0xFF,0xFF,0xFF,0xFF,0xFF,0xFF,0xFF,
  0xFF,0xFF,0xFF,0xFF,0xFF,0xFF,0xFF,0xFF,0xFF,0xFF,0xFF,0xFF,0xFF,0xFF,0xFF,0xFF,0xFF,0xFF,0xFF,0xFF,0xFF,0xFF,0xFF,0xFF,
  0xFF,0xFF,0xFF,0xFF,0xFF,0xFF,0xFF,0xFF,0xFF,0xFF,0xFF,0xFF,0xFF,0xFF,0xFF,0xFF,0xFF,0xFF,0xFF,0xFF,0xFF,0xFF,0xFF,0xFF,
  0xFF,0xFF,0xFF,0xFF,0xFF,0xFF,0xFF,0xFF,0xFF,0xFF,0xFF,0xFF,0xFF,0xFF,0xFF,0xFF,0xFF,0xFF,0xFF,0xFF,0xFF,0xFF,0xFF,0xFF,
  0xFF,0xFF,0xFF,0xFF,0xFF,0xFF,0xFF,0xFF,0xFF,0xFF,0xFF,0xFF,0xFF,0xFF,0xFF,0xFF,0xFF,0xFF,0xFF,0xFF,0xFF,0xFF,0xFF,0xFF,
  0xFF,0xFF,0xFF,0xFF,0xFF,0xFF,0xFF,0xFF,0xFF,0xFF,0xFF,0xFF,0xFF,0xFF,0xFF,0xFF,0xFF,0xFF,0xFF,0xFF,0xFF,0xFF,0xFF,0xFF,
  0xFF,0xFF,0xFF,0xFF,0xFF,0xFF,0xFF,0xFF,0xFF,0xFF,0xFF,0xFF,0xFF,0xFF,0xFF,0xFF,0xFF,0xFF,0xFF,0xFF,0xFF,0xFF,0xFF,0xFF,
  0xFF,0xFF,0xFF,0xFF,0xFF,0xFF,0xFF,0xFF,0xFF,0xFF,0xFF,0xFF,0xFF,0xFF,0xFF,0xFF,0xFF,0xFF,0xFF,0xFF,0xFF,0xFF,0xFF,0xFF,
  0xFF,0xFF,0xFF,0xFF,0xFF,0xFF,0xFF,0xFF,0xFF,0xFF,0xFF,0xFF,0xFF,0xFF,0xFF,0xFF,0xFF,0xFF,0xFF,0xFF,0xFF,0xFF,0xFF,0xFF,
  0xFF,0xFF,0xFF,0xFF,0xFF,0xFF,0xFF,0xFF,0xFF,0xFF,0xFF,0xFF,0xFF,0xFF,0xFF,0xFF,0xFF,0xFF,0xFF,0xFF,0xFF,0xFF,0xFF,0xFF,
  0xFF,0xFF,0xFF,0xFF,0xFF,0xFF,0xFF,0xFF,0xFF,0xFF,0xFF,0xFF,0xFF,0xFF,0xFF,0xFF,0xFF,0xFF,0xFF,0xFF,0xFF,0xFF,0xFF,0xFF,
  0xFF,0xFF,0xFF,0xFF,0xFF,0xFF,0xFF,0xFF,0xFF,0xFF,0xFF,0xFF,0xFF,0xFF,0xFF,0xFF,0xFF,0xFF,0xFF,0xFF,0xFF,0xFF,0xFF,0xFF,
  0xFF,0xFF,0xFF,0xFF,0xFF,0xFF,0xFF,0xFF,0xFF,0xFF,0xFF,0xFF,0xFF,0xFF,0xFF,0xFF,0xFF,0xFF,0xFF,0xFF,0xFF,0xFF,0xFF,0xFF,
  0xFF,0xFF,0xFF,0xFF,0xFF,0xFF,0xFF,0xFF,0xFF,0xFF,0xFF,0xFF,0xFF,0xFF,0xFF,0xFF,0xFF,0xFF,0xFF,0xFF,0xFF,0xFF,0xFF,0xFF,
  0xFF,0xFF,0xFF,0xFF,0xFF,0xFF,0xFF,0xFF,0xFF,0xFF,0xFF,0xFF,0xFF,0xFF,0xFF,0xFF,0xFF,0xFF,0xFF,0xFF,0xFF,0xFF,0xFF,0xFF,
  0xFF,0xFF,0xFF,0xFF,0xFF,0xFF,0xFF,0xFF,0xFF,0xFF,0xFF,0xFF,0xFF,0xFF,0xFF,0xFF,0xFF,0xFF,0xFF,0xFF,0xFF,0xFF,0xFF,0xFF,
  0xFF,0xFF,0xFF,0xFF,0xFF,0xFF,0xFF,0xFF,0xFF,0xFF,0xFF,0xFF,0xFF,0xFF,0xFF,0xFF,0xFF,0xFF,0xFF,0xFF,0xFF,0xFF,0xFF,0xFF,
  0xFF,0xFF,0xFF,0xFF,0xFF,0xFF,0xFF,0xFF,0xFF,0xFF,0xFF,0xFF,0xFF,0xFF,0xFF,0xFF,0xFF,0xFF,0xFF,0xFF,0xFF,0xFF,0xFF,0xFF,
  0xFF,0xFF,0xFF,0xFF,0xFF,0xFF,0xFF,0xFF,0xFF,0xFF,0xFF,0xFF,0xFF,0xFF,0xFF,0xFF,0xFF,0xFF,0xFF,0xFF,0xFF,0xFF,0xFF,0xFF,
  0xFF,0xFF,0xFF,0xFF,0xFF,0xFF,0xFF,0xFF,0xFF,0xFF,0xFF,0xFF,0xFF,0xFF,0xFF,0xFF,0xFF,0xFF,0xFF,0xFF,0xFF,0xFF,0xFF,0xFF,
  0xFF,0xFF,0xFF,0xFF,0xFF,0xFF,0xFF,0xFF,0xFF,0xFF,0xFF,0xFF,0xFF,0xFF,0xFF,0xFF,0xFF,0xFF,0xFF,0xFF,0xFF,0xFF,0xFF,0xFF,
  0xFF,0xFF,0xFF,0xFF,0xFF,0xFF,0xFF,0xFF,0xFF,0xFF,0xFF,0xFF,0xFF,0xFF,0xFF,0xFF,0xFF,0xFF,0xFF,0xFF,0xFF,0xFF,0xFF,0xFF,
  0xFF,0xFF,0xFF,0xFF,0xFF,0xFF,0xFF,0xFF,0xFF,0xFF,0xFF,0xFF,0xFF,0xFF,0xFF,0xFF,0xFF,0xFF,0xFF,0xFF,0xFF,0xFF,0xFF,0xFF,
  0xFF,0xFF,0xFF,0xFF,0xFF,0xFF,0xFF,0xFF,0xFF,0xFF,0xFF,0xFF,0xFF,0xFF,0xFF,0xFF,0xFF,0xFF,0xFF,0xFF,0xFF,0xFF,0xFF,0xFF,
  0xFF,0xFF,0xFF,0xFF,0xFF,0xFF,0xFF,0xFF,0xFF,0xFF,0xFF,0xFF,0xFF,0xFF,0xFF,0xFF,0xFF,0xFF,0xFF,0xFF,0xFF,0xFF,0xFF,0xFF,
  0xFF,0xFF,0xFF,0xFF,0xFF,0xFF,0xFF,0xFF,0xFF,0xFF,0xFF,0xFF,0xFF,0xFF,0xFF,0xFF,0xFF,0xFF,0xFF,0xFF,0xFF,0xFF,0xFF,0xFF,
  0xFF,0xFF,0xFF,0xFF,0xFF,0xFF,0xFF,0xFF,0xFF,0xFF,0xFF,0xFF,0xFF,0xFF,0xFF,0xFF,0xFF,0xFF,0xFF,0xFF,0xFF,0xFF,0xFF,0xFF,
  0xFF,0xFF,0xFF,0xFF,0xFF,0xFF,0xFF,0xFF,0xFF,0xFF,0xFF,0xFF,0xFF,0xFF,0xFF,0xFF,0xFF,0xFF,0xFF,0xFF,0xFF,0xFF,0xFF,0xFF,
  0xFF,0xFF,0xFF,0xFF,0xFF,0xFF,0xFF,0xFF,0xFF,0xFF,0xFF,0xFF,0xFF,0xFF,0xFF,0xFF,0xFF,0xFF,0xFF,0xFF,0xFF,0xFF,0xFF,0xFF,
  0xFF,0xFF,0xFF,0xFF,0xFF,0xFF,0xFF,0xFF,0xFF,0xFF,0xFF,0xFF,0xFF,0xFF,0xFF,0xFF,0xFF,0xFF,0xFF,0xFF,0xFF,0xFF,0xFF,0xFF,
  0xFF,0xFF,0xFF,0xFF,0xFF,0xFF,0xFF,0xFF,0xFF,0xFF,0xFF,0xFF,0xFF,0xFF,0xFF,0xFF,0xFF,0xFF,0xFF,0xFF,0xFF,0xFF,0xFF,0xFF,
  0xFF,0xFF,0xFF,0xFF,0xFF,0xFF,0xFF,0xFF,0xFF,0xFF,0xFF,0xFF,0xFF,0xFF,0xFF,0xFF,0xFF,0xFF,0xFF,0xFF,0xFF,0xFF,0xFF,0xFF,
  0xFF,0xFF,0xFF,0xFF,0xFF,0xFF,0xFF,0xFF,0xFF,0xFF,0xFF,0xFF,0xFF,0xFF,0xFF,0xFF,0xFF,0xFF,0xFF,0xFF,0xFF,0xFF,0xFF,0xFF,
  0xFF,0xFF,0xFF,0xFF,0xFF,0xFF,0xFF,0xFF,0xFF,0xFF,0xFF,0xFF,0xFF,0xFF,0xFF,0xFF,0xFF,0xFF,0xFF,0xFF,0xFF,0xFF,0xFF,0xFF,
  0xFF,0xFF,0xFF,0xFF,0xFF,0xFF,0xFF,0xFF,0xFF,0xFF,0xFF,0xFF,0xFF,0xFF,0xFF,0xFF,0xFF,0xFF,0xFF,0xFF,0xFF,0xFF,0xFF,0xFF,
  0xFF,0xFF,0xFF,0xFF,0xFF,0xFF,0xFF,0xFF,0xFF,0xFF,0xFF,0xFF,0xFF,0xFF,0xFF,0xFF,0xFF,0xFF,0xFF,0xFF,0xFF,0xFF,0xFF,0xFF,
  0xFF,0xFF,0xFF,0xFF,0xFF,0xFF,0xFF,0xFF,0xFF,0xFF,0xFF,0xFF,0xFF,0xFF,0xFF,0xFF,0xFF,0xFF,0xFF,0xFF,0xFF,0xFF,0xFF,0xFF,
  0xFF,0xFF,0xFF,0xFF,0xFF,0xFF,0xFF,0xFF,0xFF,0xFF,0xFF,0xFF,0xFF,0xFF,0xFF,0xFF,0xFF,0xFF,0xFF,0xFF,0xFF,0xFF,0xFF,0xFF,
  0xFF,0xFF,0xFF,0xFF,0xFF,0xFF,0xFF,0xFF,0xFF,0xFF,0xFF,0xFF,0xFF,0xFF,0xFF,0xFF,0xFF,0xFF,0xFF,0xFF,0xFF,0xFF,0xFF,0xFF,
  0xFF,0xFF,0xFF,0xFF,0xFF,0xFF,0xFF,0xFF,0xFF,0xFF,0xFF,0xFF,0xFF,0xFF,0xFF,0xFF,0xFF,0xFF,0xFF,0xFF,0xFF,0xFF,0xFF,0xFF,
  0xFF,0xFF,0xFF,0xFF,0xFF,0xFF,0xFF,0xFF,0xFF,0xFF,0xFF,0xFF,0xFF,0xFF,0xFF,0xFF,0xFF,0xFF,0xFF,0xFF,0xFF,0xFF,0xFF,0xFF,
  0xFF,0xFF,0xFF,0xFF,0xFF,0xFF,0xFF,0xFF,0xFF,0xFF,0xFF,0xFF,0xFF,0xFF,0xFF,0xFF,0xFF,0xFF,0xFF,0xFF,0xFF,0xFF,0xFF,0xFF,
  0xFF,0xFF,0xFF,0xFF,0xFF,0xFF,0xFF,0xFF,0xDF,0xFF,0xDF,0xFF,0xDF,0xFF,0xDF,0xFF,0xDF,0xFF,0xFF,0xFF,0xFF,0xFF,0xFF,0xFF,
  0xFF,0xFF,0xFF,0xFF,0xFF,0xFF,0xFF,0xFF,0xFF,0xFF,0xFF,0xFF,0xFF,0xFF,0xFF,0xFF,0xFF,0xFF,0xFF,0xFF,0xFF,0xFF,0xFF,0xFF,
  0xFF,0xFF,0xFF,0xFF,0xFF,0xFF,0xFF,0xFF,0xFF,0xFF,0xFF,0xFF,0xFF,0xFF,0xFF,0xFF,0xFF,0xFF,0xFF,0xFF,0xFF,0xFF,0xFF,0xFF,
  0xFF,0xFF,0xFF,0xFF,0xFF,0xFF,0xFF,0xFF,0xFF,0xFF,0xFF,0xFF,0xFF,0xFF,0xFF,0xFF,0xFF,0xFF,0xFF,0xFF,0xFF,0xFF,0xFF,0xFF,
  0xFF,0xFF,0xFF,0xFF,0xFF,0xFF,0xFF,0xFF,0xFF,0xFF,0xFF,0xFF,0xFF,0xFF,0xFF,0xFF,0xFF,0xFF,0xFF,0xFF,0xFF,0xFF,0xFF,0xFF,
  0xFF,0xFF,0xFF,0xFF,0xFF,0xFF,0xFF,0xFF,0xFF,0xFF,0xFF,0xFF,0xFF,0xFF,0xFF,0xFF,0xFF,0xFF,0xFF,0xFF,0xFF,0xFF,0xFF,0xFF,
  0xFF,0xFF,0xFF,0xFF,0xFF,0xFF,0xFF,0xFF,0xFF,0xFF,0xFF,0xFF,0xFF,0xFF,0xFF,0xFF,0xFF,0xFF,0xFF,0xFF,0xFF,0xFF,0xFF,0xFF,
  0xFF,0xFF,0xFF,0xFF,0xFF,0xFF,0xFF,0xFF,0xFF,0xFF,0xFF,0xFF,0xFF,0xFF,0xFF,0xFF,0xFF,0xFF,0xFF,0xFF,0xFF,0xFF,0xFF,0xFF,
  0xFF,0xFF,0xFF,0xFF,0xFF,0xFF,0xFF,0xFF,0xFF,0xFF,0xFF,0xFF,0xFF,0xFF,0xFF,0xFF,0xFF,0xFF,0xFF,0xFF,0xFF,0xFF,0xFF,0xFF,
  0xFF,0xFF,0xFF,0xFF,0xFF,0xFF,0xFF,0xFF,0xFF,0xFF,0xFF,0xFF,0xFF,0xFF,0xFF,0xFF,0xFF,0xFF,0xFF,0xFF,0xFF,0xFF,0xFF,0xFF,
  0xFF,0xFF,0xFF,0xFF,0xFF,0xFF,0xFF,0xFF,0xFF,0xFF,0xFF,0xFF,0xFF,0xFF,0xFF,0xFF,0xFF,0xFF,0xFF,0xFF,0xFF,0xFF,0xFF,0xFF,
  0xFF,0xFF,0xFF,0xFF,0xFF,0xFF,0xFF,0xFF,0xFF,0xFF,0xFF,0xFF,0xFF,0xFF,0xFF,0xFF,0xFF,0xFF,0xFF,0xFF,0xFF,0xFF,0xFF,0xFF,
  0xFF,0xFF,0xDF,0xFF,0xFF,0xFF,0xFF,0xFF,0xFF,0xFF,0xFF,0xFF,0xFF,0xFF,0xFF,0xFF,0xFF,0xFF,0xFF,0xFF,0xDF,0xFF,0xFF,0xFF,
  0xFF,0xFF,0xFF,0xFF,0xFF,0xFF,0xFF,0xFF,0xFF,0xFF,0xFF,0xFF,0xFF,0xFF,0xFF,0xFF,0xFF,0xFF,0xFF,0xFF,0xFF,0xFF,0xFF,0xFF,
  0xFF,0xFF,0xFF,0xFF,0xFF,0xFF,0xFF,0xFF,0xFF,0xFF,0xFF,0xFF,0xFF,0xFF,0xFF,0xFF,0xFF,0xFF,0xFF,0xFF,0xFF,0xFF,0xFF,0xFF,
  0xFF,0xFF,0xFF,0xFF,0xFF,0xFF,0xFF,0xFF,0xFF,0xFF,0xFF,0xFF,0xFF,0xFF,0xFF,0xFF,0xFF,0xFF,0xFF,0xFF,0xFF,0xFF,0xFF,0xFF,
  0xFF,0xFF,0xFF,0xFF,0xFF,0xFF,0xFF,0xFF,0xFF,0xFF,0xFF,0xFF,0xFF,0xFF,0xFF,0xFF,0xFF,0xFF,0xFF,0xFF,0xFF,0xFF,0xFF,0xFF,
  0xFF,0xFF,0xFF,0xFF,0xFF,0xFF,0xFF,0xFF,0xFF,0xFF,0xFF,0xFF,0xFF,0xFF,0xFF,0xFF,0xFF,0xFF,0xFF,0xFF,0xFF,0xFF,0xFF,0xFF,
  0xFF,0xFF,0xFF,0xFF,0xFF,0xFF,0xFF,0xFF,0xFF,0xFF,0xFF,0xFF,0xFF,0xFF,0xFF,0xFF,0xFF,0xFF,0xFF,0xFF,0xFF,0xFF,0xFF,0xFF,
  0xFF,0xFF,0xFF,0xFF,0xFF,0xFF,0xFF,0xFF,0xFF,0xFF,0xFF,0xFF,0xFF,0xFF,0xFF,0xFF,0xFF,0xFF,0xFF,0xFF,0xFF,0xFF,0xFF,0xFF,
  0xFF,0xFF,0xFF,0xFF,0xFF,0xFF,0xFF,0xFF,0xFF,0xFF,0xFF,0xFF,0xFF,0xFF,0xFF,0xFF,0xFF,0xFF,0xFF,0xFF,0xFF,0xFF,0xFF,0xFF,
  0xFF,0xFF,0xFF,0xFF,0xFF,0xFF,0xFF,0xFF,0xFF,0xFF,0xFF,0xFF,0xFF,0xFF,0xFF,0xFF,0xFF,0xFF,0xFF,0xFF,0xFF,0xFF,0xFF,0xFF,
  0xFF,0xFF,0xFF,0xFF,0xFF,0xFF,0xFF,0xFF,0xFF,0xFF,0xFF,0xFF,0xFF,0xFF,0xFF,0xFF,0xFF,0xFF,0xFF,0xFF,0xFF,0xFF,0xFF,0xFF,
  0xFF,0xFF,0xFF,0xFF,0xFF,0xFF,0xFF,0xFF,0xFF,0xFF,0xFF,0xFF,0xFF,0xFF,0xFF,0xFF,0xFF,0xFF,0xFF,0xFF,0xFF,0xFF,0xDF,0xFF,
  0xFF,0xFF,0xFF,0xFF,0x9E,0xF7,0x39,0xC6,0xF5,0x9C,0x53,0x84,0x53,0x84,0xF5,0x9C,0x39,0xC6,0x9E,0xF7,0xFF,0xFF,0xFF,0xFF,
  0xFF,0xFF,0xFF,0xFF,0xFF,0xFF,0xFF,0xFF,0xFF,0xFF,0xFF,0xFF,0xFF,0xFF,0xFF,0xFF,0xFF,0xFF,0xFF,0xFF,0xFF,0xFF,0xFF,0xFF,
  0xFF,0xFF,0xFF,0xFF,0xFF,0xFF,0xFF,0xFF,0xFF,0xFF,0xFF,0xFF,0xFF,0xFF,0xFF,0xFF,0xFF,0xFF,0xFF,0xFF,0xFF,0xFF,0xFF,0xFF,
  0xFF,0xFF,0xFF,0xFF,0xFF,0xFF,0xFF,0xFF,0xFF,0xFF,0xFF,0xFF,0xFF,0xFF,0xFF,0xFF,0xFF,0xFF,0xFF,0xFF,0xFF,0xFF,0xFF,0xFF,
  0xFF,0xFF,0xFF,0xFF,0xFF,0xFF,0xFF,0xFF,0xFF,0xFF,0xFF,0xFF,0xFF,0xFF,0xFF,0xFF,0xFF,0xFF,0xFF,0xFF,0xFF,0xFF,0xFF,0xFF,
  0xFF,0xFF,0xFF,0xFF,0xFF,0xFF,0xFF,0xFF,0xFF,0xFF,0xFF,0xFF,0xFF,0xFF,0xFF,0xFF,0xFF,0xFF,0xFF,0xFF,0xFF,0xFF,0xFF,0xFF,
  0xFF,0xFF,0xFF,0xFF,0xFF,0xFF,0xFF,0xFF,0xFF,0xFF,0xFF,0xFF,0xFF,0xFF,0xFF,0xFF,0xFF,0xFF,0xFF,0xFF,0xFF,0xFF,0xFF,0xFF,
  0xFF,0xFF,0xFF,0xFF,0xFF,0xFF,0xFF,0xFF,0xFF,0xFF,0xFF,0xFF,0xFF,0xFF,0xFF,0xFF,0xFF,0xFF,0xFF,0xFF,0xFF,0xFF,0xFF,0xFF,
  0xFF,0xFF,0xFF,0xFF,0xFF,0xFF,0xFF,0xFF,0xFF,0xFF,0xFF,0xFF,0xFF,0xFF,0xFF,0xFF,0xFF,0xFF,0xFF,0xFF,0xFF,0xFF,0xFF,0xFF,
  0xFF,0xFF,0xFF,0xFF,0xFF,0xFF,0xFF,0xFF,0xFF,0xFF,0xFF,0xFF,0xFF,0xFF,0xFF,0xFF,0xFF,0xFF,0xFF,0xFF,0xFF,0xFF,0xFF,0xFF,
  0xFF,0xFF,0xFF,0xFF,0xFF,0xFF,0xFF,0xFF,0xFF,0xFF,0xFF,0xFF,0xFF,0xFF,0xFF,0xFF,0xFF,0xFF,0xFF,0xFF,0xFF,0xFF,0xFF,0xFF,
  0xFF,0xFF,0xFF,0xFF,0xFF,0xFF,0xFF,0xFF,0xFF,0xFF,0xFF,0xFF,0xFF,0xFF,0xFF,0xFF,0xFF,0xFF,0xFF,0xFF,0xFF,0xFF,0xFF,0xFF,
  0x7A,0xCE,0xEE,0x52,0x48,0x21,0x89,0x29,0x4C,0x3A,0xAD,0x4A,0x6C,0x42,0x89,0x29,0xC7,0x08,0xC7,0x08,0xAD,0x52,0x5A,0xC6,
  0xFF,0xFF,0xFF,0xFF,0xFF,0xFF,0xFF,0xFF,0xFF,0xFF,0xFF,0xFF,0xFF,0xFF,0xFF,0xFF,0xFF,0xFF,0xFF,0xFF,0xFF,0xFF,0xFF,0xFF,
  0xFF,0xFF,0xFF,0xFF,0xFF,0xFF,0xFF,0xFF,0xFF,0xFF,0xFF,0xFF,0xFF,0xFF,0xFF,0xFF,0xFF,0xFF,0xFF,0xFF,0xFF,0xFF,0xFF,0xFF,
  0xFF,0xFF,0xFF,0xFF,0xFF,0xFF,0xFF,0xFF,0xFF,0xFF,0xFF,0xFF,0xFF,0xFF,0xFF,0xFF,0xFF,0xFF,0xFF,0xFF,0xFF,0xFF,0xFF,0xFF,
  0xFF,0xFF,0xFF,0xFF,0xFF,0xFF,0xFF,0xFF,0xFF,0xFF,0xFF,0xFF,0xFF,0xFF,0xFF,0xFF,0xFF,0xFF,0xFF,0xFF,0xFF,0xFF,0xFF,0xFF,
  0xFF,0xFF,0xFF,0xFF,0xFF,0xFF,0xFF,0xFF,0xFF,0xFF,0xFF,0xFF,0xFF,0xFF,0xFF,0xFF,0xFF,0xFF,0xFF,0xFF,0xFF,0xFF,0xFF,0xFF,
  0xFF,0xFF,0xFF,0xFF,0xFF,0xFF,0xFF,0xFF,0xFF,0xFF,0xFF,0xFF,0xFF,0xFF,0xFF,0xFF,0xFF,0xFF,0xFF,0xFF,0xFF,0xFF,0xFF,0xFF,
  0xFF,0xFF,0xFF,0xFF,0xFF,0xFF,0xFF,0xFF,0xFF,0xFF,0xFF,0xFF,0xFF,0xFF,0xFF,0xFF,0xFF,0xFF,0xFF,0xFF,0xFF,0xFF,0xFF,0xFF,
  0xFF,0xFF,0xFF,0xFF,0xFF,0xFF,0xFF,0xFF,0xFF,0xFF,0xFF,0xFF,0xFF,0xFF,0xFF,0xFF,0xFF,0xFF,0xFF,0xFF,0xFF,0xFF,0xFF,0xFF,
  0xFF,0xFF,0xFF,0xFF,0xFF,0xFF,0xFF,0xFF,0xFF,0xFF,0xFF,0xFF,0xFF,0xFF,0xFF,0xFF,0xFF,0xFF,0xFF,0xFF,0xFF,0xFF,0xFF,0xFF,
  0xFF,0xFF,0xFF,0xFF,0xFF,0xFF,0xFF,0xFF,0xFF,0xFF,0xFF,0xFF,0xFF,0xFF,0xFF,0xFF,0xFF,0xFF,0xFF,0xFF,0xFF,0xFF,0xFF,0xFF,
  0xFF,0xFF,0xFF,0xFF,0xFF,0xFF,0xFF,0xFF,0xFF,0xFF,0xFF,0xFF,0xFF,0xFF,0xFF,0xFF,0xFF,0xFF,0xFF,0xFF,0xFF,0xFF,0x70,0x6B,
  0xE7,0x10,0xB1,0x73,0x9B,0xD6,0xFF,0xFF,0xFF,0xFF,0xFF,0xFF,0xFF,0xFF,0xFF,0xFF,0x5D,0xEF,0x77,0xAD,0x4C,0x42,0x45,0x00,
  0x0F,0x5B,0x9E,0xF7,0xFF,0xFF,0xFF,0xFF,0xFF,0xFF,0xFF,0xFF,0xFF,0xFF,0xFF,0xFF,0xFF,0xFF,0xFF,0xFF,0xFF,0xFF,0xFF,0xFF,
  0xFF,0xFF,0xFF,0xFF,0xFF,0xFF,0xFF,0xFF,0xFF,0xFF,0xFF,0xFF,0xFF,0xFF,0xFF,0xFF,0xFF,0xFF,0xFF,0xFF,0xFF,0xFF,0xFF,0xFF,
  0xFF,0xFF,0xFF,0xFF,0xFF,0xFF,0xFF,0xFF,0xFF,0xFF,0xFF,0xFF,0xFF,0xFF,0xFF,0xFF,0xFF,0xFF,0xFF,0xFF,0xFF,0xFF,0xFF,0xFF,
  0xFF,0xFF,0xFF,0xFF,0xFF,0xFF,0xFF,0xFF,0xFF,0xFF,0xFF,0xFF,0xFF,0xFF,0xFF,0xFF,0xFF,0xFF,0xFF,0xFF,0xFF,0xFF,0xFF,0xFF,
  0xFF,0xFF,0xFF,0xFF,0xFF,0xFF,0xFF,0xFF,0xFF,0xFF,0xFF,0xFF,0xFF,0xFF,0xFF,0xFF,0xFF,0xFF,0xFF,0xFF,0xFF,0xFF,0xFF,0xFF,
  0xFF,0xFF,0xFF,0xFF,0xFF,0xFF,0xFF,0xFF,0xFF,0xFF,0xFF,0xFF,0xFF,0xFF,0xFF,0xFF,0xFF,0xFF,0xFF,0xFF,0xFF,0xFF,0xFF,0xFF,
  0xFF,0xFF,0xFF,0xFF,0xFF,0xFF,0xFF,0xFF,0xFF,0xFF,0xFF,0xFF,0xFF,0xFF,0xFF,0xFF,0xFF,0xFF,0xFF,0xFF,0xFF,0xFF,0xFF,0xFF,
  0xFF,0xFF,0xFF,0xFF,0xFF,0xFF,0xFF,0xFF,0xFF,0xFF,0xFF,0xFF,0xFF,0xFF,0xFF,0xFF,0xFF,0xFF,0xFF,0xFF,0xFF,0xFF,0xFF,0xFF,
  0xFF,0xFF,0xFF,0xFF,0xFF,0xFF,0xFF,0xFF,0xFF,0xFF,0xFF,0xFF,0xFF,0xFF,0xFF,0xFF,0xFF,0xFF,0xFF,0xFF,0xFF,0xFF,0xFF,0xFF,
  0xFF,0xFF,0xFF,0xFF,0xFF,0xFF,0xFF,0xFF,0xFF,0xFF,0xFF,0xFF,0xFF,0xFF,0xFF,0xFF,0xFF,0xFF,0xFF,0xFF,0xDF,0xFF,0xFF,0xFF,
  0xFF,0xFF,0xFF,0xFF,0xFF,0xFF,0xFF,0xFF,0xDF,0xFF,0xFF,0xFF,0xFF,0xFF,0xFF,0xFF,0xFF,0xFF,0xDF,0xFF,0x2B,0x3A,0xA9,0x29,
  0x1C,0xDF,0xFF,0xFF,0xFF,0xFF,0xFF,0xFF,0xFF,0xFF,0xDF,0xFF,0xFF,0xFF,0xFF,0xFF,0xFF,0xFF,0xFF,0xFF,0xFF,0xFF,0x39,0xC6,
  0x27,0x19,0x48,0x21,0x3D,0xE7,0xFF,0xFF,0xFF,0xFF,0xFF,0xFF,0xFF,0xFF,0xFF,0xFF,0xFF,0xFF,0xFF,0xFF,0xFF,0xFF,0xFF,0xFF,
  0xFF,0xFF,0xFF,0xFF,0xFF,0xFF,0xFF,0xFF,0xFF,0xFF,0xFF,0xFF,0xFF,0xFF,0xFF,0xFF,0xFF,0xFF,0xFF,0xFF,0xFF,0xFF,0xFF,0xFF,
  0xFF,0xFF,0xFF,0xFF,0xFF,0xFF,0xFF,0xFF,0xFF,0xFF,0xFF,0xFF,0xFF,0xFF,0xFF,0xFF,0xFF,0xFF,0xFF,0xFF,0xFF,0xFF,0xFF,0xFF,
  0xFF,0xFF,0xFF,0xFF,0xFF,0xFF,0xFF,0xFF,0xFF,0xFF,0xFF,0xFF,0xFF,0xFF,0xFF,0xFF,0xFF,0xFF,0xFF,0xFF,0xFF,0xFF,0xFF,0xFF,
  0xFF,0xFF,0xFF,0xFF,0xFF,0xFF,0xFF,0xFF,0xFF,0xFF,0xFF,0xFF,0xFF,0xFF,0xFF,0xFF,0xFF,0xFF,0xFF,0xFF,0xFF,0xFF,0xFF,0xFF,
  0xFF,0xFF,0xFF,0xFF,0xFF,0xFF,0xFF,0xFF,0xFF,0xFF,0xFF,0xFF,0xFF,0xFF,0xFF,0xFF,0xFF,0xFF,0xFF,0xFF,0xFF,0xFF,0xFF,0xFF,
  0xFF,0xFF,0xFF,0xFF,0xFF,0xFF,0xFF,0xFF,0xFF,0xFF,0xFF,0xFF,0xFF,0xFF,0xFF,0xFF,0xFF,0xFF,0xFF,0xFF,0xFF,0xFF,0xFF,0xFF,
  0xFF,0xFF,0xFF,0xFF,0xFF,0xFF,0xFF,0xFF,0xFF,0xFF,0xFF,0xFF,0xFF,0xFF,0xFF,0xFF,0xFF,0xFF,0xFF,0xFF,0xFF,0xFF,0xFF,0xFF,
  0xFF,0xFF,0xFF,0xFF,0xFF,0xFF,0xFF,0xFF,0xFF,0xFF,0xFF,0xFF,0xFF,0xFF,0xFF,0xFF,0xFF,0xFF,0xFF,0xFF,0xFF,0xFF,0xFF,0xFF,
  0xFF,0xFF,0xFF,0xFF,0xFF,0xFF,0xFF,0xFF,0xFF,0xFF,0xFF,0xFF,0xFF,0xFF,0xFF,0xFF,0xDF,0xFF,0xFF,0xFF,0xFF,0xFF,0xFF,0xFF,
  0xDF,0xFF,0x9E,0xF7,0x9E,0xF7,0xFF,0xFF,0xFF,0xFF,0xFF,0xFF,0xDF,0xFF,0xDF,0xFF,0xFF,0xFF,0x0E,0x5B,0x89,0x29,0xFF,0xFF,
  0xFF,0xFF,0xDF,0xFF,0xFF,0xFF,0xFF,0xFF,0xFF,0xFF,0xFF,0xFF,0xFF,0xFF,0xFF,0xFF,0xFF,0xFF,0xDF,0xFF,0xDF,0xFF,0xFF,0xFF,
  0xBE,0xF7,0x0B,0x32,0x69,0x21,0xBE,0xF7,0xFF,0xFF,0xFF,0xFF,0xFF,0xFF,0xFF,0xFF,0xFF,0xFF,0xFF,0xFF,0xFF,0xFF,0xFF,0xFF,
  0xFF,0xFF,0xFF,0xFF,0xFF,0xFF,0xFF,0xFF,0xFF,0xFF,0xFF,0xFF,0xFF,0xFF,0xFF,0xFF,0xFF,0xFF,0xFF,0xFF,0xFF,0xFF,0xFF,0xFF,
  0xFF,0xFF,0xFF,0xFF,0xFF,0xFF,0xFF,0xFF,0xDF,0xFF,0xDF,0xFF,0xDF,0xFF,0xDF,0xFF,0xFF,0xFF,0xFF,0xFF,0xFF,0xFF,0xFF,0xFF,
  0xFF,0xFF,0xFF,0xFF,0xFF,0xFF,0xFF,0xFF,0xFF,0xFF,0xFF,0xFF,0xFF,0xFF,0xFF,0xFF,0xFF,0xFF,0xFF,0xFF,0xFF,0xFF,0xFF,0xFF,
  0xFF,0xFF,0xFF,0xFF,0xFF,0xFF,0xFF,0xFF,0xFF,0xFF,0xFF,0xFF,0xFF,0xFF,0xFF,0xFF,0xFF,0xFF,0xFF,0xFF,0xFF,0xFF,0xFF,0xFF,
  0xFF,0xFF,0xFF,0xFF,0xFF,0xFF,0xFF,0xFF,0xFF,0xFF,0xFF,0xFF,0xFF,0xFF,0xFF,0xFF,0xFF,0xFF,0xFF,0xFF,0xFF,0xFF,0xFF,0xFF,
  0xFF,0xFF,0xFF,0xFF,0xFF,0xFF,0xFF,0xFF,0xFF,0xFF,0xFF,0xFF,0xFF,0xFF,0xFF,0xFF,0xFF,0xFF,0xFF,0xFF,0xFF,0xFF,0xFF,0xFF,
  0xFF,0xFF,0xFF,0xFF,0xFF,0xFF,0xFF,0xFF,0xFF,0xFF,0xFF,0xFF,0xFF,0xFF,0xFF,0xFF,0xFF,0xFF,0xFF,0xFF,0xFF,0xFF,0xFF,0xFF,
  0xFF,0xFF,0xFF,0xFF,0xFF,0xFF,0xFF,0xFF,0xFF,0xFF,0xFF,0xFF,0xFF,0xFF,0xFF,0xFF,0xFF,0xFF,0xFF,0xFF,0xFF,0xFF,0xFF,0xFF,
  0xFF,0xFF,0xFF,0xFF,0xFF,0xFF,0xFF,0xFF,0xFF,0xFF,0xFF,0xFF,0xDF,0xFF,0xFF,0xFF,0xFF,0xFF,0xFC,0xDE,0x12,0x7C,0x0B,0x3A,
  0x48,0x21,0x49,0x19,0x28,0x19,0x89,0x29,0x50,0x63,0xBB,0xD6,0xFF,0xFF,0xFF,0xFF,0x39,0xC6,0x85,0x00,0x3C,0xE7,0xFF,0xFF,
  0xDF,0xFF,0xFF,0xFF,0xFF,0xFF,0xFF,0xFF,0xFF,0xFF,0xFF,0xFF,0xFF,0xFF,0xFF,0xFF,0xFF,0xFF,0xFF,0xFF,0xFF,0xFF,0xDF,0xFF,
  0xFF,0xFF,0xBE,0xF7,0xC6,0x10,0x6F,0x63,0xFF,0xFF,0xFF,0xFF,0xFF,0xFF,0xFF,0xFF,0xFF,0xFF,0xFF,0xFF,0xFF,0xFF,0xFF,0xFF,
  0xFF,0xFF,0xFF,0xFF,0xFF,0xFF,0xFF,0xFF,0xFF,0xFF,0xFF,0xFF,0xFF,0xFF,0xFF,0xFF,0xFF,0xFF,0xFF,0xFF,0xFF,0xFF,0xFF,0xFF,
  0xFF,0xFF,0xDF,0xFF,0xFF,0xFF,0xFF,0xFF,0xFF,0xFF,0xFF,0xFF,0xFF,0xFF,0xFF,0xFF,0xFF,0xFF,0xDF,0xFF,0xDF,0xFF,0xFF,0xFF,
  0xFF,0xFF,0xFF,0xFF,0xFF,0xFF,0xFF,0xFF,0xFF,0xFF,0xFF,0xFF,0xFF,0xFF,0xFF,0xFF,0xFF,0xFF,0xFF,0xFF,0xFF,0xFF,0xFF,0xFF,
  0xFF,0xFF,0xFF,0xFF,0xFF,0xFF,0xFF,0xFF,0xFF,0xFF,0xFF,0xFF,0xFF,0xFF,0xFF,0xFF,0xFF,0xFF,0xFF,0xFF,0xFF,0xFF,0xFF,0xFF,
  0xFF,0xFF,0xFF,0xFF,0xFF,0xFF,0xFF,0xFF,0xFF,0xFF,0xFF,0xFF,0xFF,0xFF,0xFF,0xFF,0xFF,0xFF,0xFF,0xFF,0xFF,0xFF,0xFF,0xFF,
  0xFF,0xFF,0xFF,0xFF,0xFF,0xFF,0xFF,0xFF,0xFF,0xFF,0xFF,0xFF,0xFF,0xFF,0xFF,0xFF,0xFF,0xFF,0xFF,0xFF,0xFF,0xFF,0xFF,0xFF,
  0xFF,0xFF,0xFF,0xFF,0xFF,0xFF,0xFF,0xFF,0xFF,0xFF,0xFF,0xFF,0xFF,0xFF,0xFF,0xFF,0xFF,0xFF,0xFF,0xFF,0xFF,0xFF,0xFF,0xFF,
  0xFF,0xFF,0xFF,0xFF,0xFF,0xFF,0xFF,0xFF,0xFF,0xFF,0xFF,0xFF,0xFF,0xFF,0xFF,0xFF,0xFF,0xFF,0xFF,0xFF,0xFF,0xFF,0xFF,0xFF,
  0xFF,0xFF,0xFF,0xFF,0xFF,0xFF,0xFF,0xFF,0xFF,0xFF,0xDF,0xFF,0xFF,0xFF,0x5D,0xE7,0xEE,0x5A,0xC7,0x10,0x2B,0x3A,0x73,0x8C,
  0xF8,0xBD,0x9B,0xCE,0x5A,0xCE,0x16,0x9D,0xAD,0x4A,0x85,0x08,0x90,0x6B,0xFF,0xFF,0xEE,0x52,0x70,0x63,0xFF,0xFF,0xDF,0xFF,
  0xFF,0xFF,0xFF,0xFF,0xFF,0xFF,0xFF,0xFF,0xFF,0xFF,0xFF,0xFF,0xFF,0xFF,0xFF,0xFF,0xFF,0xFF,0xFF,0xFF,0xFF,0xFF,0xFF,0xFF,
  0xDF,0xFF,0xFF,0xFF,0x19,0xBE,0x66,0x00,0xFC,0xDE,0xFF,0xFF,0xFF,0xFF,0xFF,0xFF,0xFF,0xFF,0xFF,0xFF,0xFF,0xFF,0xFF,0xFF,
  0xFF,0xFF,0xFF,0xFF,0xFF,0xFF,0xFF,0xFF,0xFF,0xFF,0xFF,0xFF,0xFF,0xFF,0xFF,0xFF,0xFF,0xFF,0xFF,0xFF,0xFF,0xFF,0xDF,0xFF,
  0xFF,0xFF,0xFF,0xFF,0xFF,0xFF,0xFC,0xDE,0xD8,0xB5,0x57,0xA5,0x57,0xA5,0x3A,0xC6,0x9E,0xF7,0xFF,0xFF,0xFF,0xFF,0xFF,0xFF,
  0xFF,0xFF,0xFF,0xFF,0xFF,0xFF,0xFF,0xFF,0xFF,0xFF,0xFF,0xFF,0xFF,0xFF,0xFF,0xFF,0xFF,0xFF,0xFF,0xFF,0xFF,0xFF,0xFF,0xFF,
  0xFF,0xFF,0xFF,0xFF,0xFF,0xFF,0xFF,0xFF,0xFF,0xFF,0xFF,0xFF,0xFF,0xFF,0xFF,0xFF,0xFF,0xFF,0xFF,0xFF,0xFF,0xFF,0xFF,0xFF,
  0xFF,0xFF,0xFF,0xFF,0xFF,0xFF,0xFF,0xFF,0xFF,0xFF,0xFF,0xFF,0xFF,0xFF,0xFF,0xFF,0xFF,0xFF,0xFF,0xFF,0xFF,0xFF,0xFF,0xFF,
  0xFF,0xFF,0xFF,0xFF,0xFF,0xFF,0xFF,0xFF,0xFF,0xFF,0xFF,0xFF,0xFF,0xFF,0xFF,0xFF,0xFF,0xFF,0xFF,0xFF,0xFF,0xFF,0xFF,0xFF,
  0xFF,0xFF,0xFF,0xFF,0xFF,0xFF,0xFF,0xFF,0xFF,0xFF,0xFF,0xFF,0xFF,0xFF,0xFF,0xFF,0xFF,0xFF,0xFF,0xFF,0xFF,0xFF,0xFF,0xFF,
  0xFF,0xFF,0xFF,0xFF,0xFF,0xFF,0xFF,0xFF,0xFF,0xFF,0xFF,0xFF,0xFF,0xFF,0xFF,0xFF,0xFF,0xFF,0xFF,0xFF,0xFF,0xFF,0xFF,0xFF,
  0xFF,0xFF,0xFF,0xFF,0xFF,0xFF,0xFF,0xFF,0xDF,0xFF,0xFF,0xFF,0xD8,0xBD,0xC6,0x10,0x8C,0x4A,0xBB,0xD6,0xFF,0xFF,0xFF,0xFF,
  0xFF,0xFF,0xFF,0xFF,0xFF,0xFF,0xFF,0xFF,0xFF,0xFF,0x59,0xCE,0x28,0x19,0xCE,0x4A,0x68,0x21,0xF8,0xBD,0xFF,0xFF,0xFF,0xFF,
  0xFF,0xFF,0xFF,0xFF,0xFF,0xFF,0xFF,0xFF,0xFF,0xFF,0xDF,0xFF,0xDF,0xFF,0xFF,0xFF,0xFF,0xFF,0xFF,0xFF,0xFF,0xFF,0xFF,0xFF,
  0xFF,0xFF,0xFF,0xFF,0xFF,0xFF,0xCA,0x31,0xD1,0x73,0xFF,0xFF,0xBF,0xF7,0xFF,0xFF,0xFF,0xFF,0xFF,0xFF,0xFF,0xFF,0xDF,0xFF,
  0xFF,0xFF,0xFF,0xFF,0xFF,0xFF,0xFF,0xFF,0xFF,0xFF,0xFF,0xFF,0xFF,0xFF,0xFF,0xFF,0xFF,0xFF,0xFF,0xFF,0xFF,0xFF,0xFF,0xFF,
  0x7D,0xEF,0x33,0x7C,0x8B,0x21,0xE7,0x08,0xC4,0x10,0xE4,0x10,0xA4,0x08,0x65,0x00,0x86,0x08,0xCE,0x52,0x19,0xC6,0xFF,0xFF,
  0xFF,0xFF,0xDF,0xFF,0xFF,0xFF,0xFF,0xFF,0xFF,0xFF,0xFF,0xFF,0xFF,0xFF,0xFF,0xFF,0xFF,0xFF,0xFF,0xFF,0xFF,0xFF,0xFF,0xFF,
  0xFF,0xFF,0xFF,0xFF,0xFF,0xFF,0xFF,0xFF,0xFF,0xFF,0xFF,0xFF,0xFF,0xFF,0xFF,0xFF,0xFF,0xFF,0xFF,0xFF,0xFF,0xFF,0xFF,0xFF,
  0xFF,0xFF,0xFF,0xFF,0xFF,0xFF,0xFF,0xFF,0xFF,0xFF,0xFF,0xFF,0xFF,0xFF,0xFF,0xFF,0xFF,0xFF,0xFF,0xFF,0xFF,0xFF,0xFF,0xFF,
  0xFF,0xFF,0xFF,0xFF,0xFF,0xFF,0xFF,0xFF,0xFF,0xFF,0xFF,0xFF,0xFF,0xFF,0xFF,0xFF,0xFF,0xFF,0xFF,0xFF,0xFF,0xFF,0xFF,0xFF,
  0xFF,0xFF,0xFF,0xFF,0xFF,0xFF,0xFF,0xFF,0xFF,0xFF,0xFF,0xFF,0xFF,0xFF,0xFF,0xFF,0xFF,0xFF,0xFF,0xFF,0xFF,0xFF,0xFF,0xFF,
  0xFF,0xFF,0xFF,0xFF,0xFF,0xFF,0xFF,0xFF,0xFF,0xFF,0xFF,0xFF,0xFF,0xFF,0xFF,0xFF,0xFF,0xFF,0xFF,0xFF,0xFF,0xFF,0xFF,0xFF,
  0xFF,0xFF,0xFF,0xFF,0xFF,0xFF,0xDF,0xFF,0xFF,0xFF,0x77,0xAD,0x45,0x00,0xF5,0x9C,0xFF,0xFF,0xFF,0xFF,0xDF,0xFF,0xDF,0xFF,
  0xFF,0xFF,0xFF,0xFF,0xFF,0xFF,0xDF,0xFF,0xDF,0xFF,0xFF,0xFF,0x9E,0xEF,0x49,0x21,0x45,0x00,0x1C,0xE7,0xFF,0xFF,0xFF,0xFF,
  0xFF,0xFF,0xFF,0xFF,0xFF,0xFF,0xDF,0xFF,0xFF,0xFF,0xFF,0xFF,0xFF,0xFF,0xFF,0xFF,0xFF,0xFF,0xFF,0xFF,0xFF,0xFF,0xFF,0xFF,
  0xFF,0xFF,0xDF,0xFF,0xFF,0xFF,0xB4,0x8C,0xA9,0x29,0xFF,0xFF,0xFF,0xFF,0xFF,0xFF,0xFF,0xFF,0xFF,0xFF,0xFF,0xFF,0xFF,0xFF,
  0xFF,0xFF,0xFF,0xFF,0xFF,0xFF,0xFF,0xFF,0xFF,0xFF,0xFF,0xFF,0xFF,0xFF,0xFF,0xFF,0xFF,0xFF,0xFF,0xFF,0x3C,0xE7,0xF6,0x9C,
  0xE8,0x10,0x23,0x21,0xE4,0x8B,0x84,0xD5,0x24,0xF6,0x44,0xFE,0x89,0xF6,0x0E,0xD6,0x2C,0x84,0x46,0x19,0x04,0x00,0xAD,0x4A,
  0x1C,0xE7,0xFF,0xFF,0xDF,0xFF,0xFF,0xFF,0xFF,0xFF,0xFF,0xFF,0xFF,0xFF,0xFF,0xFF,0xFF,0xFF,0xFF,0xFF,0xFF,0xFF,0xFF,0xFF,
  0xFF,0xFF,0xFF,0xFF,0xFF,0xFF,0xFF,0xFF,0xFF,0xFF,0xFF,0xFF,0xFF,0xFF,0xFF,0xFF,0xFF,0xFF,0xFF,0xFF,0xFF,0xFF,0xFF,0xFF,
  0xFF,0xFF,0xFF,0xFF,0xFF,0xFF,0xFF,0xFF,0xFF,0xFF,0xFF,0xFF,0xFF,0xFF,0xFF,0xFF,0xFF,0xFF,0xFF,0xFF,0xFF,0xFF,0xFF,0xFF,
  0xFF,0xFF,0xFF,0xFF,0xFF,0xFF,0xFF,0xFF,0xFF,0xFF,0xFF,0xFF,0xFF,0xFF,0xFF,0xFF,0xFF,0xFF,0xFF,0xFF,0xFF,0xFF,0xFF,0xFF,
  0xFF,0xFF,0xFF,0xFF,0xFF,0xFF,0xFF,0xFF,0xFF,0xFF,0xFF,0xFF,0xFF,0xFF,0xFF,0xFF,0xFF,0xFF,0xFF,0xFF,0xFF,0xFF,0xFF,0xFF,
  0xFF,0xFF,0xFF,0xFF,0xFF,0xFF,0xFF,0xFF,0xFF,0xFF,0xFF,0xFF,0xFF,0xFF,0xFF,0xFF,0xFF,0xFF,0xFF,0xFF,0xFF,0xFF,0xFF,0xFF,
  0xFF,0xFF,0xFF,0xFF,0xFF,0xFF,0xFF,0xFF,0x5A,0xC6,0x45,0x00,0x77,0xAD,0xFF,0xFF,0xDF,0xFF,0xFF,0xFF,0xFF,0xFF,0xFF,0xFF,
  0xFF,0xFF,0xFF,0xFF,0xFF,0xFF,0xFF,0xFF,0xFF,0xFF,0xDF,0xFF,0xFF,0xFF,0xFC,0xDE,0xA6,0x08,0x7A,0xCE,0xFF,0xFF,0xFF,0xFF,
  0xFF,0xFF,0xFF,0xFF,0xFF,0xFF,0xFF,0xFF,0xBB,0xD6,0xD4,0x94,0xF5,0x9C,0xDB,0xDE,0xFF,0xFF,0xFF,0xFF,0xFF,0xFF,0xFF,0xFF,
  0xFF,0xFF,0xFF,0xFF,0xFF,0xFF,0x7A,0xCE,0xE7,0x08,0x2F,0x5B,0xCD,0x52,0x6C,0x42,0x6C,0x42,0x6C,0x42,0x6C,0x42,0x4B,0x42,
  0x59,0xC6,0xFF,0xFF,0xDF,0xFF,0xFF,0xFF,0xFF,0xFF,0xFF,0xFF,0xFF,0xFF,0xFF,0xFF,0x3D,0xE7,0xAF,0x4A,0xA7,0x08,0xC4,0x10,
  0xC5,0x8B,0x84,0xFE,0xA3,0xFE,0x63,0xFE,0x63,0xFE,0x43,0xFE,0x98,0xFF,0xFF,0xFF,0xFF,0xFF,0x99,0xFF,0xAD,0x9C,0xE7,0x10,
  0x86,0x08,0xF8,0xBD,0xFF,0xFF,0xDF,0xFF,0xFF,0xFF,0xFF,0xFF,0xFF,0xFF,0xFF,0xFF,0xFF,0xFF,0xFF,0xFF,0xFF,0xFF,0xFF,0xFF,
  0xFF,0xFF,0xFF,0xFF,0xFF,0xFF,0xFF,0xFF,0xFF,0xFF,0xFF,0xFF,0xFF,0xFF,0xFF,0xFF,0xFF,0xFF,0xFF,0xFF,0xFF,0xFF,0xFF,0xFF,
  0xFF,0xFF,0xFF,0xFF,0xFF,0xFF,0xFF,0xFF,0xFF,0xFF,0xFF,0xFF,0xFF,0xFF,0xFF,0xFF,0xFF,0xFF,0xFF,0xFF,0xFF,0xFF,0xFF,0xFF,
  0xFF,0xFF,0xFF,0xFF,0xFF,0xFF,0xFF,0xFF,0xFF,0xFF,0xFF,0xFF,0xFF,0xFF,0xFF,0xFF,0xFF,0xFF,0xFF,0xFF,0xFF,0xFF,0xFF,0xFF,
  0xFF,0xFF,0xFF,0xFF,0xFF,0xFF,0xFF,0xFF,0xFF,0xFF,0xFF,0xFF,0xFF,0xFF,0xFF,0xFF,0xFF,0xFF,0xFF,0xFF,0xFF,0xFF,0xFF,0xFF,
  0xFF,0xFF,0xFF,0xFF,0xFF,0xFF,0xFF,0xFF,0xFF,0xFF,0xFF,0xFF,0xFF,0xFF,0xFF,0xFF,0xFF,0xFF,0xFF,0xFF,0xFF,0xFF,0xFF,0xFF,
  0xFF,0xFF,0xFF,0xFF,0xFF,0xFF,0xBE,0xF7,0x08,0x11,0x32,0x7C,0xFF,0xFF,0xDF,0xFF,0xFF,0xFF,0xFF,0xFF,0xFF,0xFF,0xFF,0xFF,
  0xFF,0xFF,0xFF,0xFF,0xFF,0xFF,0xFF,0xFF,0xFF,0xFF,0xFF,0xFF,0xDF,0xFF,0xFF,0xFF,0x73,0x8C,0x90,0x6B,0xFF,0xFF,0xDF,0xFF,
  0xFF,0xFF,0xFF,0xFF,0xFF,0xFF,0x32,0x7C,0x66,0x00,0x03,0x00,0x03,0x00,0x65,0x00,0xB4,0x8C,0xFF,0xFF,0xFF,0xFF,0xFF,0xFF,
  0xFF,0xFF,0xFF,0xFF,0xFF,0xFF,0x3D,0xE7,0xC6,0x08,0xB0,0x73,0xF5,0x9C,0x56,0xA5,0xB7,0xB5,0xB7,0xB5,0x97,0xB5,0x56,0xAD,
  0x3C,0xE7,0xFF,0xFF,0xDF,0xFF,0xFF,0xFF,0xFF,0xFF,0xFF,0xFF,0xFF,0xFF,0xDF,0xFF,0xEC,0x31,0x85,0x31,0x04,0xE6,0xC2,0xFE,
  0x22,0xFF,0xE2,0xFE,0xA2,0xFE,0xA2,0xFE,0x62,0xFE,0x22,0xFE,0x44,0xFE,0xEC,0xFE,0x99,0xFF,0xFF,0xFF,0xB6,0xFF,0x26,0xE6,
  0x25,0x4A,0x26,0x00,0x19,0xBE,0xFF,0xFF,0xFF,0xFF,0xFF,0xFF,0xFF,0xFF,0xFF,0xFF,0xFF,0xFF,0xFF,0xFF,0xFF,0xFF,0xFF,0xFF,
  0xFF,0xFF,0xFF,0xFF,0xFF,0xFF,0xFF,0xFF,0xFF,0xFF,0xFF,0xFF,0xFF,0xFF,0xFF,0xFF,0xFF,0xFF,0xFF,0xFF,0xFF,0xFF,0xFF,0xFF,
  0xFF,0xFF,0xFF,0xFF,0xFF,0xFF,0xFF,0xFF,0xFF,0xFF,0xFF,0xFF,0xFF,0xFF,0xFF,0xFF,0xFF,0xFF,0xFF,0xFF,0xFF,0xFF,0xFF,0xFF,
  0xFF,0xFF,0xFF,0xFF,0xFF,0xFF,0xFF,0xFF,0xFF,0xFF,0xFF,0xFF,0xFF,0xFF,0xFF,0xFF,0xFF,0xFF,0xFF,0xFF,0xFF,0xFF,0xFF,0xFF,
  0xFF,0xFF,0xFF,0xFF,0xFF,0xFF,0xFF,0xFF,0xFF,0xFF,0xFF,0xFF,0xFF,0xFF,0xFF,0xFF,0xFF,0xFF,0xFF,0xFF,0xFF,0xFF,0xFF,0xFF,
  0xFF,0xFF,0xFF,0xFF,0xFF,0xFF,0xFF,0xFF,0xFF,0xFF,0xFF,0xFF,0xFF,0xFF,0xFF,0xFF,0xFF,0xFF,0xFF,0xFF,0xFF,0xFF,0xFF,0xFF,
  0xFF,0xFF,0xDF,0xFF,0xFF,0xFF,0x53,0x84,0x69,0x21,0xFF,0xFF,0xDF,0xFF,0xFF,0xFF,0xFF,0xFF,0xFF,0xFF,0xFF,0xFF,0xFF,0xFF,
  0xFF,0xFF,0xFF,0xFF,0xFF,0xFF,0xFF,0xFF,0xFF,0xFF,0x9E,0xF7,0xFF,0xFF,0xFF,0xFF,0xBE,0xF7,0x6C,0x4A,0x3D,0xE7,0xFF,0xFF,
  0xDF,0xFF,0xFF,0xFF,0x53,0x84,0x03,0x00,0xC7,0x00,0x8D,0x42,0x8D,0x4A,0xC7,0x00,0x02,0x00,0xB7,0xB5,0xFF,0xFF,0xDF,0xFF,
  0xFF,0xFF,0xFF,0xFF,0xFF,0xFF,0x5D,0xE7,0x06,0x11,0x5D,0xEF,0xFF,0xFF,0xFF,0xFF,0xFF,0xFF,0xFF,0xFF,0xFF,0xFF,0xFF,0xFF,
  0xFF,0xFF,0xFF,0xFF,0xFF,0xFF,0xFF,0xFF,0xDF,0xFF,0xDF,0xFF,0xFF,0xFF,0x9A,0xCE,0x87,0x00,0x68,0x9C,0xE3,0x93,0xC5,0x62,
  0x64,0x52,0xC4,0x62,0xA4,0x83,0xA3,0xB4,0x02,0xF6,0xC2,0xFE,0x81,0xFE,0x20,0xFE,0x42,0xFE,0xED,0xFE,0x8A,0xFE,0x41,0xFE,
  0xC4,0xFE,0x85,0x52,0xC8,0x08,0x5D,0xEF,0xFF,0xFF,0xFF,0xFF,0xFF,0xFF,0xFF,0xFF,0xFF,0xFF,0xFF,0xFF,0xFF,0xFF,0xFF,0xFF,
  0xFF,0xFF,0xFF,0xFF,0xFF,0xFF,0xFF,0xFF,0xFF,0xFF,0xFF,0xFF,0xFF,0xFF,0xFF,0xFF,0xFF,0xFF,0xFF,0xFF,0xFF,0xFF,0xFF,0xFF,
  0xFF,0xFF,0xFF,0xFF,0xFF,0xFF,0xFF,0xFF,0xFF,0xFF,0xFF,0xFF,0xFF,0xFF,0xFF,0xFF,0xFF,0xFF,0xFF,0xFF,0xFF,0xFF,0xFF,0xFF,
  0xFF,0xFF,0xFF,0xFF,0xFF,0xFF,0xFF,0xFF,0xFF,0xFF,0xFF,0xFF,0xFF,0xFF,0xFF,0xFF,0xFF,0xFF,0xFF,0xFF,0xFF,0xFF,0xFF,0xFF,
  0xFF,0xFF,0xFF,0xFF,0xFF,0xFF,0xFF,0xFF,0xFF,0xFF,0xFF,0xFF,0xFF,0xFF,0xFF,0xFF,0xFF,0xFF,0xFF,0xFF,0xFF,0xFF,0xFF,0xFF,
  0xDF,0xFF,0xFF,0xFF,0xFF,0xFF,0xFF,0xFF,0xFF,0xFF,0xFF,0xFF,0xFF,0xFF,0xFF,0xFF,0xFF,0xFF,0xFF,0xFF,0xFF,0xFF,0xFF,0xFF,
  0xFF,0xFF,0xFF,0xFF,0xDF,0xFF,0x27,0x11,0x56,0xA5,0xFF,0xFF,0xDF,0xFF,0xFF,0xFF,0xFF,0xFF,0xFF,0xFF,0xFF,0xFF,0xFF,0xFF,
  0xFF,0xFF,0xFF,0xFF,0xFF,0xFF,0xBB,0xD6,0x2B,0x42,0xC6,0x08,0x69,0x21,0xD8,0xB5,0xFF,0xFF,0xB4,0x8C,0x53,0x84,0xFF,0xFF,
  0xFF,0xFF,0xFC,0xDE,0x44,0x00,0x89,0x29,0x9B,0xD6,0xFF,0xFF,0xFF,0xFF,0xBB,0xD6,0x2A,0x42,0x97,0xAD,0xFF,0xFF,0xDF,0xFF,
  0xFF,0xFF,0xFF,0xFF,0xFF,0xFF,0x3D,0xE7,0xE7,0x08,0x68,0x21,0xEA,0x29,0xA9,0x21,0x88,0x21,0xEB,0x31,0x8D,0x42,0x2E,0x5B,
  0x73,0x84,0xF8,0xBD,0x5D,0xEF,0xFF,0xFF,0xFF,0xFF,0xFF,0xFF,0xFF,0xFF,0x5D,0xEF,0x08,0x09,0x47,0x21,0xA5,0x5A,0x63,0x7B,
  0x84,0x83,0x43,0x7B,0x84,0x5A,0x85,0x31,0x24,0x21,0xA4,0x5A,0x63,0xCD,0xE2,0xFE,0x62,0xFE,0x00,0xFE,0x21,0xFE,0x43,0xFE,
  0x63,0xFE,0x63,0xF6,0xA3,0x10,0x70,0x63,0xFF,0xFF,0xDF,0xFF,0xFF,0xFF,0xFF,0xFF,0xFF,0xFF,0xFF,0xFF,0xFF,0xFF,0xFF,0xFF,
  0xFF,0xFF,0xFF,0xFF,0xFF,0xFF,0xFF,0xFF,0xFF,0xFF,0xFF,0xFF,0xFF,0xFF,0xFF,0xFF,0xFF,0xFF,0xFF,0xFF,0xFF,0xFF,0xFF,0xFF,
  0xFF,0xFF,0xFF,0xFF,0xFF,0xFF,0xFF,0xFF,0xFF,0xFF,0xFF,0xFF,0xFF,0xFF,0xFF,0xFF,0xFF,0xFF,0xFF,0xFF,0xFF,0xFF,0xFF,0xFF,
  0xFF,0xFF,0xFF,0xFF,0xFF,0xFF,0xFF,0xFF,0xFF,0xFF,0xFF,0xFF,0xFF,0xFF,0xFF,0xFF,0xFF,0xFF,0xFF,0xFF,0xFF,0xFF,0xFF,0xFF,
  0xFF,0xFF,0xFF,0xFF,0xFF,0xFF,0xFF,0xFF,0xFF,0xFF,0xFF,0xFF,0xFF,0xFF,0xFF,0xFF,0xDF,0xFF,0xFF,0xFF,0xFF,0xFF,0xDF,0xF7,
  0xFF,0xFF,0xFF,0xFF,0xFF,0xFF,0xFF,0xFF,0xFF,0xFF,0xFF,0xFF,0xFF,0xFF,0xFF,0xFF,0xFF,0xFF,0xFF,0xFF,0xFF,0xFF,0xFF,0xFF,
  0xDF,0xFF,0xFF,0xFF,0x19,0xBE,0x07,0x11,0xBE,0xF7,0xFF,0xFF,0xFF,0xFF,0xFF,0xFF,0xFF,0xFF,0xFF,0xFF,0xFF,0xFF,0xFF,0xFF,
  0xFF,0xFF,0xFF,0xFF,0x7D,0xEF,0x48,0x19,0x03,0x00,0x8D,0x4A,0x12,0x7C,0xA6,0x08,0x9A,0xCE,0x5D,0xEF,0x4B,0x42,0xDF,0xFF,
  0xFF,0xFF,0x12,0x7C,0x45,0x00,0xFC,0xDE,0xFF,0xFF,0xDF,0xFF,0xFF,0xFF,0xFF,0xFF,0xFF,0xFF,0xFF,0xFF,0xFF,0xFF,0xFF,0xFF,
  0xFF,0xFF,0xDF,0xFF,0xFF,0xFF,0x18,0xC6,0x49,0x01,0xB8,0x14,0xB7,0x2C,0x18,0x65,0x36,0x8D,0xF5,0x94,0x32,0x84,0x2D,0x63,
  0x0A,0x42,0x48,0x19,0xE6,0x10,0xAA,0x29,0x91,0x6B,0xD8,0xB5,0xFF,0xFF,0x5A,0xC6,0xA5,0x08,0xC5,0xDD,0x03,0xFF,0xA1,0xFE,
  0xC1,0xFE,0xC1,0xFE,0xA1,0xFE,0x61,0xFE,0x42,0xCD,0x04,0x6B,0x05,0x19,0xA4,0x5A,0x02,0xEE,0xA2,0xFE,0x42,0xFE,0x62,0xFE,
  0x23,0xFE,0xA2,0xFE,0xE3,0x93,0xC8,0x00,0x9E,0xF7,0xFF,0xFF,0xFF,0xFF,0xFF,0xFF,0xFF,0xFF,0xFF,0xFF,0xFF,0xFF,0xFF,0xFF,
  0xFF,0xFF,0xFF,0xFF,0xFF,0xFF,0xFF,0xFF,0xFF,0xFF,0xFF,0xFF,0xFF,0xFF,0xFF,0xFF,0xFF,0xFF,0xFF,0xFF,0xFF,0xFF,0xFF,0xFF,
  0xFF,0xFF,0xFF,0xFF,0xFF,0xFF,0xFF,0xFF,0xFF,0xFF,0xFF,0xFF,0xFF,0xFF,0xFF,0xFF,0xFF,0xFF,0xFF,0xFF,0xFF,0xFF,0xFF,0xFF,
  0xFF,0xFF,0xFF,0xFF,0xFF,0xFF,0xFF,0xFF,0xFF,0xFF,0xFF,0xFF,0xFF,0xFF,0xFF,0xFF,0xFF,0xFF,0xFF,0xFF,0xFF,0xFF,0xFF,0xFF,
  0xFF,0xFF,0xFF,0xFF,0xFF,0xFF,0xFF,0xFF,0xFF,0xFF,0xFF,0xFF,0xFF,0xFF,0xFF,0xFF,0xFF,0xFF,0x7C,0xCE,0x73,0x3A,0x30,0x19,
  0xF9,0x94,0xFF,0xFF,0xFF,0xFF,0xFF,0xFF,0xFF,0xFF,0xFF,0xFF,0xFF,0xFF,0xFF,0xFF,0xFF,0xFF,0xFF,0xFF,0xFF,0xFF,0xFF,0xFF,
  0xDF,0xFF,0xFF,0xFF,0x32,0x7C,0x6C,0x42,0xFF,0xFF,0xDF,0xFF,0xFF,0xFF,0xFF,0xFF,0xFF,0xFF,0xFF,0xFF,0xFF,0xFF,0xFF,0xFF,
  0xDF,0xFF,0xFF,0xFF,0x15,0x9D,0x04,0x00,0x45,0x00,0x7A,0xCE,0xFF,0xFF,0x6C,0x3A,0xAD,0x4A,0xFF,0xFF,0x4C,0x42,0x39,0xC6,
  0xFF,0xFF,0x6F,0x63,0x6F,0x63,0xFF,0xFF,0xDF,0xFF,0xFF,0xFF,0xFF,0xFF,0xFF,0xFF,0xFF,0xFF,0xFF,0xFF,0xFF,0xFF,0xFF,0xFF,
  0xFF,0xFF,0xDF,0xFF,0xFF,0xFF,0x4E,0x6B,0xCE,0x01,0xBE,0x0C,0x3B,0x0C,0x5C,0x1C,0x9C,0x24,0xDD,0x3C,0x5D,0x55,0xFE,0x7D,
  0x7E,0xA6,0x9D,0xBE,0xF9,0xB5,0x93,0x8C,0x8C,0x4A,0xE7,0x10,0x89,0x29,0x2A,0x19,0x25,0x6B,0xC2,0xFE,0x02,0xF6,0x42,0xFE,
  0x22,0xFE,0x22,0xFE,0x82,0xFE,0x82,0xFE,0xE1,0xFE,0xE1,0xFE,0xE2,0xE5,0x83,0x62,0xE5,0x18,0xA3,0xAC,0xE2,0xFE,0x42,0xFE,
  0x42,0xFE,0x62,0xFE,0xE4,0xED,0x85,0x00,0xF8,0xBD,0xFF,0xFF,0xDF,0xFF,0xFF,0xFF,0xFF,0xFF,0xFF,0xFF,0xFF,0xFF,0xFF,0xFF,
  0xFF,0xFF,0xFF,0xFF,0xFF,0xFF,0xFF,0xFF,0xFF,0xFF,0xFF,0xFF,0xFF,0xFF,0xFF,0xFF,0xFF,0xFF,0xFF,0xFF,0xFF,0xFF,0xFF,0xFF,
  0xFF,0xFF,0xFF,0xFF,0xFF,0xFF,0xFF,0xFF,0xFF,0xFF,0xFF,0xFF,0xFF,0xFF,0xFF,0xFF,0xFF,0xFF,0xFF,0xFF,0xFF,0xFF,0xFF,0xFF,
  0xFF,0xFF,0xFF,0xFF,0xFF,0xFF,0xFF,0xFF,0xFF,0xFF,0xFF,0xFF,0xFF,0xFF,0xFF,0xFF,0xFF,0xFF,0xFF,0xFF,0xFF,0xFF,0xFF,0xFF,
  0xFF,0xFF,0xFF,0xFF,0xFF,0xFF,0xFF,0xFF,0xFF,0xFF,0xDF,0xFF,0xFF,0xFF,0xFF,0xFF,0x37,0x7C,0xCD,0x10,0xC6,0x83,0xA5,0xB4,
  0xCD,0x00,0x1E,0xE7,0xFF,0xFF,0xFF,0xFF,0xFF,0xFF,0xFF,0xFF,0xFF,0xFF,0xFF,0xFF,0xFF,0xFF,0xFF,0xFF,0xFF,0xFF,0xFF,0xFF,
  0xDF,0xFF,0xFF,0xFF,0x0E,0x5B,0x4F,0x63,0xFF,0xFF,0xDF,0xFF,0xFF,0xFF,0xFF,0xFF,0xFF,0xFF,0xFF,0xFF,0xFF,0xFF,0xFF,0xFF,
  0xDF,0xFF,0xFF,0xFF,0xD1,0x73,0x24,0x00,0x65,0x00,0xCD,0x4A,0x35,0x9D,0xE7,0x10,0x68,0x21,0xFF,0xFF,0x4F,0x63,0xCA,0x39,
  0xDF,0xFF,0xDF,0xF7,0xDF,0xFF,0xFF,0xFF,0xFF,0xFF,0xFF,0xFF,0xFF,0xFF,0xFF,0xFF,0xFF,0xFF,0xFF,0xFF,0xFF,0xFF,0xFF,0xFF,
  0xDF,0xFF,0xFF,0xFF,0x38,0xC6,0xE7,0x00,0xB9,0x03,0xDA,0x03,0xBA,0x03,0x9A,0x03,0x7A,0x03,0x5A,0x03,0x3A,0x03,0x3A,0x03,
  0x3A,0x03,0x7A,0x03,0x3C,0x24,0x5D,0x65,0x7E,0xA6,0xBD,0xBE,0x74,0x6C,0x46,0x00,0x03,0xC5,0x82,0xFE,0x42,0xFE,0x42,0xFE,
  0x42,0xFE,0x82,0xFE,0x23,0xA4,0xC5,0x39,0x43,0x73,0x21,0xF6,0x61,0xFE,0xC1,0xFE,0xC2,0xB4,0xC5,0x10,0x64,0x7B,0xC1,0xFE,
  0x42,0xFE,0x42,0xFE,0x83,0xFE,0x24,0x19,0xF6,0x94,0xFF,0xFF,0xDF,0xFF,0xFF,0xFF,0xFF,0xFF,0xFF,0xFF,0xFF,0xFF,0xFF,0xFF,
  0xFF,0xFF,0xFF,0xFF,0xFF,0xFF,0xFF,0xFF,0xFF,0xFF,0xFF,0xFF,0xFF,0xFF,0xFF,0xFF,0xFF,0xFF,0xFF,0xFF,0xFF,0xFF,0xFF,0xFF,
  0xFF,0xFF,0xFF,0xFF,0xFF,0xFF,0xFF,0xFF,0xFF,0xFF,0xFF,0xFF,0xFF,0xFF,0xFF,0xFF,0xFF,0xFF,0xFF,0xFF,0xFF,0xFF,0xFF,0xFF,
  0xFF,0xFF,0xFF,0xFF,0xFF,0xFF,0xFF,0xFF,0xFF,0xFF,0xFF,0xFF,0xFF,0xFF,0xFF,0xFF,0xFF,0xFF,0xFF,0xFF,0xFF,0xFF,0xFF,0xFF,
  0xFF,0xFF,0xFF,0xFF,0xFF,0xFF,0xFF,0xFF,0xFF,0xFF,0xFF,0xFF,0xFD,0xDE,0x13,0x32,0x8A,0x31,0xA4,0xD5,0xC2,0xFE,0xE2,0xFE,
  0x09,0x42,0x58,0x7C,0xFF,0xFF,0xDF,0xFF,0xFF,0xFF,0xFF,0xFF,0xFF,0xFF,0xFF,0xFF,0xFF,0xFF,0xFF,0xFF,0xFF,0xFF,0xFF,0xFF,
  0xDF,0xFF,0xFF,0xFF,0xAD,0x4A,0xD1,0x73,0xFF,0xFF,0xDF,0xFF,0xFF,0xFF,0xFF,0xFF,0xFF,0xFF,0xFF,0xFF,0xFF,0xFF,0xFF,0xFF,
  0xDF,0xFF,0xFF,0xFF,0x53,0x84,0x04,0x00,0xC6,0x00,0x45,0x00,0x24,0x00,0x45,0x00,0x89,0x21,0xFF,0xFF,0x12,0x7C,0x04,0x00,
  0x0C,0x32,0xEA,0x41,0xEA,0x39,0xB1,0x63,0x1D,0xDF,0xFF,0xFF,0xFF,0xFF,0xFF,0xFF,0xFF,0xFF,0xFF,0xFF,0xDF,0xFF,0xDF,0xFF,
  0xFF,0xFF,0xBB,0xD6,0xE5,0x18,0xB3,0x02,0x1C,0x04,0xBA,0x03,0xBA,0x03,0x9A,0x03,0x9A,0x03,0x9A,0x03,0x9A,0x03,0x9A,0x03,
  0x9A,0x03,0x7A,0x03,0x5A,0x03,0x19,0x03,0x1A,0x03,0xDC,0x03,0xD9,0x23,0x06,0x19,0xC2,0xED,0x61,0xFE,0x42,0xFE,0x42,0xFE,
  0x81,0xFE,0x83,0xDD,0x66,0x00,0x46,0x00,0x06,0x00,0x43,0xA4,0xA1,0xFE,0x01,0xF6,0xA1,0xFE,0xC1,0xE5,0x05,0x21,0x05,0x6B,
  0xC2,0xFE,0x42,0xFE,0x63,0xFE,0xE3,0x18,0xF5,0x94,0xFF,0xFF,0xDF,0xFF,0xFF,0xFF,0xFF,0xFF,0xFF,0xFF,0xFF,0xFF,0xFF,0xFF,
  0xFF,0xFF,0xFF,0xFF,0xFF,0xFF,0xFF,0xFF,0xFF,0xFF,0xFF,0xFF,0xFF,0xFF,0xFF,0xFF,0xFF,0xFF,0xFF,0xFF,0xFF,0xFF,0xFF,0xFF,
  0xFF,0xFF,0xFF,0xFF,0xFF,0xFF,0xFF,0xFF,0xFF,0xFF,0xFF,0xFF,0xFF,0xFF,0xFF,0xFF,0xFF,0xFF,0xFF,0xFF,0xFF,0xFF,0xFF,0xFF,
  0xFF,0xFF,0xFF,0xFF,0xFF,0xFF,0xFF,0xFF,0xFF,0xFF,0xFF,0xFF,0xFF,0xFF,0xFF,0xFF,0xFF,0xFF,0xFF,0xFF,0xFF,0xFF,0xFF,0xFF,
  0xFF,0xFF,0xFF,0xFF,0xFF,0xFF,0xFF,0xFF,0xFF,0xFF,0x7A,0xA5,0xEF,0x08,0x27,0x73,0xA2,0xFE,0x82,0xFE,0x23,0xF6,0xA2,0xFE,
  0x66,0xAC,0xB3,0x19,0xDF,0xFF,0xFF,0xFF,0xFF,0xFF,0xFF,0xFF,0xFF,0xFF,0xFF,0xFF,0xFF,0xFF,0xFF,0xFF,0xFF,0xFF,0xFF,0xFF,
  0xDF,0xFF,0xFF,0xFF,0x0E,0x53,0x6F,0x63,0xFF,0xFF,0xDF,0xFF,0xFF,0xFF,0xFF,0xFF,0xFF,0xFF,0xFF,0xFF,0xFF,0xFF,0xFF,0xFF,
  0xDF,0xFF,0xFF,0xFF,0x7A,0xCE,0x45,0x00,0xA6,0x00,0xC7,0x00,0xE7,0x08,0x04,0x00,0xB0,0x6B,0xFC,0xDE,0x27,0x19,0x64,0x68,
  0x63,0xC0,0x01,0xD8,0x42,0xD0,0x43,0x80,0x08,0x19,0x5A,0xC6,0xFF,0xFF,0xDF,0xFF,0xDF,0xFF,0xFF,0xFF,0xFF,0xFF,0xFF,0xFF,
  0x76,0xAD,0xA5,0x10,0x92,0x02,0x3C,0x04,0xBA,0x03,0xBA,0x03,0x9A,0x03,0x9A,0x03,0x9A,0x03,0x7A,0x03,0x7A,0x03,0x7A,0x03,
  0x7A,0x03,0x7A,0x03,0x7A,0x03,0x9A,0x03,0x9A,0x03,0x9B,0x03,0xB7,0x02,0x07,0x11,0xE2,0xED,0x61,0xFE,0x42,0xFE,0x42,0xFE,
  0x81,0xFE,0x82,0xDD,0xE5,0x10,0x66,0x00,0x06,0x00,0x43,0xA4,0xA1,0xFE,0x42,0xFE,0x21,0xFE,0x81,0xFE,0x42,0xF6,0x26,0x19,
  0xA5,0x83,0xC1,0xFE,0x43,0xF6,0xE5,0x10,0xB5,0x8C,0xFF,0xFF,0xDF,0xFF,0xFF,0xFF,0xFF,0xFF,0xFF,0xFF,0xFF,0xFF,0xFF,0xFF,
  0xFF,0xFF,0xFF,0xFF,0xFF,0xFF,0xFF,0xFF,0xFF,0xFF,0xFF,0xFF,0xFF,0xFF,0xFF,0xFF,0xFF,0xFF,0xFF,0xFF,0xFF,0xFF,0xFF,0xFF,
  0xFF,0xFF,0xFF,0xFF,0xFF,0xFF,0xFF,0xFF,0xFF,0xFF,0xFF,0xFF,0xFF,0xFF,0xFF,0xFF,0xFF,0xFF,0xFF,0xFF,0xFF,0xFF,0xFF,0xFF,
  0xFF,0xFF,0xFF,0xFF,0xFF,0xFF,0xFF,0xFF,0xFF,0xFF,0xFF,0xFF,0xFF,0xFF,0xFF,0xFF,0xFF,0xFF,0xFF,0xFF,0xFF,0xFF,0xFF,0xFF,
  0xFF,0xFF,0xFF,0xFF,0xFF,0xFF,0xFF,0xFF,0xBC,0xD6,0xED,0x08,0xC5,0xBC,0xC2,0xFE,0x43,0xFE,0x43,0xFE,0x42,0xFE,0x62,0xFE,
  0x23,0xF6,0x2C,0x19,0xFB,0xBD,0xFF,0xFF,0xDF,0xFF,0xFF,0xFF,0xFF,0xFF,0xFF,0xFF,0xFF,0xFF,0xFF,0xFF,0xFF,0xFF,0xFF,0xFF,
  0xDF,0xFF,0xFF,0xFF,0x32,0x7C,0xCE,0x4A,0xFF,0xFF,0xDF,0xFF,0xFF,0xFF,0xFF,0xFF,0xFF,0xFF,0xFF,0xFF,0xFF,0xFF,0xFF,0xFF,
  0xFF,0xFF,0xFF,0xFF,0xFF,0xFF,0xD1,0x73,0x04,0x00,0x24,0x00,0x03,0x00,0x27,0x19,0x9A,0xCE,0xAA,0x21,0x02,0x98,0x05,0xF9,
  0xF8,0xFD,0x14,0xFD,0xC4,0xF8,0xE4,0xF8,0x22,0xA8,0xAA,0x29,0xFF,0xFF,0xFF,0xFF,0xFF,0xFF,0xDF,0xFF,0x38,0xC6,0xEC,0x5A,
  0xE8,0x00,0x14,0x03,0x3C,0x04,0xBA,0x03,0x9A,0x03,0x9A,0x03,0x9A,0x03,0x9B,0x03,0x9B,0x03,0xBB,0x03,0x9A,0x03,0x9A,0x03,
  0x7A,0x03,0x7A,0x03,0x7A,0x03,0x7A,0x03,0x7A,0x03,0x9B,0x03,0x59,0x03,0x87,0x00,0x01,0xCD,0x81,0xFE,0x42,0xFE,0x42,0xFE,
  0x42,0xFE,0x81,0xFE,0x84,0x29,0x06,0x19,0xA3,0x83,0x41,0xFE,0x42,0xFE,0x42,0xFE,0x42,0xFE,0x42,0xFE,0xA1,0xFE,0x82,0xDD,
  0x65,0x00,0xE2,0xBC,0x05,0xFF,0xA7,0x5A,0x2D,0x32,0xFF,0xFF,0xFF,0xFF,0xFF,0xFF,0xFF,0xFF,0xFF,0xFF,0xFF,0xFF,0xFF,0xFF,
  0xFF,0xFF,0xFF,0xFF,0xFF,0xFF,0xFF,0xFF,0xFF,0xFF,0xFF,0xFF,0xFF,0xFF,0xFF,0xFF,0xDF,0xFF,0xFF,0xFF,0xFF,0xFF,0xFF,0xFF,
  0xFF,0xFF,0xFF,0xFF,0xFF,0xFF,0xFF,0xFF,0xFF,0xFF,0xFF,0xFF,0xFF,0xFF,0xFF,0xFF,0xFF,0xFF,0xFF,0xFF,0xFF,0xFF,0xFF,0xFF,
  0xFF,0xFF,0xFF,0xFF,0xFF,0xFF,0xFF,0xFF,0xFF,0xFF,0xFF,0xFF,0xFF,0xFF,0xFF,0xFF,0xFF,0xFF,0xFF,0xFF,0xFF,0xFF,0xFF,0xFF,
  0xFF,0xFF,0xFF,0xFF,0xDF,0xFF,0xFF,0xFF,0x5C,0xC6,0xCC,0x08,0xC4,0xE5,0x82,0xFE,0x23,0xFE,0x63,0xFE,0x43,0xFE,0x43,0xFE,
  0xC2,0xFE,0xC8,0x62,0x16,0x4B,0xFF,0xFF,0xDF,0xFF,0xFF,0xFF,0xFF,0xFF,0xFF,0xFF,0xFF,0xFF,0xFF,0xFF,0xFF,0xFF,0xDF,0xFF,
  0xFF,0xFF,0xFF,0xFF,0xF5,0x94,0x48,0x19,0xFF,0xFF,0xFF,0xFF,0xFF,0xFF,0xFF,0xFF,0xFF,0xFF,0xFF,0xFF,0xFF,0xFF,0xFF,0xFF,
  0xFF,0xFF,0xFF,0xFF,0xFF,0xFF,0xFF,0xFF,0x36,0xA5,0xEE,0x5A,0x90,0x6B,0x3C,0xE7,0x53,0x74,0x03,0x60,0x83,0xF8,0x4A,0xF2,
  0xFF,0xFF,0x1C,0xFF,0xA4,0xF8,0xA3,0xF0,0xC4,0xF8,0xA6,0x40,0x0E,0x53,0xB0,0x73,0xEE,0x52,0xAB,0x21,0x68,0x00,0xAC,0x00,
  0x35,0x02,0x97,0x02,0x35,0x02,0x15,0x02,0xF5,0x01,0x15,0x02,0x15,0x02,0xF5,0x01,0x16,0x02,0x77,0x02,0xD8,0x02,0x39,0x03,
  0x9A,0x03,0x9B,0x03,0x9B,0x03,0x7A,0x03,0x7A,0x03,0x7A,0x03,0xBB,0x03,0x0D,0x01,0xE3,0x6A,0xE2,0xFE,0x22,0xFE,0x42,0xFE,
  0xA1,0xFE,0xC3,0xBC,0x06,0x00,0xE2,0xBC,0xE1,0xFE,0x42,0xFE,0x42,0xFE,0x42,0xFE,0x42,0xFE,0x42,0xFE,0x22,0xFE,0xC1,0xFE,
  0x83,0x8B,0xA6,0x31,0x29,0xFF,0x87,0x52,0xAB,0x29,0xFF,0xFF,0xFF,0xFF,0xFF,0xFF,0xFF,0xFF,0xFF,0xFF,0xFF,0xFF,0xFF,0xFF,
  0xFF,0xFF,0xFF,0xFF,0xFF,0xFF,0xFF,0xFF,0xFF,0xFF,0xFF,0xFF,0xFF,0xFF,0xDF,0xFF,0xFF,0xFF,0xFF,0xFF,0xFF,0xFF,0xFF,0xFF,
  0xFF,0xFF,0xFF,0xFF,0xFF,0xFF,0xFF,0xFF,0xFF,0xFF,0xFF,0xFF,0xFF,0xFF,0xFF,0xFF,0xFF,0xFF,0xFF,0xFF,0xFF,0xFF,0xFF,0xFF,
  0xFF,0xFF,0xFF,0xFF,0xFF,0xFF,0xFF,0xFF,0xFF,0xFF,0xFF,0xFF,0xFF,0xFF,0xFF,0xFF,0xFF,0xFF,0xFF,0xFF,0xFF,0xFF,0xFF,0xFF,
  0xFF,0xFF,0xFF,0xFF,0xFF,0xFF,0xFF,0xFF,0xFF,0xFF,0x17,0x74,0xAD,0x00,0x85,0xCD,0xA2,0xFE,0x43,0xFE,0x63,0xFE,0x43,0xFE,
  0xA2,0xFE,0x24,0xCD,0x30,0x11,0x7E,0xEF,0xFF,0xFF,0xFF,0xFF,0xFF,0xFF,0xFF,0xFF,0xFF,0xFF,0xFF,0xFF,0xDF,0xFF,0xFF,0xFF,
  0xDF,0xFF,0xF1,0x73,0xEB,0x31,0xC6,0x08,0x7A,0xCE,0xFF,0xFF,0xDF,0xFF,0xFF,0xFF,0xFF,0xFF,0xFF,0xFF,0xFF,0xFF,0xFF,0xFF,
  0xFF,0xFF,0xFF,0xFF,0xFF,0xFF,0xFF,0xFF,0xFF,0xFF,0xFF,0xFF,0xFF,0xFF,0xFF,0xFF,0x88,0x29,0x22,0xC8,0xA4,0xF8,0x83,0xF8,
  0xAB,0xFA,0x87,0xF9,0x63,0xF8,0xC4,0xF0,0xC4,0xF8,0x84,0x58,0xCC,0x00,0xEF,0x00,0x30,0x01,0x34,0x12,0x98,0x3B,0xBB,0x6C,
  0x7B,0x85,0xDB,0xA5,0x3C,0xB6,0x5C,0xBE,0x5C,0xBE,0x3C,0xB6,0xDB,0xAD,0x5A,0x8D,0x79,0x6C,0x97,0x43,0x96,0x1A,0xF5,0x01,
  0xF5,0x01,0x77,0x02,0x19,0x03,0x7A,0x03,0x9B,0x03,0x7A,0x03,0x9B,0x03,0x18,0x03,0xA7,0x08,0x02,0xC5,0xC1,0xFE,0x22,0xF6,
  0xA1,0xFE,0x05,0x42,0x25,0x19,0x61,0xFE,0x42,0xFE,0x42,0xFE,0x42,0xFE,0x42,0xFE,0x42,0xFE,0x42,0xFE,0x42,0xFE,0x62,0xFE,
  0xC4,0xE5,0xC6,0x08,0x67,0x52,0x25,0x00,0x35,0xA5,0xFF,0xFF,0xDF,0xFF,0xFF,0xFF,0xFF,0xFF,0xFF,0xFF,0xFF,0xFF,0xFF,0xFF,
  0xFF,0xFF,0xFF,0xFF,0xFF,0xFF,0xFF,0xFF,0xFF,0xFF,0x3D,0xE7,0x32,0x32,0x70,0x19,0x7A,0xA5,0xFF,0xFF,0xDF,0xFF,0xFF,0xFF,
  0xFF,0xFF,0xFF,0xFF,0xFF,0xFF,0xFF,0xFF,0xFF,0xFF,0xFF,0xFF,0xFF,0xFF,0xFF,0xFF,0xFF,0xFF,0xFF,0xFF,0xFF,0xFF,0xFF,0xFF,
  0xFF,0xFF,0xFF,0xFF,0xFF,0xFF,0xFF,0xFF,0xFF,0xFF,0xFF,0xFF,0xFF,0xFF,0xFF,0xFF,0xFF,0xFF,0xFF,0xFF,0xFF,0xFF,0xFF,0xFF,
  0xFF,0xFF,0xFF,0xFF,0xFF,0xFF,0xFF,0xFF,0xFF,0xFF,0xFF,0xFF,0x17,0x7C,0x8C,0x00,0x65,0xCD,0xC2,0xFE,0x43,0xFE,0x63,0xFE,
  0x63,0xFE,0xA3,0xFE,0x8A,0x29,0xF9,0x94,0xFF,0xFF,0xDF,0xFF,0xFF,0xFF,0xFF,0xFF,0xDF,0xFF,0xFF,0xFF,0xFF,0xFF,0x97,0xB5,
  0xCA,0x31,0x2F,0x63,0x7E,0xEF,0x2F,0x5B,0xCE,0x52,0xFF,0xFF,0xDF,0xFF,0xFF,0xFF,0xFF,0xFF,0xFF,0xFF,0xFF,0xFF,0xFF,0xFF,
  0xFF,0xFF,0xFF,0xFF,0xFF,0xFF,0xFF,0xFF,0xDF,0xFF,0xDF,0xFF,0xDF,0xFF,0xBF,0xF7,0x27,0x29,0x83,0xE0,0xA4,0xF8,0xA3,0xF8,
  0x42,0xF8,0x63,0xF8,0xA4,0xF8,0xA3,0xF8,0xA4,0xF8,0x65,0x28,0x35,0x3B,0x7C,0x8D,0xBE,0xCE,0xBF,0xF7,0xFF,0xFF,0xFF,0xFF,
  0x58,0xFE,0xBE,0xFF,0xFF,0xFF,0xFF,0xFF,0xFF,0xFF,0xFF,0xFF,0xFF,0xFF,0xFF,0xFF,0xFF,0xFF,0xFF,0xFF,0xBF,0xF7,0xBD,0xCE,
  0x3A,0x8D,0x77,0x43,0x15,0x02,0xD5,0x01,0x97,0x02,0x5A,0x03,0x9B,0x03,0xDC,0x03,0x33,0x02,0xA3,0x10,0x22,0xC5,0x22,0xFF,
  0xA1,0xE5,0x26,0x00,0xC4,0x8B,0xC1,0xFE,0x42,0xFE,0x42,0xFE,0x62,0xFE,0x62,0xFE,0x42,0xFE,0x42,0xFE,0x22,0xFE,0xC2,0xFE,
  0xA6,0x5A,0x87,0x08,0xEB,0x31,0x77,0xA5,0xFF,0xFF,0xFF,0xFF,0xFF,0xFF,0xFF,0xFF,0xFF,0xFF,0xFF,0xFF,0xFF,0xFF,0xFF,0xFF,
  0xFF,0xFF,0xFF,0xFF,0xFF,0xFF,0xFF,0xFF,0xDF,0xFF,0xD3,0x21,0x06,0x73,0xC5,0xB4,0x8D,0x00,0x3A,0x9D,0xFF,0xFF,0xDF,0xFF,
  0xFF,0xFF,0xFF,0xFF,0xFF,0xFF,0xFF,0xFF,0xFF,0xFF,0xFF,0xFF,0xFF,0xFF,0xFF,0xFF,0xFF,0xFF,0xFF,0xFF,0xFF,0xFF,0xFF,0xFF,
  0xFF,0xFF,0xFF,0xFF,0xFF,0xFF,0xFF,0xFF,0xFF,0xFF,0xFF,0xFF,0xFF,0xFF,0xFF,0xFF,0xFF,0xFF,0xFF,0xFF,0xFF,0xFF,0xFF,0xFF,
  0xFF,0xFF,0xFF,0xFF,0xFF,0xFF,0xFF,0xFF,0xFF,0xFF,0xDF,0xFF,0xFF,0xFF,0x37,0x7C,0x6C,0x00,0x65,0xCD,0xC2,0xFE,0x43,0xFE,
  0x43,0xFE,0xE2,0xFE,0xC7,0x8B,0x34,0x32,0xFF,0xFF,0xFF,0xFF,0xFF,0xFF,0xFF,0xFF,0xFF,0xFF,0x5D,0xE7,0xED,0x52,0xEA,0x31,
  0x19,0xBE,0xFF,0xFF,0xFF,0xFF,0x7D,0xEF,0xC6,0x08,0x5A,0xCE,0xFF,0xFF,0xDF,0xFF,0xFF,0xFF,0xFF,0xFF,0xFF,0xFF,0xFF,0xFF,
  0xFF,0xFF,0xFF,0xFF,0xFF,0xFF,0xFF,0xFF,0xDF,0xFF,0xDF,0xFF,0xFF,0xFF,0xF5,0x94,0x45,0x00,0xC4,0xD0,0x83,0xF8,0xA4,0xF0,
  0xC4,0xF8,0xC4,0xF0,0xA3,0xF0,0xC4,0xF8,0x23,0x90,0xAA,0x19,0xFF,0xFF,0xFF,0xFF,0xFF,0xFF,0xFF,0xFF,0xFF,0xFF,0x1C,0xFF,
  0xA4,0xF8,0x18,0xFE,0xFF,0xFF,0xDF,0xFF,0xFF,0xFF,0xFF,0xFF,0xDF,0xFF,0xDF,0xFF,0xDF,0xFF,0xFF,0xFF,0xFF,0xFF,0xFF,0xFF,
  0xFF,0xFF,0xFF,0xFF,0x1E,0xDF,0x1A,0x85,0xD6,0x22,0xD5,0x01,0x77,0x02,0x59,0x03,0xBB,0x03,0x33,0x02,0x86,0x08,0x42,0xA4,
  0xE3,0x93,0x85,0x08,0x02,0xEE,0x41,0xFE,0x22,0xFE,0x41,0xFE,0x42,0xFE,0x42,0xFE,0x22,0xFE,0x42,0xFE,0xE2,0xFE,0xC4,0x93,
  0x05,0x00,0x39,0xC6,0xFF,0xFF,0xFF,0xFF,0xFF,0xFF,0xFF,0xFF,0xFF,0xFF,0xFF,0xFF,0xFF,0xFF,0xFF,0xFF,0xFF,0xFF,0xFF,0xFF,
  0xFF,0xFF,0xFF,0xFF,0xDF,0xFF,0xFF,0xFF,0x35,0x53,0xE9,0x39,0xC2,0xFE,0xC1,0xFE,0xE5,0xBC,0x8E,0x00,0x7A,0xA5,0xFF,0xFF,
  0xDF,0xFF,0xFF,0xFF,0xFF,0xFF,0xFF,0xFF,0xFF,0xFF,0xFF,0xFF,0xFF,0xFF,0xFF,0xFF,0xFF,0xFF,0xFF,0xFF,0xFF,0xFF,0xFF,0xFF,
  0xFF,0xFF,0xFF,0xFF,0xFF,0xFF,0xFF,0xFF,0xFF,0xFF,0xFF,0xFF,0xFF,0xFF,0xFF,0xFF,0xFF,0xFF,0xFF,0xFF,0xFF,0xFF,0xFF,0xFF,
  0xFF,0xFF,0xFF,0xFF,0xFF,0xFF,0xFF,0xFF,0xFF,0xFF,0xFF,0xFF,0xDF,0xFF,0xFF,0xFF,0x57,0x84,0x6D,0x00,0x66,0xCD,0xC2,0xFE,
  0x43,0xFE,0x82,0xFE,0xE4,0xE5,0x0E,0x09,0xBD,0xD6,0xFF,0xFF,0xDF,0xFF,0xFF,0xFF,0xF5,0x9C,0x48,0x21,0x12,0x7C,0xFF,0xFF,
  0xFF,0xFF,0xDF,0xFF,0xFF,0xFF,0x15,0x9D,0xE7,0x18,0x28,0x19,0x1C,0xDF,0xFF,0xFF,0xFF,0xFF,0xDF,0xFF,0xDF,0xFF,0xFF,0xFF,
  0xFF,0xFF,0xDF,0xFF,0xDF,0xFF,0xFF,0xFF,0xFF,0xFF,0xFF,0xFF,0x72,0x8C,0x87,0x00,0xCF,0x01,0x64,0x50,0xC4,0xF8,0xC4,0xF8,
  0xA4,0xF8,0xC4,0xF8,0xC4,0xF8,0x63,0x98,0x86,0x00,0x39,0xBE,0xFF,0xFF,0xDF,0xFF,0xFF,0xFF,0xDF,0xFF,0xFF,0xFF,0x34,0xFD,
  0x21,0xF8,0xE8,0xF9,0x3C,0xFF,0xFF,0xFF,0xDF,0xFF,0xFF,0xFF,0xFF,0xFF,0xFF,0xFF,0xFF,0xFF,0xFF,0xFF,0xFF,0xFF,0xFF,0xFF,
  0xDF,0xFF,0xFF,0xFF,0xFF,0xFF,0xFF,0xFF,0xDF,0xF7,0xBB,0xA5,0xD6,0x2A,0x94,0x01,0x97,0x02,0xDC,0x03,0x18,0x03,0xEA,0x00,
  0x44,0x00,0xC4,0x39,0x41,0xF6,0xC2,0xFE,0xC1,0xFE,0xA1,0xFE,0xA1,0xFE,0xA2,0xFE,0xC1,0xFE,0x82,0xFE,0x44,0x7B,0x04,0x00,
  0x77,0xAD,0xFF,0xFF,0xDF,0xFF,0xDF,0xFF,0xFF,0xFF,0xFF,0xFF,0xFF,0xFF,0xFF,0xFF,0xFF,0xFF,0xFF,0xFF,0xFF,0xFF,0xFF,0xFF,
  0xFF,0xFF,0xDF,0xFF,0xFF,0xFF,0x19,0x95,0xEB,0x08,0x23,0xEE,0x62,0xFE,0x23,0xFE,0xC2,0xFE,0xC5,0xB4,0x8E,0x00,0x5A,0xA5,
  0xFF,0xFF,0xFF,0xFF,0xFF,0xFF,0xFF,0xFF,0xFF,0xFF,0xFF,0xFF,0xFF,0xFF,0xFF,0xFF,0xFF,0xFF,0xFF,0xFF,0xFF,0xFF,0xFF,0xFF,
  0xFF,0xFF,0xFF,0xFF,0xFF,0xFF,0xFF,0xFF,0xFF,0xFF,0xFF,0xFF,0xFF,0xFF,0xFF,0xFF,0xFF,0xFF,0xFF,0xFF,0xFF,0xFF,0xFF,0xFF,
  0xDF,0xFF,0xDF,0xFF,0xDF,0xFF,0xFF,0xFF,0xFF,0xFF,0xFF,0xFF,0xFF,0xFF,0xDF,0xFF,0xFF,0xFF,0x57,0x84,0x6C,0x00,0x45,0xCD,
  0xC2,0xFE,0x23,0xF6,0xE2,0xFE,0x09,0x42,0xD7,0x6B,0xFF,0xFF,0xDF,0xFF,0xFF,0xFF,0x15,0x9D,0x5A,0xCE,0xFF,0xFF,0xDF,0xFF,
  0xFF,0xFF,0xDF,0xFF,0xED,0x52,0xEA,0x31,0xFC,0xDE,0xD1,0x73,0x69,0x21,0xB8,0xB5,0xFF,0xFF,0xFF,0xFF,0xFF,0xFF,0xFF,0xFF,
  0xFF,0xFF,0xFF,0xFF,0xFF,0xFF,0xFF,0xFF,0x39,0xC6,0x4B,0x4A,0xA8,0x00,0x17,0x03,0x97,0x02,0xCB,0x00,0x44,0x30,0x02,0x80,
  0x23,0x98,0x23,0x80,0x03,0x30,0x48,0x19,0x39,0xBE,0xFF,0xFF,0xFF,0xFF,0xFF,0xFF,0xFF,0xFF,0xDF,0xFF,0xFF,0xFF,0x4D,0xFB,
  0x82,0xF8,0x62,0xF8,0x8A,0xFA,0xDF,0xFF,0xFF,0xFF,0xFF,0xFF,0xFF,0xFF,0xFF,0xFF,0xFF,0xFF,0xFF,0xFF,0xFF,0xFF,0xFF,0xFF,
  0xFF,0xFF,0xFF,0xFF,0xFF,0xFF,0xDF,0xFF,0xFF,0xFF,0xFF,0xFF,0xDF,0xF7,0x5A,0x95,0x75,0x1A,0xF5,0x01,0x7B,0x03,0xBB,0x03,
  0x52,0x02,0x2A,0x01,0x04,0x19,0x82,0x62,0xE2,0x9B,0xA2,0xBC,0xC2,0xBC,0x62,0xAC,0x23,0x73,0xA3,0x10,0xC8,0x08,0x39,0xC6,
  0xFF,0xFF,0xDF,0xFF,0xFF,0xFF,0xFF,0xFF,0xFF,0xFF,0xFF,0xFF,0xFF,0xFF,0xFF,0xFF,0xFF,0xFF,0xFF,0xFF,0xFF,0xFF,0xFF,0xFF,
  0xFF,0xFF,0xFF,0xFF,0xBD,0xD6,0xCF,0x00,0x25,0xC5,0xA2,0xFE,0x43,0xFE,0x62,0xFE,0x22,0xFE,0xC1,0xFE,0xA5,0xAC,0xAD,0x08,
  0xBA,0xAD,0xFF,0xFF,0xDF,0xFF,0xFF,0xFF,0xFF,0xFF,0xFF,0xFF,0xFF,0xFF,0xFF,0xFF,0xFF,0xFF,0xFF,0xFF,0xFF,0xFF,0xFF,0xFF,
  0xFF,0xFF,0xFF,0xFF,0xFF,0xFF,0xFF,0xFF,0xFF,0xFF,0xFF,0xFF,0xFF,0xFF,0xFF,0xFF,0xFF,0xFF,0xFF,0xFF,0xFF,0xFF,0xFF,0xFF,
  0xFF,0xFF,0xFF,0xFF,0xFF,0xFF,0xFF,0xFF,0xDF,0xFF,0xFF,0xFF,0xFF,0xFF,0xFF,0xFF,0xDF,0xFF,0xFF,0xFF,0x57,0x84,0x6C,0x00,
  0x65,0xCD,0xA3,0xFE,0xA2,0xFE,0x66,0xAC,0x91,0x19,0xDF,0xFF,0xFF,0xFF,0xFF,0xFF,0xFF,0xFF,0xFF,0xFF,0xBF,0xF7,0xFF,0xFF,
  0x9B,0xCE,0xAA,0x29,0xB0,0x6B,0xFF,0xFF,0xFF,0xFF,0xFF,0xFF,0x89,0x21,0x66,0x00,0x8C,0x4A,0x52,0x8C,0xD8,0xBD,0x59,0xCE,
  0x59,0xCE,0x96,0xB5,0x11,0x84,0x0A,0x3A,0xA7,0x00,0xAF,0x01,0x38,0x03,0x37,0x02,0x75,0x22,0xFC,0xA5,0xB7,0xAD,0x4F,0x53,
  0xCD,0x42,0x0E,0x4B,0x36,0x95,0xBE,0xF7,0xFF,0xFF,0xFF,0xFF,0xFF,0xFF,0xFF,0xFF,0xDF,0xFF,0xFF,0xFF,0x79,0xFE,0xA3,0xF8,
  0xC3,0xF8,0x04,0xF9,0x62,0xF8,0xF7,0xFD,0xFB,0xFE,0xDF,0xFF,0xFF,0xFF,0xFF,0xFF,0xFF,0xFF,0xFF,0xFF,0xFF,0xFF,0xFF,0xFF,
  0xFF,0xFF,0xFF,0xFF,0xFF,0xFF,0xFF,0xFF,0xFF,0xFF,0xDF,0xFF,0xFF,0xFF,0xFF,0xFF,0x5E,0xE7,0xF8,0x5B,0xB4,0x01,0xB7,0x02,
  0xDC,0x03,0x7B,0x03,0x95,0x02,0x90,0x01,0xEC,0x00,0xCA,0x00,0xE9,0x00,0xAA,0x00,0x12,0x43,0x12,0x84,0xA6,0x08,0x3A,0xC6,
  0xFF,0xFF,0xDF,0xFF,0xFF,0xFF,0xFF,0xFF,0xFF,0xFF,0xFF,0xFF,0xFF,0xFF,0xFF,0xFF,0xFF,0xFF,0xFF,0xFF,0xFF,0xFF,0xFF,0xFF,
  0xFF,0xFF,0xDF,0xF7,0x92,0x19,0xA7,0x83,0xC2,0xFE,0x43,0xFE,0x42,0xFE,0x42,0xFE,0x43,0xFE,0x22,0xFE,0x81,0xFF,0xE7,0x62,
  0x74,0x3A,0xFF,0xFF,0xDF,0xFF,0xFF,0xFF,0xFF,0xFF,0xFF,0xFF,0xFF,0xFF,0xFF,0xFF,0xFF,0xFF,0xFF,0xFF,0xFF,0xFF,0xFF,0xFF,
  0xFF,0xFF,0xFF,0xFF,0xFF,0xFF,0xFF,0xFF,0xFF,0xFF,0xFF,0xFF,0xFF,0xFF,0xFF,0xFF,0xFF,0xFF,0xFF,0xFF,0xFF,0xFF,0xFF,0xFF,
  0x19,0x95,0x74,0x42,0x1A,0x9D,0xDF,0xFF,0xFF,0xFF,0xFF,0xFF,0xDF,0xFF,0xFF,0xFF,0xFF,0xFF,0xDF,0xFF,0xFF,0xFF,0x37,0x7C,
  0x8D,0x00,0xA5,0xD5,0xA2,0xFE,0x24,0xF6,0x2C,0x19,0xFB,0xBD,0xFF,0xFF,0xFF,0xFF,0xDF,0xFF,0xFF,0xFF,0xFF,0xFF,0xD4,0x94,
  0x48,0x19,0x76,0xA5,0xFF,0xFF,0xDF,0xFF,0xFF,0xFF,0xAD,0x4A,0x69,0x21,0x3C,0xE7,0x75,0x3B,0x0C,0x01,0xC9,0x00,0xC8,0x00,
  0xC8,0x00,0x87,0x00,0xEA,0x00,0x32,0x02,0x7A,0x03,0xF9,0x02,0xD4,0x01,0x59,0x6C,0x9F,0xEF,0xFF,0xFF,0xFF,0xFF,0xFF,0xFF,
  0xFF,0xFF,0xFF,0xFF,0xFF,0xFF,0xFF,0xFF,0xFF,0xFF,0xFF,0xFF,0xFF,0xFF,0xFF,0xFF,0xFF,0xFF,0x1C,0xFF,0x66,0xF9,0xA3,0xF8,
  0xE4,0xF8,0xE4,0xF8,0x41,0xF8,0x14,0xFD,0xAC,0xFA,0xB7,0xFD,0xFF,0xFF,0xFF,0xFF,0xFF,0xFF,0xFF,0xFF,0xFF,0xFF,0xFF,0xFF,
  0xFF,0xFF,0xFF,0xFF,0xFF,0xFF,0xFF,0xFF,0xFF,0xFF,0xFF,0xFF,0xFF,0xFF,0xDF,0xFF,0xFF,0xFF,0xFF,0xFF,0xBB,0x9D,0x35,0x0A,
  0x57,0x02,0x7A,0x03,0xBB,0x03,0xBC,0x03,0xBB,0x03,0x7A,0x03,0x7A,0x03,0x9B,0x03,0x5C,0x2C,0xDF,0xEF,0xF5,0x9C,0x04,0x00,
  0xF8,0xBD,0xFF,0xFF,0xDF,0xFF,0xFF,0xFF,0xFF,0xFF,0xFF,0xFF,0xFF,0xFF,0xFF,0xFF,0xFF,0xFF,0xFF,0xFF,0xFF,0xFF,0xDF,0xFF,
  0xFF,0xFF,0x35,0x53,0x09,0x42,0xC2,0xFE,0x43,0xFE,0x43,0xFE,0x43,0xFE,0x43,0xFE,0xA2,0xFE,0x83,0xFE,0x67,0x7B,0xED,0x10,
  0xFA,0xB5,0xFF,0xFF,0xDF,0xFF,0xFF,0xFF,0xFF,0xFF,0xFF,0xFF,0xFF,0xFF,0xFF,0xFF,0xFF,0xFF,0xFF,0xFF,0xFF,0xFF,0xFF,0xFF,
  0xFF,0xFF,0xFF,0xFF,0xFF,0xFF,0xFF,0xFF,0xFF,0xFF,0xFF,0xFF,0xFF,0xFF,0xFF,0xFF,0xFF,0xFF,0xDF,0xFF,0xFF,0xFF,0x3C,0xC6,
  0xEC,0x08,0x86,0x7B,0x6A,0x21,0x72,0x21,0xD9,0x94,0xDF,0xFF,0xFF,0xFF,0xFF,0xFF,0xDF,0xFF,0xFF,0xFF,0xDF,0xFF,0xFF,0xFF,
  0x17,0x74,0xAB,0x08,0xC4,0xDD,0xA2,0xFF,0xC9,0x5A,0x57,0x5B,0xFF,0xFF,0xDF,0xFF,0xFF,0xFF,0xDF,0xFF,0x0F,0x5B,0xCA,0x31,
  0xFC,0xDE,0xFF,0xFF,0xBF,0xF7,0xFF,0xFF,0x4F,0x63,0xC6,0x10,0x9D,0xF7,0xFE,0x8D,0x5B,0x03,0xDC,0x03,0x9A,0x03,0x7A,0x03,
  0x7A,0x03,0x7A,0x03,0xDC,0x03,0xBB,0x03,0x57,0x02,0x55,0x12,0x1C,0xAE,0xFF,0xFF,0xFF,0xFF,0xFF,0xFF,0xDF,0xFF,0xDF,0xFF,
  0xFF,0xFF,0xDF,0xFF,0xDF,0xFF,0xFF,0xFF,0xFF,0xFF,0xFF,0xFF,0x9E,0xFF,0xDF,0xFF,0x9E,0xFF,0x08,0xFA,0x62,0xF8,0x04,0xF9,
  0xE3,0xF8,0xE3,0xF8,0x82,0xF8,0xF0,0xFB,0xA4,0xF8,0x4D,0xFB,0xFF,0xFF,0xDF,0xFF,0xFF,0xFF,0xFF,0xFF,0xFF,0xFF,0xFF,0xFF,
  0xFF,0xFF,0xFF,0xFF,0xFF,0xFF,0xFF,0xFF,0xFF,0xFF,0xFF,0xFF,0xFF,0xFF,0xFF,0xFF,0xFF,0xFF,0xFF,0xFF,0xFF,0xFF,0xFE,0xCE,
  0x96,0x22,0xF5,0x01,0x7A,0x03,0x7A,0x03,0x7A,0x03,0x7A,0x03,0x7A,0x03,0x7A,0x03,0x3A,0x03,0xBA,0x13,0xDF,0xEF,0x72,0x8C,
  0x24,0x00,0x9B,0xD6,0xFF,0xFF,0xDF,0xFF,0xFF,0xFF,0xFF,0xFF,0xFF,0xFF,0xFF,0xFF,0xFF,0xFF,0xFF,0xFF,0xDF,0xFF,0xFF,0xFF,
  0x3A,0x9D,0xEC,0x08,0x43,0xF6,0x62,0xFE,0x43,0xFE,0x43,0xFE,0x62,0xFE,0xC2,0xFE,0x05,0xBD,0x6A,0x29,0x13,0x32,0x9C,0xCE,
  0xFF,0xFF,0xFF,0xFF,0xFF,0xFF,0xFF,0xFF,0xFF,0xFF,0xFF,0xFF,0xFF,0xFF,0xFF,0xFF,0xFF,0xFF,0xFF,0xFF,0xFF,0xFF,0xFF,0xFF,
  0xFF,0xFF,0xFF,0xFF,0xFF,0xFF,0xFF,0xFF,0xFF,0xFF,0xFF,0xFF,0xFF,0xFF,0xFF,0xFF,0xFF,0xFF,0xDF,0xFF,0xFF,0xFF,0x36,0x53,
  0x27,0x6B,0x41,0xFF,0x62,0xFE,0x46,0x9C,0x4B,0x21,0x71,0x21,0xF9,0x94,0xFF,0xFF,0xFF,0xFF,0xFF,0xFF,0xDF,0xFF,0xDF,0xFF,
  0xFF,0xFF,0xB6,0x6B,0xEB,0x10,0x87,0x7B,0xC9,0x10,0x78,0x84,0xFF,0xFF,0xFF,0xFF,0xDC,0xDE,0xA9,0x29,0x4F,0x63,0xFF,0xFF,
  0xFF,0xFF,0xBF,0xF7,0xFF,0xFF,0x32,0x84,0x45,0x00,0x3C,0xE7,0x3E,0x9E,0xF9,0x02,0x7A,0x03,0x7A,0x03,0x7A,0x03,0x7A,0x03,
  0x7A,0x03,0x9B,0x03,0x39,0x03,0xD5,0x01,0x16,0x33,0x3E,0xDF,0xFF,0xFF,0xDF,0xFF,0xFF,0xFF,0xFF,0xFF,0xFF,0xFF,0xFF,0xFF,
  0xFF,0xFF,0xFF,0xFF,0xFF,0xFF,0xFF,0xFF,0xDF,0xFF,0xFF,0xFF,0x51,0xFC,0xF8,0xFD,0x51,0xFC,0x20,0xF8,0x24,0xF9,0x82,0xF8,
  0xEC,0xFA,0xA6,0xF9,0xC3,0xF8,0x25,0xF9,0x62,0xF8,0x29,0xFA,0xFF,0xFF,0xFF,0xFF,0xFF,0xFF,0xFF,0xFF,0xFF,0xFF,0xFF,0xFF,
  0xFF,0xFF,0xFF,0xFF,0xFF,0xFF,0xFF,0xFF,0xFF,0xFF,0xFF,0xFF,0xFF,0xFF,0xFF,0xFF,0xFF,0xFF,0xFF,0xFF,0xDF,0xFF,0xFF,0xFF,
  0x7E,0xEF,0x57,0x3B,0xF5,0x01,0x5A,0x03,0x7A,0x03,0x7A,0x03,0x7A,0x03,0x7A,0x03,0x9A,0x03,0x5A,0x03,0xDA,0x23,0xFF,0xFF,
  0xB0,0x6B,0xA7,0x08,0x5D,0xEF,0xFF,0xFF,0xFF,0xFF,0xFF,0xFF,0xFF,0xFF,0xFF,0xFF,0xFF,0xFF,0xFF,0xFF,0xFF,0xFF,0xDD,0xD6,
  0xCF,0x00,0x25,0xC5,0xA2,0xFE,0x23,0xFE,0x43,0xFE,0xC2,0xFE,0x24,0xEE,0x88,0x5A,0x0F,0x19,0xB9,0x8C,0xFF,0xFF,0xFF,0xFF,
  0xDF,0xFF,0xFF,0xFF,0xFF,0xFF,0xFF,0xFF,0xFF,0xFF,0xFF,0xFF,0xFF,0xFF,0xFF,0xFF,0xFF,0xFF,0xFF,0xFF,0xFF,0xFF,0xFF,0xFF,
  0xFF,0xFF,0xFF,0xFF,0xFF,0xFF,0xFF,0xFF,0xFF,0xFF,0xFF,0xFF,0xFF,0xFF,0xFF,0xFF,0xFF,0xFF,0xFF,0xFF,0x9E,0xEF,0x70,0x19,
  0x44,0xCD,0x82,0xFE,0x42,0xFE,0xC2,0xFE,0x83,0xFE,0x06,0x9C,0x2B,0x21,0x92,0x21,0x7A,0xA5,0xFF,0xFF,0xFF,0xFF,0xDF,0xFF,
  0xDF,0xFF,0xFF,0xFF,0x77,0x84,0x73,0x42,0x39,0xA5,0xFF,0xFF,0xFF,0xFF,0x5D,0xEF,0xA9,0x29,0xF5,0x94,0xFF,0xFF,0xFF,0xFF,
  0xDF,0xFF,0xFF,0xFF,0xB7,0xB5,0x04,0x00,0x39,0xC6,0xFF,0xBE,0x3A,0x03,0x7B,0x03,0x7A,0x03,0x7A,0x03,0x7A,0x03,0x7A,0x03,
  0x9B,0x03,0x5A,0x03,0xD5,0x01,0xB8,0x4B,0xBF,0xF7,0xFF,0xFF,0xDF,0xFF,0xFF,0xFF,0xFF,0xFF,0xFF,0xFF,0xFF,0xFF,0xFF,0xFF,
  0xFF,0xFF,0xFF,0xFF,0xFF,0xFF,0xFF,0xFF,0xFF,0xFF,0xFF,0xFF,0x09,0xFA,0x4E,0xFB,0xA6,0xF9,0xC3,0xF8,0x04,0xF9,0xA2,0xF8,
  0x9A,0xFE,0x0C,0xFB,0x41,0xF8,0xC3,0xF8,0x83,0xF8,0xA7,0xF9,0xFF,0xFF,0xFF,0xFF,0xFF,0xFF,0xFF,0xFF,0xFF,0xFF,0xFF,0xFF,
  0xFF,0xFF,0xFF,0xFF,0xFF,0xFF,0xFF,0xFF,0xFF,0xFF,0xFF,0xFF,0xFF,0xFF,0xFF,0xFF,0xFF,0xFF,0xFF,0xFF,0xFF,0xFF,0xDF,0xFF,
  0xFF,0xFF,0xBF,0xF7,0x77,0x43,0xF6,0x01,0x7A,0x03,0x7A,0x03,0x7A,0x03,0x7A,0x03,0x7A,0x03,0x9A,0x03,0x3A,0x03,0x7B,0x3C,
  0xFF,0xFF,0x0B,0x3A,0xEB,0x31,0xFF,0xFF,0xDF,0xFF,0xFF,0xFF,0xFF,0xFF,0xFF,0xFF,0xFF,0xFF,0xFF,0xFF,0xDF,0xFF,0xB2,0x21,
  0x87,0x7B,0xE2,0xFE,0x23,0xF6,0x82,0xFE,0xC3,0xFE,0x26,0x9C,0xEC,0x18,0xF5,0x52,0x3D,0xE7,0xFF,0xFF,0xFF,0xFF,0xFF,0xFF,
  0xFF,0xFF,0xFF,0xFF,0xFF,0xFF,0xFF,0xFF,0xFF,0xFF,0xFF,0xFF,0xFF,0xFF,0xFF,0xFF,0xFF,0xFF,0xFF,0xFF,0xFF,0xFF,0xFF,0xFF,
  0xFF,0xFF,0xFF,0xFF,0xFF,0xFF,0xFF,0xFF,0xFF,0xFF,0xFF,0xFF,0xFF,0xFF,0xFF,0xFF,0xDF,0xFF,0xFF,0xFF,0x3A,0x9D,0xAA,0x29,
  0x82,0xFE,0x42,0xFE,0x42,0xFE,0x43,0xFE,0x42,0xFE,0xC2,0xFE,0x83,0xFE,0xE7,0x8B,0xEC,0x18,0xF3,0x31,0x1B,0xBE,0xFF,0xFF,
  0xFF,0xFF,0xDF,0xFF,0xFF,0xFF,0xFF,0xFF,0xFF,0xFF,0xFF,0xFF,0xFF,0xFF,0xBE,0xF7,0x3D,0xE7,0xFF,0xFF,0xFF,0xFF,0xDF,0xFF,
  0xFF,0xFF,0x3D,0xE7,0x45,0x00,0x93,0x8C,0xDF,0xEF,0x7A,0x0B,0x7A,0x03,0x9A,0x03,0x7A,0x03,0x7A,0x03,0x7A,0x03,0x9B,0x03,
  0x5A,0x03,0xD5,0x01,0xF8,0x53,0xFF,0xFF,0xFF,0xFF,0xFF,0xFF,0xFF,0xFF,0xFF,0xFF,0xFF,0xFF,0xFF,0xFF,0xFF,0xFF,0xFF,0xFF,
  0xFF,0xFF,0xFF,0xFF,0xFF,0xFF,0xFF,0xFF,0xFF,0xFF,0xBA,0xFE,0xA3,0xF8,0x04,0xF9,0xE3,0xF8,0x04,0xF9,0x82,0xF8,0x49,0xFA,
  0xFF,0xFF,0x55,0xFD,0x41,0xF8,0x04,0xF9,0x82,0xF8,0xC7,0xF9,0x7D,0xFF,0xBE,0xFF,0xFF,0xFF,0xFF,0xFF,0xFF,0xFF,0xFF,0xFF,
  0xFF,0xFF,0xFF,0xFF,0xFF,0xFF,0xFF,0xFF,0xFF,0xFF,0xFF,0xFF,0xFF,0xFF,0xFF,0xFF,0xFF,0xFF,0xFF,0xFF,0xFF,0xFF,0xFF,0xFF,
  0xFF,0xFF,0xFF,0xFF,0xBF,0xF7,0x37,0x33,0x16,0x02,0x7A,0x03,0x7A,0x03,0x7A,0x03,0x7A,0x03,0x7A,0x03,0x9B,0x03,0x1A,0x03,
  0x9D,0x75,0xBE,0xFF,0x86,0x00,0x12,0x7C,0xFF,0xFF,0xDF,0xFF,0xFF,0xFF,0xFF,0xFF,0xFF,0xFF,0xFF,0xFF,0xB7,0x63,0xC9,0x31,
  0xA3,0xFE,0x43,0xFE,0xC2,0xFE,0xA4,0xDD,0xEA,0x39,0x91,0x21,0xDB,0xB5,0xFF,0xFF,0xFF,0xFF,0xDF,0xFF,0xFF,0xFF,0xFF,0xFF,
  0xFF,0xFF,0xFF,0xFF,0xFF,0xFF,0xFF,0xFF,0xFF,0xFF,0xFF,0xFF,0xFF,0xFF,0xFF,0xFF,0xFF,0xFF,0xFF,0xFF,0xFF,0xFF,0xFF,0xFF,
  0xFF,0xFF,0xFF,0xFF,0xFF,0xFF,0xFF,0xFF,0xFF,0xFF,0xFF,0xFF,0xFF,0xFF,0xFF,0xFF,0xFF,0xFF,0xFF,0xFF,0x74,0x3A,0x46,0x9C,
  0x01,0xFF,0x42,0xFE,0x42,0xFE,0x42,0xFE,0x43,0xFE,0x23,0xF6,0x43,0xFE,0xC2,0xFE,0x23,0xF6,0x47,0x73,0xEE,0x10,0xB4,0x4A,
  0xBC,0xD6,0xFF,0xFF,0xDF,0xFF,0xDF,0xFF,0xDF,0xFF,0xFF,0xFF,0xFF,0xFF,0xFF,0xFF,0xFF,0xFF,0xDF,0xFF,0xFF,0xFF,0xDF,0xFF,
  0xFF,0xFF,0xEA,0x31,0x4C,0x3A,0xFF,0xFF,0x3B,0x34,0x5A,0x03,0x9B,0x03,0x7A,0x03,0x7A,0x03,0x7A,0x03,0x7B,0x03,0x7A,0x03,
  0xD5,0x01,0xD8,0x4B,0xFF,0xFF,0xFF,0xFF,0xFF,0xFF,0xFF,0xFF,0xFF,0xFF,0xFF,0xFF,0xFF,0xFF,0xFF,0xFF,0xFF,0xFF,0xFF,0xFF,
  0xFF,0xFF,0xFF,0xFF,0xFF,0xFF,0xDF,0xFF,0xFF,0xFF,0x31,0xFC,0x21,0xF8,0xE4,0xF8,0xE3,0xF8,0xE4,0xF8,0xA2,0xF8,0x35,0xED,
  0x78,0x33,0xBA,0xAD,0x07,0xFA,0xA2,0xF0,0x62,0xF8,0x0C,0xFB,0x72,0xFC,0x8F,0xFB,0xFF,0xFF,0xDF,0xFF,0xFF,0xFF,0xFF,0xFF,
  0xFF,0xFF,0xFF,0xFF,0xFF,0xFF,0xFF,0xFF,0xFF,0xFF,0xFF,0xFF,0xFF,0xFF,0xFF,0xFF,0xFF,0xFF,0xFF,0xFF,0xFF,0xFF,0xFF,0xFF,
  0xFF,0xFF,0xFF,0xFF,0xFF,0xFF,0x7E,0xE7,0x96,0x22,0x57,0x02,0x9B,0x03,0x7A,0x03,0x7A,0x03,0x7A,0x03,0x7A,0x03,0x9A,0x03,
  0x19,0x03,0xDF,0xB6,0xF8,0xBD,0x04,0x00,0x7A,0xCE,0xFF,0xFF,0xFF,0xFF,0xFF,0xFF,0xFF,0xFF,0xFB,0xB5,0x2C,0x11,0xE4,0xE5,
  0xC2,0xFE,0xA3,0xFE,0x67,0x83,0xED,0x10,0xF7,0x73,0xDF,0xFF,0xFF,0xFF,0xDF,0xFF,0xFF,0xFF,0xFF,0xFF,0xFF,0xFF,0xFF,0xFF,
  0xDF,0xFF,0xDF,0xFF,0xFF,0xFF,0xFF,0xFF,0xFF,0xFF,0xFF,0xFF,0xFF,0xFF,0xFF,0xFF,0xFF,0xFF,0xFF,0xFF,0xFF,0xFF,0xFF,0xFF,
  0xFF,0xFF,0xFF,0xFF,0xFF,0xFF,0xFF,0xFF,0xFF,0xFF,0xFF,0xFF,0xFF,0xFF,0xFF,0xFF,0xFF,0xFF,0xFF,0xFF,0xB0,0x21,0x06,0x73,
  0xA4,0xD5,0x03,0xEE,0xA2,0xFE,0xE2,0xFE,0xE2,0xFE,0xC2,0xFE,0x82,0xFE,0x43,0xFE,0x62,0xFE,0xE3,0xFE,0xC5,0xDD,0x68,0x5A,
  0xAE,0x08,0x77,0x84,0xFF,0xFF,0xFF,0xFF,0xFF,0xFF,0xFF,0xFF,0xFF,0xFF,0xFF,0xFF,0xFF,0xFF,0xFF,0xFF,0xDF,0xFF,0xFF,0xFF,
  0xB4,0x94,0x45,0x00,0x9D,0xF7,0x9D,0x7D,0x1A,0x03,0x9B,0x03,0x7A,0x03,0x7A,0x03,0x7A,0x03,0x7A,0x03,0x9A,0x03,0x16,0x02,
  0x57,0x3B,0xDF,0xF7,0xFF,0xFF,0xFF,0xFF,0xFF,0xFF,0xFF,0xFF,0xFF,0xFF,0xFF,0xFF,0xFF,0xFF,0xFF,0xFF,0xFF,0xFF,0xFF,0xFF,
  0xFF,0xFF,0xFF,0xFF,0xFF,0xFF,0xFF,0xFF,0xFF,0xFF,0x29,0xFA,0x62,0xF8,0xE3,0xF8,0xE3,0xF8,0xA2,0xF0,0x07,0xFA,0xDB,0xAD,
  0x33,0x01,0x5A,0x4C,0x71,0xFC,0x21,0xF0,0xA3,0xF8,0xE8,0xF9,0x45,0xF9,0x46,0xF9,0xBE,0xFF,0xFF,0xFF,0xFF,0xFF,0xFF,0xFF,
  0xFF,0xFF,0xFF,0xFF,0xFF,0xFF,0xFF,0xFF,0xFF,0xFF,0xFF,0xFF,0xFF,0xFF,0xFF,0xFF,0xFF,0xFF,0xFF,0xFF,0xFF,0xFF,0xFF,0xFF,
  0xFF,0xFF,0xFF,0xFF,0xFF,0xFF,0xFF,0xFF,0xDD,0xCE,0x15,0x0A,0xD8,0x02,0x9B,0x03,0x7A,0x03,0x7A,0x03,0x7A,0x03,0x7A,0x03,
  0x5A,0x03,0x9A,0x13,0xFF,0xF7,0x0F,0x5B,0x49,0x21,0xDF,0xFF,0xFF,0xFF,0xDF,0xFF,0xFF,0xFF,0xB4,0x42,0x07,0x6B,0x82,0xFF,
  0x25,0xC5,0x8A,0x29,0x13,0x32,0x7C,0xCE,0xFF,0xFF,0xFF,0xFF,0xDF,0xFF,0xFF,0xFF,0xDF,0xFF,0xDF,0xFF,0xFF,0xFF,0xFF,0xFF,
  0xFF,0xFF,0xFF,0xFF,0xFF,0xFF,0xFF,0xFF,0xFF,0xFF,0xFF,0xFF,0xFF,0xFF,0xFF,0xFF,0xFF,0xFF,0xFF,0xFF,0xFF,0xFF,0xFF,0xFF,
  0xFF,0xFF,0xFF,0xFF,0xFF,0xFF,0xFF,0xFF,0xFF,0xFF,0xFF,0xFF,0xFF,0xFF,0xFF,0xFF,0xFF,0xFF,0xFF,0xFF,0x1B,0xBE,0x32,0x32,
  0xB0,0x21,0x6C,0x19,0xCB,0x31,0x88,0x52,0x86,0x7B,0x85,0xAC,0x64,0xD5,0x23,0xF6,0xA3,0xFE,0xC3,0xFE,0xE2,0xFE,0x62,0xFF,
  0x25,0xC5,0xCE,0x00,0x5E,0xEF,0xFF,0xFF,0xFF,0xFF,0xFF,0xFF,0xFF,0xFF,0xFF,0xFF,0xFF,0xFF,0xFF,0xFF,0xFF,0xFF,0x3D,0xE7,
  0x45,0x00,0x36,0xA5,0x5F,0xD7,0x3A,0x03,0x7B,0x03,0x7A,0x03,0x7A,0x03,0x7A,0x03,0x7A,0x03,0x9B,0x03,0x77,0x02,0x96,0x1A,
  0x7E,0xE7,0xFF,0xFF,0xFF,0xFF,0xFF,0xFF,0xFF,0xFF,0xFF,0xFF,0xFF,0xFF,0xFF,0xFF,0xFF,0xFF,0xFF,0xFF,0xFF,0xFF,0xFF,0xFF,
  0xFF,0xFF,0xFF,0xFF,0xFF,0xFF,0xFF,0xFF,0x9E,0xFF,0x66,0xF9,0xA3,0xF8,0xE3,0xF8,0x04,0xF9,0x61,0xF0,0x74,0xFD,0x5B,0x7D,
  0x33,0x01,0x37,0x2B,0x1C,0xFF,0xE4,0xF8,0xC3,0xF8,0xA3,0xF8,0xA3,0xF8,0xE4,0xF8,0xDB,0xFE,0xFF,0xFF,0xFF,0xFF,0xFF,0xFF,
  0xFF,0xFF,0xFF,0xFF,0xFF,0xFF,0xFF,0xFF,0xFF,0xFF,0xFF,0xFF,0xFF,0xFF,0xFF,0xFF,0xFF,0xFF,0xFF,0xFF,0xFF,0xFF,0xFF,0xFF,
  0xFF,0xFF,0xFF,0xFF,0xFF,0xFF,0xDF,0xFF,0xFF,0xFF,0x9B,0x95,0xB5,0x01,0x5A,0x03,0x9A,0x03,0x7A,0x03,0x7A,0x03,0x7A,0x03,
  0x9A,0x03,0x3A,0x03,0x3C,0x65,0x9E,0xF7,0x66,0x00,0x94,0x8C,0xFF,0xFF,0xDF,0xFF,0xFF,0xFF,0x7A,0xA5,0xEC,0x10,0xE9,0x39,
  0x0E,0x11,0x57,0x84,0xFF,0xFF,0xFF,0xFF,0xDF,0xF7,0xDF,0xFF,0xFF,0xFF,0xFF,0xFF,0xFF,0xFF,0xFF,0xFF,0xFF,0xFF,0x7E,0xEF,
  0x1C,0xBE,0x5C,0xC6,0xFF,0xFF,0xFF,0xFF,0xFF,0xFF,0xFF,0xFF,0xFF,0xFF,0xFF,0xFF,0xFF,0xFF,0xFF,0xFF,0xFF,0xFF,0xFF,0xFF,
  0xFF,0xFF,0xFF,0xFF,0xFF,0xFF,0xFF,0xFF,0xFF,0xFF,0xFF,0xFF,0xFF,0xFF,0xFF,0xFF,0xFF,0xFF,0xFF,0xFF,0xFF,0xFF,0xFF,0xFF,
  0x9F,0xF7,0xBD,0xD6,0x7A,0xA5,0x17,0x74,0xD4,0x4A,0xD1,0x29,0x6E,0x19,0x6C,0x19,0xCB,0x31,0x68,0x52,0x46,0x7B,0xC6,0xAC,
  0x66,0x83,0xB1,0x21,0xDF,0xF7,0xFF,0xFF,0xFF,0xFF,0xFF,0xFF,0xFF,0xFF,0xFF,0xFF,0xFF,0xFF,0xDF,0xFF,0xFF,0xFF,0xEE,0x52,
  0xAA,0x29,0xFF,0xFF,0x3B,0x2C,0x5A,0x03,0x9A,0x03,0x7A,0x03,0x7A,0x03,0x7A,0x03,0x9B,0x03,0xF9,0x02,0xD4,0x01,0x9D,0xC6,
  0xFF,0xFF,0xDF,0xFF,0xFF,0xFF,0xFF,0xFF,0xFF,0xFF,0xFF,0xFF,0xFF,0xFF,0xFF,0xFF,0xFF,0xFF,0xFF,0xFF,0xFF,0xFF,0xFF,0xFF,
  0xFF,0xFF,0xFF,0xFF,0xFF,0xFF,0xFF,0xFF,0xDF,0xFF,0xA7,0xF9,0xA2,0xF8,0x04,0xF9,0xA2,0xF8,0x28,0xFA,0x1E,0xDF,0xB6,0x22,
  0xD5,0x2A,0x55,0x12,0xFD,0x95,0x50,0xFC,0x21,0xF0,0x04,0xF9,0xC3,0xF8,0xC3,0xF8,0xDB,0xFE,0xFF,0xFF,0xDF,0xFF,0xFF,0xFF,
  0xFF,0xFF,0xFF,0xFF,0xFF,0xFF,0xFF,0xFF,0xFF,0xFF,0xFF,0xFF,0xFF,0xFF,0xFF,0xFF,0xFF,0xFF,0xFF,0xFF,0xFF,0xFF,0xFF,0xFF,
  0xFF,0xFF,0xFF,0xFF,0xFF,0xFF,0xFF,0xFF,0xDF,0xFF,0xFF,0xFF,0xB8,0x43,0x36,0x02,0x9B,0x03,0x7A,0x03,0x7A,0x03,0x7A,0x03,
  0x7A,0x03,0x9B,0x03,0x3A,0x03,0x5F,0xCF,0xD4,0x94,0x86,0x00,0x7E,0xEF,0xFF,0xFF,0xFF,0xFF,0xFF,0xFF,0x9C,0xCE,0x78,0x8C,
  0xDD,0xDE,0xFF,0xFF,0xDF,0xFF,0xFF,0xFF,0xFF,0xFF,0xFF,0xFF,0xFF,0xFF,0x3E,0xE7,0x7B,0xA5,0xD7,0x6B,0x53,0x32,0x8F,0x19,
  0xAB,0x29,0xCC,0x08,0x59,0xA5,0xFF,0xFF,0xDF,0xFF,0xFF,0xFF,0xFF,0xFF,0xFF,0xFF,0xFF,0xFF,0xFF,0xFF,0xFF,0xFF,0xFF,0xFF,
  0xFF,0xFF,0xFF,0xFF,0xFF,0xFF,0xFF,0xFF,0xFF,0xFF,0xFF,0xFF,0xFF,0xFF,0xFF,0xFF,0xFF,0xFF,0xFF,0xFF,0xFF,0xFF,0xFF,0xFF,
  0xFF,0xFF,0xFF,0xFF,0xFF,0xFF,0xFF,0xFF,0xFF,0xFF,0xFF,0xFF,0x7E,0xEF,0x7C,0xCE,0x3A,0x9D,0xF6,0x73,0xD4,0x4A,0xF2,0x29,
  0x70,0x21,0x1A,0xBE,0xFF,0xFF,0xDF,0xFF,0xFF,0xFF,0xFF,0xFF,0xFF,0xFF,0xFF,0xFF,0xDF,0xFF,0xFF,0xFF,0x9B,0xD6,0x25,0x00,
  0x9A,0xD6,0x3E,0x9E,0x1A,0x03,0x9A,0x03,0x7A,0x03,0x7A,0x03,0x7A,0x03,0x7A,0x03,0x5A,0x03,0xD5,0x01,0x1A,0x7D,0xFF,0xFF,
  0xDF,0xFF,0xFF,0xFF,0xFF,0xFF,0xFF,0xFF,0xFF,0xFF,0xFF,0xFF,0xFF,0xFF,0xFF,0xFF,0xFF,0xFF,0xFF,0xFF,0xDF,0xFF,0xDF,0xFF,
  0xDF,0xFF,0xFF,0xFF,0xFF,0xFF,0xDF,0xFF,0xFF,0xFF,0x6D,0xFB,0x41,0xF8,0x24,0xF9,0x61,0xF8,0x75,0xFD,0xB9,0x33,0xF9,0x84,
  0xB7,0x4B,0xBB,0xA5,0xF7,0x1A,0x5A,0xDE,0x45,0xF9,0xC3,0xF8,0xA3,0xF8,0x66,0xF9,0x9E,0xFF,0xFF,0xFF,0xFF,0xFF,0xFF,0xFF,
  0xFF,0xFF,0xFF,0xFF,0xFF,0xFF,0xDF,0xFF,0xDF,0xFF,0xFF,0xFF,0xFF,0xFF,0xFF,0xFF,0xFF,0xFF,0xFF,0xFF,0xFF,0xFF,0xFF,0xFF,
  0xFF,0xFF,0xFF,0xFF,0xFF,0xFF,0xFF,0xFF,0xFF,0xFF,0xFF,0xFF,0x1E,0xDF,0x35,0x0A,0xF8,0x02,0x9B,0x03,0x7A,0x03,0x7A,0x03,
  0x7A,0x03,0x9A,0x03,0x3A,0x03,0x7B,0x3C,0xFF,0xFF,0x08,0x11,0xD1,0x73,0xFF,0xFF,0xDF,0xFF,0xFF,0xFF,0xFF,0xFF,0xFF,0xFF,
  0xFF,0xFF,0xFF,0xFF,0xFF,0xFF,0x9E,0xEF,0xFB,0xB5,0xD7,0x6B,0x32,0x32,0x4E,0x19,0xAA,0x31,0xE7,0x62,0x25,0xA4,0x63,0xD5,
  0xE2,0xFE,0x26,0x73,0x16,0x53,0xFF,0xFF,0xDF,0xFF,0xFF,0xFF,0xFF,0xFF,0xFF,0xFF,0xFF,0xFF,0xFF,0xFF,0xFF,0xFF,0xFF,0xFF,
  0xFF,0xFF,0xFF,0xFF,0xFF,0xFF,0xFF,0xFF,0xFF,0xFF,0xFF,0xFF,0xFF,0xFF,0xFF,0xFF,0xFF,0xFF,0xFF,0xFF,0xFF,0xFF,0xFF,0xFF,
  0xFF,0xFF,0xFF,0xFF,0xDF,0xFF,0xDF,0xFF,0xDF,0xFF,0xFF,0xFF,0xFF,0xFF,0xFF,0xFF,0xFF,0xFF,0xFF,0xFF,0xFF,0xFF,0xFF,0xFF,
  0xFF,0xFF,0xFF,0xFF,0xFF,0xFF,0xFF,0xFF,0xDF,0xFF,0xFF,0xFF,0xFF,0xFF,0xFF,0xFF,0xFF,0xFF,0xFF,0xFF,0x6C,0x42,0x8C,0x4A,
  0xFF,0xFF,0xBA,0x13,0x7A,0x03,0x7A,0x03,0x7A,0x03,0x7A,0x03,0x7A,0x03,0x9B,0x03,0x56,0x02,0x17,0x33,0xFF,0xFF,0xFF,0xFF,
  0xFF,0xFF,0xFF,0xFF,0xFF,0xFF,0xFF,0xFF,0xFF,0xFF,0xFF,0xFF,0xFF,0xFF,0xFF,0xFF,0xDF,0xFF,0xFF,0xFF,0xFF,0xFF,0xFF,0xFF,
  0xFF,0xFF,0xFF,0xFF,0xFF,0xFF,0xFF,0xFF,0xFF,0xFF,0xDF,0xFF,0x08,0xFA,0x82,0xF8,0xA6,0xF9,0x5A,0xA5,0x58,0x33,0xFF,0xFF,
  0xD5,0x2A,0x5E,0xE7,0xFA,0x84,0x5A,0x54,0x8D,0xFB,0x42,0xF8,0x62,0xF8,0x55,0xFD,0xFF,0xFF,0xFF,0xFF,0xDE,0xFF,0x9E,0xFF,
  0xBE,0xFF,0xFF,0xFF,0xFF,0xFF,0xFF,0xFF,0xFF,0xFF,0xFF,0xFF,0xFF,0xFF,0xDF,0xFF,0xFF,0xFF,0xFF,0xFF,0xFF,0xFF,0xFF,0xFF,
  0xFF,0xFF,0xFF,0xFF,0xFF,0xFF,0xFF,0xFF,0xFF,0xFF,0xDF,0xFF,0xFF,0xFF,0xBA,0x74,0xD5,0x01,0x7A,0x03,0x7A,0x03,0x7A,0x03,
  0x7A,0x03,0x7A,0x03,0x9A,0x03,0x1A,0x03,0xFF,0xBE,0x35,0xA5,0x66,0x00,0x7E,0xEF,0xFF,0xFF,0xFF,0xFF,0xDF,0xFF,0xFF,0xFF,
  0x3E,0xE7,0x98,0x8C,0xD4,0x42,0x90,0x21,0x8B,0x29,0xA8,0x5A,0x45,0xA4,0xA3,0xDD,0x82,0xFE,0xC1,0xFE,0xA1,0xFE,0x62,0xFE,
  0xE1,0xFE,0x66,0x7B,0x16,0x53,0xFF,0xFF,0xDF,0xFF,0xFF,0xFF,0xFF,0xFF,0xFF,0xFF,0xFF,0xFF,0xFF,0xFF,0xFF,0xFF,0xFF,0xFF,
  0xFF,0xFF,0xFF,0xFF,0xFF,0xFF,0xFF,0xFF,0xFF,0xFF,0xFF,0xFF,0xFF,0xFF,0xFF,0xFF,0xFF,0xFF,0xFF,0xFF,0xFF,0xFF,0xFF,0xFF,
  0xFF,0xFF,0xFF,0xFF,0xFF,0xFF,0xFF,0xFF,0xFF,0xFF,0xFF,0xFF,0xDF,0xFF,0xFF,0xFF,0xFF,0xFF,0x7E,0xEF,0xB7,0xB5,0x73,0x84,
  0x33,0x7C,0xD5,0x94,0x9A,0xD6,0xFF,0xFF,0xFF,0xFF,0xFF,0xFF,0xFF,0xFF,0xFF,0xFF,0xFF,0xFF,0xBB,0xD6,0x25,0x00,0xBA,0xDE,
  0x1E,0x8E,0x1A,0x03,0x9A,0x03,0x7A,0x03,0x7A,0x03,0x7A,0x03,0x9B,0x03,0x19,0x03,0xD5,0x01,0x9D,0xC6,0xFF,0xFF,0xDF,0xFF,
  0xFF,0xFF,0xFF,0xFF,0xFF,0xFF,0xFF,0xFF,0xFF,0xFF,0xFF,0xFF,0xFF,0xFF,0xFF,0xFF,0xFF,0xFF,0xBE,0xFF,0xD7,0xFD,0xF0,0xFB,
  0xAB,0xFA,0xE9,0xF9,0xA8,0xF9,0xC8,0xF9,0x8B,0xFA,0xF0,0xFB,0x31,0xFC,0xA3,0xF8,0x0B,0xFB,0xF8,0x43,0x5A,0x95,0xFF,0xFF,
  0x17,0x2B,0xFE,0xD6,0x3D,0xE7,0x17,0x1B,0x93,0xEC,0x41,0xF8,0x29,0xFA,0x92,0xFC,0xAC,0xFA,0xA8,0xF9,0x46,0xF9,0x06,0xF9,
  0x26,0xF9,0x46,0xF9,0xE9,0xF9,0x0D,0xFB,0xD3,0xFC,0xBB,0xFE,0xFF,0xFF,0xFF,0xFF,0xFF,0xFF,0xDF,0xFF,0xFF,0xFF,0xFF,0xFF,
  0xFF,0xFF,0xFF,0xFF,0xFF,0xFF,0xFF,0xFF,0xFF,0xFF,0xFF,0xFF,0xFF,0xFF,0x7E,0xE7,0x55,0x12,0xD8,0x02,0x9B,0x03,0x7A,0x03,
  0x7A,0x03,0x7A,0x03,0x7A,0x03,0x3A,0x03,0x9C,0x3C,0xDF,0xFF,0xC7,0x10,0x53,0x84,0xFF,0xFF,0xDF,0xFF,0xFF,0xFF,0x3E,0xE7,
  0x8F,0x21,0xE8,0x41,0xC6,0x8B,0x44,0xCD,0x62,0xFE,0xC2,0xFE,0xC2,0xFE,0x62,0xFE,0x42,0xFE,0x22,0xFE,0x42,0xFE,0x42,0xFE,
  0xE1,0xFE,0x46,0x73,0x16,0x53,0xFF,0xFF,0xDF,0xFF,0xFF,0xFF,0xFF,0xFF,0xFF,0xFF,0xFF,0xFF,0xFF,0xFF,0xFF,0xFF,0xFF,0xFF,
  0xFF,0xFF,0xFF,0xFF,0xFF,0xFF,0xFF,0xFF,0xFF,0xFF,0xFF,0xFF,0xFF,0xFF,0xFF,0xFF,0xFF,0xFF,0xFF,0xFF,0xFF,0xFF,0xFF,0xFF,
  0xFF,0xFF,0xFF,0xFF,0xFF,0xFF,0xFF,0xFF,0xFF,0xFF,0xDF,0xFF,0xFF,0xFF,0x5D,0xE7,0x70,0x63,0x29,0x19,0x48,0x21,0x2B,0x3A,
  0x6D,0x42,0xA9,0x29,0xC7,0x08,0xCB,0x31,0x39,0xC6,0xFF,0xFF,0xDF,0xFF,0xDF,0xFF,0xFF,0xFF,0x0F,0x5B,0x2B,0x3A,0xFF,0xFF,
  0xDB,0x13,0x5A,0x03,0x7A,0x03,0x7A,0x03,0x7A,0x03,0x7A,0x03,0x9B,0x03,0x16,0x02,0x18,0x54,0xFF,0xFF,0xFF,0xFF,0xFF,0xFF,
  0xFF,0xFF,0xFF,0xFF,0xFF,0xFF,0xFF,0xFF,0xDF,0xFF,0xFF,0xFF,0xFF,0xFF,0x59,0xFE,0xEC,0xFA,0xE5,0xF8,0x05,0xF9,0x2A,0xFA,
  0xAF,0xFB,0xB3,0xFC,0xF4,0xFC,0xD3,0xFC,0x10,0xFC,0xAB,0xFA,0x87,0xF9,0x62,0xF8,0xEB,0xFA,0xB9,0x33,0x9D,0xC6,0xFF,0xFF,
  0x17,0x33,0xBD,0xCE,0xFF,0xFF,0x99,0x2B,0x33,0xCC,0x00,0xF8,0x26,0xF9,0xE9,0xF9,0xAF,0xFB,0x14,0xFD,0xF7,0xFD,0x39,0xFE,
  0x18,0xFE,0x76,0xFD,0x72,0xFC,0xED,0xFA,0x67,0xF9,0xA4,0xF8,0x67,0xF9,0xF0,0xFB,0xFC,0xFE,0xFF,0xFF,0xFF,0xFF,0xDF,0xFF,
  0xFF,0xFF,0xFF,0xFF,0xFF,0xFF,0xFF,0xFF,0xFF,0xFF,0xFF,0xFF,0xFF,0xFF,0xFF,0xFF,0xB9,0x74,0xF5,0x01,0x9B,0x03,0x7A,0x03,
  0x7A,0x03,0x7A,0x03,0x7A,0x03,0x9A,0x03,0x3A,0x03,0x5F,0xCF,0x32,0x84,0x08,0x11,0xDF,0xFF,0xDF,0xFF,0xFF,0xFF,0x7A,0xA5,
  0x49,0x21,0x82,0xFF,0x41,0xFF,0xE1,0xFE,0x82,0xFE,0x62,0xFE,0x42,0xFE,0x42,0xFE,0x42,0xFE,0x42,0xFE,0x42,0xFE,0x22,0xF6,
  0xC1,0xFE,0x07,0x6B,0x76,0x5B,0xFF,0xFF,0xDF,0xFF,0xFF,0xFF,0xFF,0xFF,0xFF,0xFF,0xFF,0xFF,0xFF,0xFF,0xFF,0xFF,0xFF,0xFF,
  0xFF,0xFF,0xFF,0xFF,0xFF,0xFF,0xFF,0xFF,0xFF,0xFF,0xFF,0xFF,0xFF,0xFF,0xFF,0xFF,0xFF,0xFF,0xFF,0xFF,0xFF,0xFF,0xFF,0xFF,
  0xFF,0xFF,0xFF,0xFF,0xFF,0xFF,0xFF,0xFF,0xDF,0xFF,0xFF,0xFF,0x97,0xAD,0xE7,0x10,0x8C,0x4A,0x5A,0xC6,0xFF,0xFF,0xFF,0xFF,
  0xFF,0xFF,0xFF,0xFF,0x1C,0xDF,0x6F,0x6B,0x44,0x00,0xB4,0x8C,0xFF,0xFF,0xFF,0xFF,0x7D,0xEF,0x86,0x00,0xD8,0xBD,0x9F,0xAE,
  0x1A,0x03,0x9A,0x03,0x7A,0x03,0x7A,0x03,0x7A,0x03,0x9B,0x03,0xF9,0x02,0xF5,0x01,0xFD,0xD6,0xFF,0xFF,0xFF,0xFF,0xFF,0xFF,
  0xFF,0xFF,0xFF,0xFF,0xFF,0xFF,0xFF,0xFF,0xFF,0xFF,0x7A,0xFE,0x4A,0xFA,0x84,0xF8,0xAB,0xFA,0xB7,0xFD,0x9E,0xFF,0xFF,0xFF,
  0xFF,0xFF,0xFF,0xFF,0xFF,0xFF,0xFF,0xFF,0xFF,0xFF,0xFF,0xFF,0xFF,0xFF,0x59,0xFE,0x96,0xFD,0x57,0x2B,0x9D,0xC6,0xFF,0xFF,
  0xF5,0x2A,0xDD,0xCE,0xFF,0xFF,0x58,0x23,0xD5,0xDC,0x51,0xFC,0x1C,0xFF,0xFF,0xFF,0xFF,0xFF,0xFF,0xFF,0xFF,0xFF,0xFF,0xFF,
  0xFF,0xFF,0xFF,0xFF,0xFF,0xFF,0xFF,0xFF,0xFF,0xFF,0xBB,0xFE,0x72,0xFC,0xC8,0xF9,0x84,0xF8,0xCC,0xFA,0xBB,0xFE,0xFF,0xFF,
  0xFF,0xFF,0xFF,0xFF,0xFF,0xFF,0xFF,0xFF,0xFF,0xFF,0xFF,0xFF,0xFF,0xFF,0xFF,0xFF,0x1E,0xDF,0x15,0x0A,0xF9,0x02,0x9B,0x03,
  0x7A,0x03,0x7A,0x03,0x7A,0x03,0x9A,0x03,0x3A,0x03,0x3D,0x5D,0x3D,0xEF,0x46,0x00,0xF9,0xBD,0xFF,0xFF,0xFF,0xFF,0xDD,0xDE,
  0x0E,0x11,0xE7,0x6A,0x05,0x94,0xC5,0xB4,0x64,0xD5,0xE3,0xED,0x62,0xFE,0xA2,0xFE,0xC2,0xFE,0xE1,0xFE,0xC1,0xFE,0xA2,0xFE,
  0x21,0xFF,0xE7,0x6A,0xB7,0x63,0xFF,0xFF,0xDF,0xFF,0xFF,0xFF,0xFF,0xFF,0xFF,0xFF,0xFF,0xFF,0xFF,0xFF,0xFF,0xFF,0xFF,0xFF,
  0xFF,0xFF,0xFF,0xFF,0xFF,0xFF,0xFF,0xFF,0xFF,0xFF,0xFF,0xFF,0xFF,0xFF,0xFF,0xFF,0xFF,0xFF,0xFF,0xFF,0xFF,0xFF,0xFF,0xFF,
  0xFF,0xFF,0xFF,0xFF,0xFF,0xFF,0xDF,0xFF,0xFF,0xFF,0x15,0x9D,0x44,0x00,0x56,0xA5,0xFF,0xFF,0xFF,0xFF,0xFF,0xFF,0xFF,0xFF,
  0xDF,0xFF,0xFF,0xFF,0xFF,0xFF,0xFF,0xFF,0xD8,0xB5,0x25,0x00,0xD4,0x94,0xFF,0xFF,0xB4,0x94,0xE7,0x10,0xFF,0xFF,0x7C,0x34,
  0x3A,0x03,0x7A,0x03,0x7A,0x03,0x7A,0x03,0x7A,0x03,0x9B,0x03,0x16,0x02,0xD8,0x53,0xFF,0xFF,0xFF,0xFF,0xFF,0xFF,0xFF,0xFF,
  0xFF,0xFF,0xFF,0xFF,0xDF,0xFF,0xBE,0xFF,0x11,0xFC,0xA4,0xF8,0x4E,0xFB,0xFC,0xFE,0xFF,0xFF,0xFF,0xFF,0xFF,0xFF,0xDF,0xFF,
  0xDF,0xFF,0xDF,0xFF,0xDF,0xFF,0xDF,0xFF,0xDF,0xFF,0xDF,0xFF,0xFF,0xFF,0xFF,0xFF,0xFF,0xFF,0x59,0x64,0xF8,0x53,0xFF,0xFF,
  0x16,0x2B,0x7F,0xEF,0xDB,0xAD,0xF6,0x2A,0xFF,0xFF,0xFF,0xFF,0xFF,0xFF,0xFF,0xFF,0xDF,0xFF,0xDF,0xFF,0xDF,0xFF,0xDF,0xFF,
  0xDF,0xFF,0xDF,0xFF,0xDF,0xFF,0xDF,0xFF,0xFF,0xFF,0xFF,0xFF,0xFF,0xFF,0xFF,0xFF,0x39,0xFE,0x6A,0xFA,0xC5,0xF8,0x51,0xFC,
  0xBE,0xFF,0xDF,0xFF,0xFF,0xFF,0xFF,0xFF,0xFF,0xFF,0xFF,0xFF,0xFF,0xFF,0xFF,0xFF,0xFF,0xFF,0xB8,0x4B,0x36,0x02,0x9B,0x03,
  0x7A,0x03,0x7A,0x03,0x7A,0x03,0x7A,0x03,0x7A,0x03,0x9A,0x0B,0xFF,0xF7,0x4C,0x3A,0xEE,0x52,0xFF,0xFF,0xDF,0xFF,0xFF,0xFF,
  0xFB,0xB5,0x35,0x5B,0xB4,0x42,0x12,0x2A,0xAF,0x21,0x8D,0x19,0x8B,0x21,0xE9,0x31,0x68,0x4A,0x07,0x6B,0xA6,0x83,0x65,0xA4,
  0x64,0xC5,0x49,0x21,0xB8,0x8C,0xFF,0xFF,0xDF,0xFF,0xFF,0xFF,0xFF,0xFF,0xFF,0xFF,0xFF,0xFF,0xFF,0xFF,0xFF,0xFF,0xFF,0xFF,
  0xFF,0xFF,0xFF,0xFF,0xFF,0xFF,0xFF,0xFF,0xFF,0xFF,0xFF,0xFF,0xFF,0xFF,0xFF,0xFF,0xFF,0xFF,0xFF,0xFF,0xFF,0xFF,0xFF,0xFF,
  0xFF,0xFF,0xFF,0xFF,0xDF,0xFF,0xFF,0xFF,0x19,0xC6,0x45,0x00,0x19,0xBE,0xFF,0xFF,0xDF,0xFF,0xFF,0xFF,0xFF,0xFF,0xFF,0xFF,
  0xFF,0xFF,0xFF,0xFF,0xFF,0xFF,0xDF,0xFF,0xFF,0xFF,0x36,0x95,0x45,0x00,0x3D,0xE7,0x2C,0x3A,0xB0,0x73,0x7F,0xDF,0x3A,0x03,
  0x7A,0x03,0x7A,0x03,0x7A,0x03,0x7A,0x03,0x9B,0x03,0x5A,0x03,0xD5,0x01,0x7D,0xBE,0xFF,0xFF,0xDF,0xFF,0xFF,0xFF,0xFF,0xFF,
  0xFF,0xFF,0xDF,0xFF,0xFF,0xFF,0xFF,0xFF,0x02,0xF8,0x72,0xFC,0xFF,0xFF,0xFF,0xFF,0xDF,0xFF,0xDF,0xFF,0xFF,0xFF,0xFF,0xFF,
  0xFF,0xFF,0xFF,0xFF,0xFF,0xFF,0xFF,0xFF,0xFF,0xFF,0xFF,0xFF,0xFF,0xFF,0xDF,0xFF,0xDF,0xFF,0x7E,0xE7,0xD6,0x22,0x3B,0x85,
  0x36,0x3B,0x1A,0x85,0xF7,0x2A,0x5C,0xBE,0xFF,0xFF,0xDF,0xFF,0xFF,0xFF,0xFF,0xFF,0xFF,0xFF,0xFF,0xFF,0xFF,0xFF,0xFF,0xFF,
  0xFF,0xFF,0xFF,0xFF,0xFF,0xFF,0xFF,0xFF,0xFF,0xFF,0xFF,0xFF,0xDF,0xFF,0xFF,0xFF,0xFF,0xFF,0xFF,0xFF,0xD0,0xFB,0x22,0xF8,
  0xFF,0xFF,0xFF,0xFF,0xDF,0xFF,0xFF,0xFF,0xFF,0xFF,0xFF,0xFF,0xFF,0xFF,0xDF,0xFF,0xFF,0xFF,0xFC,0xA5,0xD5,0x01,0x5A,0x03,
  0x7A,0x03,0x7A,0x03,0x7A,0x03,0x7A,0x03,0x9A,0x03,0x19,0x03,0xBF,0xAE,0x35,0xA5,0xC7,0x08,0xBF,0xF7,0xFF,0xFF,0xFF,0xFF,
  0xFF,0xFF,0xFF,0xFF,0xFF,0xFF,0xFF,0xFF,0x9F,0xF7,0xFD,0xDE,0x1C,0xBE,0x3A,0x9D,0x58,0x7C,0x76,0x5B,0xB4,0x42,0x32,0x32,
  0x6F,0x21,0xB3,0x4A,0x9E,0xEF,0xFF,0xFF,0xFF,0xFF,0xFF,0xFF,0xFF,0xFF,0xFF,0xFF,0xFF,0xFF,0xFF,0xFF,0xFF,0xFF,0xFF,0xFF,
  0xFF,0xFF,0xFF,0xFF,0xFF,0xFF,0xFF,0xFF,0xFF,0xFF,0xFF,0xFF,0xFF,0xFF,0xFF,0xFF,0xFF,0xFF,0xFF,0xFF,0xFF,0xFF,0xFF,0xFF,
  0xFF,0xFF,0xFF,0xFF,0xFF,0xFF,0xDF,0xFF,0x48,0x19,0x53,0x84,0xFF,0xFF,0xDF,0xFF,0xFF,0xFF,0xFF,0xFF,0xFF,0xFF,0xFF,0xFF,
  0xFF,0xFF,0xFF,0xFF,0xFF,0xFF,0xFF,0xFF,0xDF,0xFF,0xFF,0xFF,0xCE,0x4A,0x0B,0x3A,0xE6,0x10,0x79,0xD6,0xDE,0x85,0x1A,0x03,
  0x9A,0x03,0x7A,0x03,0x7A,0x03,0x7A,0x03,0x9B,0x03,0x97,0x02,0xF6,0x2A,0xDF,0xFF,0xFF,0xFF,0xFF,0xFF,0xFF,0xFF,0xFF,0xFF,
  0xFF,0xFF,0xFF,0xFF,0xBB,0xFE,0xAC,0xFA,0x62,0xF8,0xEC,0xFA,0xFF,0xFF,0xDF,0xFF,0xFF,0xFF,0xFF,0xFF,0xFF,0xFF,0xFF,0xFF,
  0xFF,0xFF,0xFF,0xFF,0xFF,0xFF,0xFF,0xFF,0xFF,0xFF,0xFF,0xFF,0xFF,0xFF,0xFF,0xFF,0xDF,0xFF,0xFF,0xFF,0xBD,0xCE,0xF5,0x01,
  0x35,0x02,0x93,0x01,0xF8,0x53,0xDF,0xFF,0xDF,0xFF,0xFF,0xFF,0xFF,0xFF,0xFF,0xFF,0xFF,0xFF,0xFF,0xFF,0xFF,0xFF,0xFF,0xFF,
  0xFF,0xFF,0xFF,0xFF,0xFF,0xFF,0xFF,0xFF,0xFF,0xFF,0xFF,0xFF,0xFF,0xFF,0xFF,0xFF,0xDF,0xFF,0xDF,0xFF,0x4A,0xFA,0x42,0xF8,
  0x8B,0xFA,0x9A,0xFE,0xFF,0xFF,0xFF,0xFF,0xFF,0xFF,0xFF,0xFF,0xFF,0xFF,0xFF,0xFF,0xFF,0xFF,0x9F,0xEF,0x76,0x12,0xD8,0x02,
  0x9B,0x03,0x7A,0x03,0x7A,0x03,0x7A,0x03,0x9A,0x03,0x3A,0x03,0xFC,0x54,0x5D,0xE7,0x66,0x00,0x19,0xBE,0xFF,0xFF,0xDF,0xFF,
  0xFF,0xFF,0xDF,0xFF,0xDF,0xFF,0xFF,0xFF,0xFF,0xFF,0xFF,0xFF,0xFF,0xFF,0xFF,0xFF,0xFF,0xFF,0xFF,0xFF,0xFF,0xFF,0xFF,0xFF,
  0xDF,0xFF,0xFF,0xFF,0xFF,0xFF,0xFF,0xFF,0xFF,0xFF,0xFF,0xFF,0xFF,0xFF,0xFF,0xFF,0xFF,0xFF,0xFF,0xFF,0xFF,0xFF,0xFF,0xFF,
  0xFF,0xFF,0xFF,0xFF,0xFF,0xFF,0xFF,0xFF,0xFF,0xFF,0xFF,0xFF,0xFF,0xFF,0xFF,0xFF,0xFF,0xFF,0xFF,0xFF,0xFF,0xFF,0xFF,0xFF,
  0xFF,0xFF,0xDF,0xFF,0xFF,0xFF,0x15,0x9D,0x48,0x19,0xFF,0xFF,0xDF,0xFF,0xFF,0xFF,0xFF,0xFF,0xFF,0xFF,0xFF,0xFF,0xFF,0xFF,
  0xFF,0xFF,0xFF,0xFF,0xFF,0xFF,0xFF,0xFF,0xFF,0xFF,0xDF,0xEF,0x3B,0xB6,0x03,0x00,0x68,0x21,0xDF,0xFF,0x3B,0x2C,0x5A,0x03,
  0x7A,0x03,0x7A,0x03,0x7A,0x03,0x7A,0x03,0x9A,0x03,0xF5,0x01,0xFA,0x7C,0xFF,0xFF,0xDF,0xFF,0xFF,0xFF,0xFF,0xFF,0xFF,0xFF,
  0xFF,0xFF,0xB3,0xFC,0xE5,0xF8,0x0D,0xFB,0x96,0xFD,0x43,0xF8,0x9A,0xFE,0xFF,0xFF,0xFF,0xFF,0xFF,0xFF,0xFF,0xFF,0xFF,0xFF,
  0xFF,0xFF,0xFF,0xFF,0xFF,0xFF,0xFF,0xFF,0xFF,0xFF,0xFF,0xFF,0x1E,0xDF,0xFF,0xFF,0xFF,0xFF,0xFF,0xFF,0x5C,0xBE,0xD4,0x01,
  0x35,0x02,0x35,0x02,0xD3,0x01,0xFD,0xD6,0xFF,0xFF,0xFF,0xFF,0xFF,0xFF,0x3E,0xDF,0xDF,0xF7,0xFF,0xFF,0xFF,0xFF,0xFF,0xFF,
  0xFF,0xFF,0xFF,0xFF,0xFF,0xFF,0xFF,0xFF,0xFF,0xFF,0xFF,0xFF,0xFF,0xFF,0xDF,0xFF,0xFF,0xFF,0x76,0xFD,0x02,0xF8,0xF7,0xFD,
  0x0D,0xFB,0xC4,0xF8,0x51,0xFC,0xDF,0xFF,0xFF,0xFF,0xFF,0xFF,0xFF,0xFF,0xFF,0xFF,0xFF,0xFF,0xFF,0xFF,0xB8,0x4B,0x37,0x02,
  0x9B,0x03,0x7A,0x03,0x7A,0x03,0x7A,0x03,0x7A,0x03,0x7A,0x03,0xBA,0x13,0xDF,0xEF,0xAA,0x29,0xB1,0x6B,0xFF,0xFF,0xDF,0xFF,
  0xFF,0xFF,0xFF,0xFF,0xFF,0xFF,0xFF,0xFF,0xFF,0xFF,0xFF,0xFF,0xDF,0xFF,0xDF,0xFF,0xDF,0xFF,0xDF,0xFF,0xDF,0xFF,0xFF,0xFF,
  0xFF,0xFF,0xFF,0xFF,0xFF,0xFF,0xFF,0xFF,0xFF,0xFF,0xFF,0xFF,0xFF,0xFF,0xFF,0xFF,0xFF,0xFF,0xFF,0xFF,0xFF,0xFF,0xFF,0xFF,
  0xFF,0xFF,0xFF,0xFF,0xFF,0xFF,0xFF,0xFF,0xFF,0xFF,0xFF,0xFF,0xFF,0xFF,0xFF,0xFF,0xFF,0xFF,0xFF,0xFF,0xFF,0xFF,0xFF,0xFF,
  0xFF,0xFF,0xDF,0xFF,0xFF,0xFF,0x2B,0x3A,0x11,0x7C,0xFF,0xFF,0xDF,0xFF,0xFF,0xFF,0xFF,0xFF,0xFF,0xFF,0xFF,0xFF,0xFF,0xFF,
  0xFF,0xFF,0xFF,0xFF,0xFF,0xFF,0xFF,0xFF,0xFF,0xFF,0x9F,0xE7,0x7F,0xDF,0x6A,0x19,0x2F,0x63,0x9F,0xE7,0x5A,0x03,0x7A,0x03,
  0x7A,0x03,0x7A,0x03,0x7A,0x03,0x9A,0x03,0x39,0x03,0xF5,0x01,0xBD,0xC6,0xFF,0xFF,0xFF,0xFF,0xFF,0xFF,0xFF,0xFF,0xFF,0xFF,
  0xFF,0xFF,0x47,0xF9,0x4A,0xFA,0xFF,0xFF,0xFF,0xFF,0x87,0xF9,0x4E,0xFB,0xFF,0xFF,0xDF,0xFF,0xFF,0xFF,0xFF,0xFF,0xFF,0xFF,
  0xFF,0xFF,0xFF,0xFF,0xFF,0xFF,0xFF,0xFF,0xDF,0xFF,0x18,0x5C,0xD4,0x09,0x5C,0xBE,0x7E,0xE7,0xD9,0x7C,0xF6,0x2A,0x15,0x02,
  0x15,0x02,0x15,0x02,0x15,0x02,0x37,0x33,0x1A,0x8D,0x9F,0xEF,0x7D,0xC6,0x15,0x0A,0xD8,0x4B,0xDF,0xFF,0xFF,0xFF,0xFF,0xFF,
  0xFF,0xFF,0xFF,0xFF,0xFF,0xFF,0xFF,0xFF,0xFF,0xFF,0xFF,0xFF,0xFF,0xFF,0xFF,0xFF,0xFF,0xFF,0xE9,0xF9,0x2A,0xFA,0xFF,0xFF,
  0xFF,0xFF,0xEC,0xFA,0x26,0xF9,0xDF,0xFF,0xFF,0xFF,0xFF,0xFF,0xFF,0xFF,0xFF,0xFF,0xDF,0xFF,0xFF,0xFF,0x5B,0x8D,0xD5,0x01,
  0x9A,0x03,0x7A,0x03,0x7A,0x03,0x7A,0x03,0x7A,0x03,0x7A,0x03,0x3A,0x03,0x3F,0xC7,0xD1,0x73,0xAA,0x29,0xFF,0xFF,0xFF,0xFF,
  0xFF,0xFF,0xFF,0xFF,0xFF,0xFF,0xFF,0xFF,0xFF,0xFF,0xFF,0xFF,0xFF,0xFF,0xFF,0xFF,0xFF,0xFF,0xFF,0xFF,0xFF,0xFF,0xFF,0xFF,
  0xFF,0xFF,0xFF,0xFF,0xFF,0xFF,0xFF,0xFF,0xFF,0xFF,0xFF,0xFF,0xFF,0xFF,0xFF,0xFF,0xFF,0xFF,0xFF,0xFF,0xFF,0xFF,0xFF,0xFF,
  0xFF,0xFF,0xFF,0xFF,0xFF,0xFF,0xFF,0xFF,0xFF,0xFF,0xFF,0xFF,0xFF,0xFF,0xFF,0xFF,0xFF,0xFF,0xFF,0xFF,0xFF,0xFF,0xFF,0xFF,
  0xFF,0xFF,0xFF,0xFF,0xBF,0xF7,0x28,0x19,0x19,0xBE,0xFF,0xFF,0xDF,0xFF,0xFF,0xFF,0xFF,0xFF,0xFF,0xFF,0xFF,0xFF,0xFF,0xFF,
  0xFF,0xFF,0xFF,0xFF,0xFF,0xFF,0xFF,0xFF,0xFF,0xFF,0x7F,0xDF,0xDF,0xE7,0x6D,0x3A,0xD4,0x9C,0xBF,0xAE,0xF9,0x02,0x9A,0x03,
  0x7A,0x03,0x7A,0x03,0x7A,0x03,0x9B,0x03,0xB8,0x02,0xB6,0x22,0xDF,0xF7,0xFF,0xFF,0xFF,0xFF,0xFF,0xFF,0xFF,0xFF,0xDF,0xFF,
  0xFF,0xFF,0x96,0xFD,0x63,0xF8,0xDB,0xFE,0xFF,0xFF,0x14,0xFD,0x84,0xF8,0x7D,0xFF,0xFF,0xFF,0xFF,0xFF,0xFF,0xFF,0xFF,0xFF,
  0xFF,0xFF,0xFF,0xFF,0xFF,0xFF,0xFF,0xFF,0x19,0x5C,0x94,0x01,0xF5,0x01,0x35,0x0A,0x75,0x12,0xB4,0x01,0xD4,0x01,0x15,0x02,
  0x15,0x02,0x15,0x02,0x15,0x02,0xD4,0x01,0xB4,0x01,0xB6,0x1A,0x55,0x0A,0xF5,0x01,0xB4,0x01,0xF8,0x53,0xFF,0xFF,0xFF,0xFF,
  0xFF,0xFF,0xFF,0xFF,0xFF,0xFF,0xFF,0xFF,0xFF,0xFF,0xFF,0xFF,0xDF,0xFF,0xFF,0xFF,0xF8,0xFD,0x01,0xF8,0x18,0xFE,0xFF,0xFF,
  0x1C,0xFF,0xA4,0xF8,0x15,0xFD,0xFF,0xFF,0xDF,0xFF,0xFF,0xFF,0xFF,0xFF,0xFF,0xFF,0xFF,0xFF,0xFF,0xFF,0x9D,0xC6,0xF5,0x01,
  0x39,0x03,0x7A,0x03,0x7A,0x03,0x7A,0x03,0x7A,0x03,0x9A,0x03,0x1A,0x03,0x1E,0x86,0xD8,0xBD,0x66,0x00,0x7D,0xEF,0xFF,0xFF,
  0xFF,0xFF,0xFF,0xFF,0xFF,0xFF,0xFF,0xFF,0xFF,0xFF,0xFF,0xFF,0xFF,0xFF,0xFF,0xFF,0xFF,0xFF,0xFF,0xFF,0xFF,0xFF,0xFF,0xFF,
  0xFF,0xFF,0xFF,0xFF,0xFF,0xFF,0xFF,0xFF,0xFF,0xFF,0xFF,0xFF,0xFF,0xFF,0xFF,0xFF,0xFF,0xFF,0xFF,0xFF,0xFF,0xFF,0xFF,0xFF,
  0xFF,0xFF,0xFF,0xFF,0xFF,0xFF,0xFF,0xFF,0xFF,0xFF,0xFF,0xFF,0xFF,0xFF,0xFF,0xFF,0xFF,0xFF,0xFF,0xFF,0xFF,0xFF,0xFF,0xFF,
  0xFF,0xFF,0xFF,0xFF,0x3D,0xE7,0xE7,0x10,0xBB,0xD6,0xFF,0xFF,0xDF,0xFF,0xFF,0xFF,0xFF,0xFF,0xFF,0xFF,0xFF,0xFF,0xFF,0xFF,
  0xFF,0xFF,0xFF,0xFF,0xFF,0xFF,0xFF,0xFF,0xFF,0xFF,0x5F,0xDF,0xFF,0xE7,0xAD,0x4A,0xF7,0xC5,0x7E,0x6D,0x1A,0x03,0x9A,0x03,
  0x7A,0x03,0x7A,0x03,0x7A,0x03,0x9B,0x03,0x36,0x02,0xF8,0x53,0xFF,0xFF,0xFF,0xFF,0xFF,0xFF,0xFF,0xFF,0xFF,0xFF,0xFF,0xFF,
  0xDF,0xFF,0xDF,0xFF,0x05,0xF9,0xF0,0xFB,0xFF,0xFF,0x7E,0xFF,0xA4,0xF8,0x93,0xFC,0xFF,0xFF,0xDF,0xFF,0xFF,0xFF,0xFF,0xFF,
  0xFF,0xFF,0xFF,0xFF,0xFF,0xFF,0xFF,0xFF,0x9B,0x95,0x15,0x0A,0x35,0x02,0x15,0x02,0xF5,0x01,0xD4,0x01,0x15,0x02,0x35,0x02,
  0x15,0x02,0x15,0x02,0x15,0x02,0x14,0x02,0xF5,0x01,0x15,0x02,0x15,0x02,0x35,0x02,0x14,0x0A,0xBB,0x9D,0xFF,0xFF,0xFF,0xFF,
  0xFF,0xFF,0xFF,0xFF,0xFF,0xFF,0xFF,0xFF,0xFF,0xFF,0xFF,0xFF,0xFF,0xFF,0xFF,0xFF,0x6B,0xFA,0x67,0xF9,0xFF,0xFF,0xFF,0xFF,
  0xF0,0xFB,0xA4,0xF8,0xBE,0xFF,0xDF,0xFF,0xFF,0xFF,0xFF,0xFF,0xFF,0xFF,0xFF,0xFF,0xFF,0xFF,0xFF,0xFF,0x9F,0xEF,0x75,0x12,
  0xF8,0x02,0x9B,0x03,0x7A,0x03,0x7A,0x03,0x7A,0x03,0x7A,0x03,0x3A,0x03,0xDC,0x4C,0x3D,0xE7,0x45,0x00,0x19,0xBE,0xFF,0xFF,
  0xDF,0xFF,0xFF,0xFF,0xFF,0xFF,0xFF,0xFF,0xFF,0xFF,0xFF,0xFF,0xFF,0xFF,0xFF,0xFF,0xFF,0xFF,0xFF,0xFF,0xFF,0xFF,0xFF,0xFF,
  0xFF,0xFF,0xFF,0xFF,0xFF,0xFF,0xFF,0xFF,0xFF,0xFF,0xFF,0xFF,0xFF,0xFF,0xFF,0xFF,0xFF,0xFF,0xFF,0xFF,0xFF,0xFF,0xFF,0xFF,
  0xFF,0xFF,0xFF,0xFF,0xFF,0xFF,0xFF,0xFF,0xFF,0xFF,0xFF,0xFF,0xFF,0xFF,0xFF,0xFF,0xFF,0xFF,0xFF,0xFF,0xFF,0xFF,0xFF,0xFF,
  0xFF,0xFF,0xFF,0xFF,0x5D,0xEF,0x08,0x11,0x9B,0xD6,0xFF,0xFF,0xFF,0xFF,0xFF,0xFF,0xFF,0xFF,0xFF,0xFF,0xFF,0xFF,0xFF,0xFF,
  0xFF,0xFF,0xFF,0xFF,0xFF,0xFF,0xFF,0xFF,0xDF,0xF7,0x5F,0xD7,0x7F,0xD7,0x6C,0x42,0xFC,0xDE,0x9C,0x3C,0x3A,0x03,0x7A,0x03,
  0x7A,0x03,0x7A,0x03,0x7A,0x03,0x9A,0x03,0xD5,0x01,0x3A,0x8D,0xFF,0xFF,0xDF,0xFF,0xFF,0xFF,0xFF,0xFF,0xDF,0xFF,0xFF,0xFF,
  0xFF,0xFF,0xFF,0xFF,0x72,0xFC,0xE5,0xF8,0x9E,0xFF,0xFF,0xFF,0x6E,0xFB,0x67,0xF9,0xFF,0xFF,0xFF,0xFF,0xFF,0xFF,0xFF,0xFF,
  0xFF,0xFF,0xFF,0xFF,0xFF,0xFF,0xFF,0xFF,0xFF,0xFF,0x19,0x5C,0xD4,0x01,0x35,0x02,0xD4,0x01,0x38,0x64,0xBD,0xC6,0x96,0x12,
  0xF5,0x01,0xD4,0x01,0x36,0x33,0xDD,0xCE,0xD8,0x4B,0xD4,0x01,0x35,0x02,0xD5,0x01,0x59,0x64,0xFF,0xFF,0xFF,0xFF,0xFF,0xFF,
  0xFF,0xFF,0xFF,0xFF,0xFF,0xFF,0xFF,0xFF,0xFF,0xFF,0xDF,0xFF,0xFF,0xFF,0xBB,0xFE,0x02,0xF8,0x55,0xFD,0xFF,0xFF,0x7E,0xFF,
  0xE4,0xF8,0x72,0xFC,0xFF,0xFF,0xFF,0xFF,0xFF,0xFF,0xDF,0xFF,0xFF,0xFF,0xFF,0xFF,0xFF,0xFF,0xFF,0xFF,0xFF,0xFF,0x37,0x33,
  0x98,0x02,0x9B,0x03,0x7A,0x03,0x7A,0x03,0x7A,0x03,0x7A,0x03,0x5A,0x03,0xFB,0x23,0xBF,0xEF,0x28,0x19,0x94,0x8C,0xFF,0xFF,
  0xDF,0xFF,0xFF,0xFF,0xFF,0xFF,0xFF,0xFF,0xFF,0xFF,0xFF,0xFF,0xFF,0xFF,0xFF,0xFF,0xFF,0xFF,0xFF,0xFF,0xFF,0xFF,0xFF,0xFF,
  0xFF,0xFF,0xFF,0xFF,0xFF,0xFF,0xFF,0xFF,0xFF,0xFF,0xFF,0xFF,0xFF,0xFF,0xFF,0xFF,0xFF,0xFF,0xFF,0xFF,0xFF,0xFF,0xFF,0xFF,
  0xFF,0xFF,0xFF,0xFF,0xFF,0xFF,0xFF,0xFF,0xFF,0xFF,0xFF,0xFF,0xFF,0xFF,0xFF,0xFF,0xFF,0xFF,0xFF,0xFF,0xFF,0xFF,0xFF,0xFF,
  0xFF,0xFF,0xFF,0xFF,0xDF,0xFF,0x27,0x19,0x97,0xB5,0xFF,0xFF,0xDF,0xFF,0xFF,0xFF,0xFF,0xFF,0xFF,0xFF,0xFF,0xFF,0xFF,0xFF,
  0xFF,0xFF,0xFF,0xFF,0xFF,0xFF,0xFF,0xFF,0x7F,0xDF,0x9F,0xDF,0x7C,0xBE,0x2C,0x3A,0x9F,0xEF,0xBB,0x13,0x5A,0x03,0x7A,0x03,
  0x7A,0x03,0x7A,0x03,0x7A,0x03,0x5A,0x03,0xD5,0x01,0x3C,0xB6,0xFF,0xFF,0xDF,0xFF,0xDF,0xFF,0xFF,0xFF,0xFF,0xFF,0xFF,0xFF,
  0x59,0xFE,0x7A,0xFE,0x9E,0xFF,0x43,0xF8,0xF4,0xFC,0xFF,0xFF,0x9A,0xFE,0x22,0xF8,0x18,0xFE,0xFF,0xFF,0xDF,0xFF,0xFF,0xFF,
  0xFF,0xFF,0xFF,0xFF,0xFF,0xFF,0xFF,0xFF,0x1D,0xDF,0x55,0x12,0x15,0x02,0xF5,0x01,0x5B,0x8D,0xFF,0xFF,0xBF,0xF7,0x75,0x12,
  0x15,0x02,0xD5,0x01,0x57,0x33,0xFF,0xFF,0xFF,0xFF,0xB9,0x74,0xD5,0x01,0x15,0x02,0xB6,0x1A,0x7E,0xE7,0xFF,0xFF,0xFF,0xFF,
  0xFF,0xFF,0xFF,0xFF,0xFF,0xFF,0xFF,0xFF,0xFF,0xFF,0xDF,0xFF,0xFF,0xFF,0x2D,0xFB,0xE5,0xF8,0xBE,0xFF,0xFF,0xFF,0x93,0xFC,
  0xA4,0xF8,0xBE,0xFF,0x59,0xFE,0x79,0xFE,0xFF,0xFF,0xFF,0xFF,0xFF,0xFF,0xDF,0xFF,0xFF,0xFF,0xFF,0xFF,0xFF,0xFF,0xD8,0x53,
  0x36,0x02,0x9B,0x03,0x7A,0x03,0x7A,0x03,0x7A,0x03,0x7A,0x03,0x7A,0x03,0x7A,0x03,0xBF,0xE7,0x4C,0x42,0x2F,0x5B,0xFF,0xFF,
  0xDF,0xFF,0xFF,0xFF,0xFF,0xFF,0xFF,0xFF,0xFF,0xFF,0xFF,0xFF,0xFF,0xFF,0xFF,0xFF,0xFF,0xFF,0xFF,0xFF,0xFF,0xFF,0xFF,0xFF,
  0xFF,0xFF,0xFF,0xFF,0xFF,0xFF,0xFF,0xFF,0xFF,0xFF,0xFF,0xFF,0xFF,0xFF,0xFF,0xFF,0xFF,0xFF,0xFF,0xFF,0xFF,0xFF,0xFF,0xFF,
  0xFF,0xFF,0xFF,0xFF,0xFF,0xFF,0xFF,0xFF,0xFF,0xFF,0xFF,0xFF,0xFF,0xFF,0xFF,0xFF,0xFF,0xFF,0xFF,0xFF,0xFF,0xFF,0xFF,0xFF,
  0xFF,0xFF,0xDF,0xFF,0xFF,0xFF,0xAD,0x4A,0x90,0x6B,0xFF,0xFF,0xDF,0xFF,0xFF,0xFF,0xFF,0xFF,0xFF,0xFF,0xFF,0xFF,0xFF,0xFF,
  0xFF,0xFF,0xFF,0xFF,0xFF,0xFF,0xBF,0xEF,0x3F,0xCF,0xFF,0xE7,0xD2,0x63,0xAD,0x52,0x9F,0xE7,0x5A,0x03,0x7A,0x03,0x7A,0x03,
  0x7A,0x03,0x7A,0x03,0x9B,0x03,0x39,0x03,0x15,0x02,0xFE,0xD6,0xFF,0xFF,0xFF,0xFF,0xFF,0xFF,0x7D,0xFF,0xF4,0xFC,0x09,0xFA,
  0xA4,0xF8,0x22,0xF8,0xF8,0xFD,0xD0,0xFB,0x87,0xF9,0xFF,0xFF,0xFF,0xFF,0x09,0xFA,0xAC,0xFA,0xFF,0xFF,0xFF,0xFF,0xFF,0xFF,
  0xFF,0xFF,0xFF,0xFF,0xFF,0xFF,0xFF,0xFF,0xBA,0x74,0xB4,0x01,0xD4,0x01,0x59,0x64,0xFF,0xFF,0xFF,0xFF,0x7E,0xEF,0x75,0x12,
  0xF5,0x01,0xD4,0x01,0x36,0x33,0xFF,0xFF,0xFF,0xFF,0xFF,0xFF,0xB8,0x4B,0xF5,0x01,0xB4,0x01,0x3A,0x8D,0xFF,0xFF,0xFF,0xFF,
  0xFF,0xFF,0xFF,0xFF,0xFF,0xFF,0xFF,0xFF,0xFF,0xFF,0xFF,0xFF,0x3C,0xFF,0x22,0xF8,0x52,0xFC,0xFF,0xFF,0xBE,0xFF,0xC5,0xF8,
  0x31,0xFC,0x97,0xFD,0x02,0xF8,0xA4,0xF8,0x4A,0xFA,0x15,0xFD,0x9E,0xFF,0xFF,0xFF,0xFF,0xFF,0xDF,0xFF,0xFF,0xFF,0x79,0x6C,
  0x16,0x02,0x9B,0x03,0x7A,0x03,0x7A,0x03,0x7A,0x03,0x7A,0x03,0x7A,0x03,0x39,0x03,0x7F,0xD7,0x90,0x6B,0x0B,0x32,0xFF,0xFF,
  0xFF,0xFF,0xFF,0xFF,0xFF,0xFF,0xFF,0xFF,0xFF,0xFF,0xFF,0xFF,0xFF,0xFF,0xFF,0xFF,0xFF,0xFF,0xFF,0xFF,0xFF,0xFF,0xFF,0xFF,
  0xFF,0xFF,0xFF,0xFF,0xFF,0xFF,0xFF,0xFF,0xFF,0xFF,0xFF,0xFF,0xFF,0xFF,0xFF,0xFF,0xFF,0xFF,0xFF,0xFF,0xFF,0xFF,0xFF,0xFF,
  0xFF,0xFF,0xFF,0xFF,0xFF,0xFF,0xFF,0xFF,0xFF,0xFF,0xFF,0xFF,0xFF,0xFF,0xFF,0xFF,0xFF,0xFF,0xFF,0xFF,0xFF,0xFF,0xFF,0xFF,
  0xFF,0xFF,0xDF,0xFF,0xFF,0xFF,0xB7,0xB5,0xC6,0x08,0xBE,0xF7,0xFF,0xFF,0xFF,0xFF,0xFF,0xFF,0xFF,0xFF,0xFF,0xFF,0xFF,0xFF,
  0xFF,0xFF,0xFF,0xFF,0xBF,0xEF,0x3F,0xCF,0x9F,0xDF,0xFD,0xCE,0x66,0x00,0xF1,0x7B,0x3F,0xCF,0x19,0x03,0x7A,0x03,0x7A,0x03,
  0x7A,0x03,0x7A,0x03,0x9B,0x03,0xF9,0x02,0x55,0x12,0x7E,0xEF,0xFF,0xFF,0xFB,0xFE,0x10,0xFC,0x26,0xF9,0x42,0xF8,0x43,0xF8,
  0x63,0xF8,0x00,0xF8,0x76,0xFD,0x5D,0xFF,0x22,0xF8,0xF8,0xFD,0xFF,0xFF,0x15,0xFD,0x63,0xF8,0x3D,0xFF,0xFF,0xFF,0xFF,0xFF,
  0xFF,0xFF,0xFF,0xFF,0x9F,0xEF,0x1E,0xDF,0xF7,0x22,0xD5,0x01,0x34,0x0A,0x3E,0xDF,0xFF,0xFF,0xFF,0xFF,0x9E,0xEF,0x75,0x12,
  0x15,0x02,0xD4,0x01,0x36,0x33,0xFF,0xFF,0xDF,0xFF,0xFF,0xFF,0x9D,0xC6,0xF4,0x01,0xD4,0x01,0x57,0x33,0x5E,0xE7,0x9F,0xEF,
  0xFF,0xFF,0xFF,0xFF,0xFF,0xFF,0xFF,0xFF,0xDF,0xFF,0xFF,0xFF,0xF0,0xFB,0x63,0xF8,0x5D,0xFF,0xFF,0xFF,0x14,0xFD,0x22,0xF8,
  0x9E,0xFF,0x92,0xFC,0x00,0xF8,0x63,0xF8,0x43,0xF8,0x22,0xF8,0x47,0xF9,0x11,0xFC,0xFC,0xFE,0xFF,0xFF,0xFF,0xFF,0xFA,0x84,
  0xF6,0x01,0x9B,0x03,0x7A,0x03,0x7A,0x03,0x7A,0x03,0x7A,0x03,0x9A,0x03,0x1A,0x03,0xFF,0xB6,0x93,0x94,0x49,0x19,0xFF,0xFF,
  0xFF,0xFF,0xFF,0xFF,0xFF,0xFF,0xFF,0xFF,0xFF,0xFF,0xFF,0xFF,0xFF,0xFF,0xFF,0xFF,0xFF,0xFF,0xFF,0xFF,0xFF,0xFF,0xFF,0xFF,
  0xFF,0xFF,0xFF,0xFF,0xFF,0xFF,0xFF,0xFF,0xFF,0xFF,0xFF,0xFF,0xFF,0xFF,0xFF,0xFF,0xFF,0xFF,0xFF,0xFF,0xFF,0xFF,0xFF,0xFF,
  0xFF,0xFF,0xFF,0xFF,0xFF,0xFF,0xFF,0xFF,0xFF,0xFF,0xFF,0xFF,0xFF,0xFF,0xFF,0xFF,0xFF,0xFF,0xFF,0xFF,0xFF,0xFF,0xFF,0xFF,
  0xFF,0xFF,0xFF,0xFF,0xFF,0xFF,0xFF,0xFF,0xEB,0x31,0x0F,0x5B,0xFF,0xFF,0xDF,0xFF,0xFF,0xFF,0xFF,0xFF,0xFF,0xFF,0xFF,0xFF,
  0xDF,0xF7,0x7F,0xE7,0x3F,0xCF,0x9F,0xDF,0x7F,0xDF,0x2C,0x3A,0x03,0x00,0xD4,0x9C,0xDF,0xB6,0x19,0x03,0x9A,0x03,0x7A,0x03,
  0x7A,0x03,0x7A,0x03,0x9B,0x03,0xD8,0x02,0x95,0x1A,0xDF,0xF7,0x93,0xFC,0xA4,0xF8,0x43,0xF8,0x63,0xF8,0x22,0xF8,0x63,0xF8,
  0x6A,0xFA,0x76,0xFD,0x5D,0xFF,0xFF,0xFF,0x4A,0xFA,0xAB,0xFA,0xFF,0xFF,0x9E,0xFF,0xC4,0xF8,0x31,0xFC,0xFF,0xFF,0xDF,0xFF,
  0xFF,0xFF,0xFF,0xFF,0xB7,0x4B,0xF4,0x01,0x35,0x02,0xD5,0x01,0x57,0x33,0xFF,0xFF,0xFF,0xFF,0xFF,0xFF,0x9E,0xEF,0x75,0x12,
  0x15,0x02,0xD4,0x01,0x36,0x33,0xFF,0xFF,0xFF,0xFF,0xFF,0xFF,0xBF,0xF7,0xB6,0x1A,0xF5,0x01,0x35,0x02,0xF4,0x09,0x38,0x64,
  0xFF,0xFF,0xFF,0xFF,0xFF,0xFF,0xFF,0xFF,0xFF,0xFF,0xBE,0xFF,0xA4,0xF8,0x6E,0xFB,0xFF,0xFF,0xFF,0xFF,0x47,0xF9,0x6E,0xFB,
  0xFF,0xFF,0x3C,0xFF,0x14,0xFD,0x09,0xFA,0x42,0xF8,0x22,0xF8,0x63,0xF8,0x22,0xF8,0xC5,0xF8,0x8F,0xFB,0xBE,0xFF,0x5B,0x8D,
  0xF6,0x01,0x9B,0x03,0x7A,0x03,0x7A,0x03,0x7A,0x03,0x7A,0x03,0x9A,0x03,0x1A,0x03,0x9F,0xA6,0x76,0xAD,0xE8,0x08,0xDF,0xFF,
  0xFF,0xFF,0xFF,0xFF,0xFF,0xFF,0xFF,0xFF,0xFF,0xFF,0xFF,0xFF,0xFF,0xFF,0xFF,0xFF,0xFF,0xFF,0xFF,0xFF,0xDF,0xFF,0xDF,0xFF,
  0xDF,0xFF,0xFF,0xFF,0xFF,0xFF,0xFF,0xFF,0xFF,0xFF,0xFF,0xFF,0xFF,0xFF,0xFF,0xFF,0xFF,0xFF,0xFF,0xFF,0xFF,0xFF,0xFF,0xFF,
  0xFF,0xFF,0xFF,0xFF,0xFF,0xFF,0xFF,0xFF,0xFF,0xFF,0xFF,0xFF,0xFF,0xFF,0xFF,0xFF,0xFF,0xFF,0xFF,0xFF,0xFF,0xFF,0xFF,0xFF,
  0xFF,0xFF,0xFF,0xFF,0xFF,0xFF,0xFF,0xFF,0xFC,0xDE,0x85,0x08,0x91,0x6B,0xFF,0xFF,0xFF,0xFF,0xBF,0xEF,0x9F,0xEF,0x7F,0xDF,
  0x5F,0xD7,0x9F,0xDF,0xDF,0xE7,0x5A,0xBE,0xA9,0x31,0x4D,0x01,0xCA,0x00,0x14,0xAD,0x7F,0xA6,0x1A,0x03,0x9A,0x03,0x7A,0x03,
  0x7A,0x03,0x7A,0x03,0x9B,0x03,0xB8,0x02,0xD6,0x22,0x7E,0xFF,0xC4,0xF8,0x01,0xF8,0x22,0xF8,0x05,0xF9,0x8F,0xFB,0xF8,0xFD,
  0xF8,0xFD,0xAF,0xFB,0xE5,0xF8,0x2E,0xFB,0xD7,0xFD,0x83,0xF8,0xFC,0xFE,0xFF,0xFF,0x6F,0xFB,0x46,0xF9,0xFF,0xFF,0xFF,0xFF,
  0xFF,0xFF,0xFF,0xFF,0x37,0x33,0xD4,0x01,0x35,0x0A,0xB4,0x01,0xD8,0x4B,0xFF,0xFF,0xDF,0xFF,0xFF,0xFF,0x9E,0xEF,0x75,0x12,
  0x15,0x02,0xD4,0x01,0x36,0x33,0xFF,0xFF,0xFF,0xFF,0xFF,0xFF,0xFF,0xFF,0x37,0x33,0xD4,0x01,0x35,0x0A,0xB4,0x01,0xB8,0x4B,
  0xFF,0xFF,0xFF,0xFF,0xFF,0xFF,0xDF,0xFF,0xFF,0xFF,0xF4,0xFC,0x02,0xF8,0xBB,0xFE,0xFF,0xFF,0x76,0xFD,0x43,0xF8,0x59,0xFE,
  0x8B,0xFA,0x46,0xF9,0x11,0xFC,0x59,0xFE,0xD7,0xFD,0x0D,0xFB,0xA4,0xF8,0x02,0xF8,0x83,0xF8,0x00,0xF0,0x13,0xFD,0xFD,0x8D,
  0xD5,0x01,0x7A,0x03,0x7A,0x03,0x7A,0x03,0x7A,0x03,0x7A,0x03,0x9A,0x03,0x19,0x03,0x3E,0x96,0xF8,0xC5,0xA6,0x00,0x9E,0xF7,
  0xFF,0xFF,0xFF,0xFF,0xFF,0xFF,0xFF,0xFF,0xFF,0xFF,0xFF,0xFF,0xFF,0xFF,0xDF,0xFF,0xFF,0xFF,0xFF,0xFF,0xFF,0xFF,0xFF,0xFF,
  0xFF,0xFF,0xFF,0xFF,0xFF,0xFF,0xFF,0xFF,0xFF,0xFF,0xFF,0xFF,0xFF,0xFF,0xFF,0xFF,0xFF,0xFF,0xFF,0xFF,0xFF,0xFF,0xFF,0xFF,
  0xFF,0xFF,0xFF,0xFF,0xFF,0xFF,0xFF,0xFF,0xFF,0xFF,0xFF,0xFF,0xFF,0xFF,0xFF,0xFF,0xFF,0xFF,0xFF,0xFF,0xFF,0xFF,0xFF,0xFF,
  0xFF,0xFF,0xFF,0xFF,0xFF,0xFF,0xFF,0xFF,0xFF,0xFF,0xDB,0xD6,0x28,0x19,0x2B,0x3A,0x7A,0xC6,0xFF,0xEF,0xFF,0xEF,0xFF,0xEF,
  0xBF,0xDF,0x5A,0xBE,0x4F,0x63,0x2A,0x09,0x12,0x02,0xBC,0x03,0xAA,0x00,0x55,0xB5,0x5F,0x9E,0x1A,0x03,0x9A,0x03,0x7A,0x03,
  0x7A,0x03,0x7A,0x03,0x9B,0x03,0xB8,0x02,0xD6,0x2A,0xFF,0xFF,0x11,0xFC,0x4A,0xFA,0xF4,0xFC,0x79,0xFE,0x14,0xFD,0x2A,0xFA,
  0x63,0xF8,0x22,0xF8,0x22,0xF8,0x63,0xF8,0x3C,0xFF,0x67,0xF9,0xD0,0xFB,0xFF,0xFF,0x9A,0xFE,0x22,0xF8,0xF8,0xFD,0xFF,0xFF,
  0xDF,0xFF,0xFF,0xFF,0x37,0x33,0x94,0x01,0x36,0x02,0xD5,0x01,0x56,0x3B,0xFF,0xFF,0xFF,0xFF,0xFF,0xFF,0x7E,0xEF,0x75,0x12,
  0x15,0x02,0xD4,0x01,0x36,0x33,0xFF,0xFF,0xFF,0xFF,0xFF,0xFF,0xBF,0xF7,0xD6,0x22,0xF5,0x01,0x35,0x02,0x53,0x01,0x97,0x4B,
  0xFF,0xFF,0xDF,0xFF,0xFF,0xFF,0xFF,0xFF,0xFF,0xFF,0x67,0xF9,0x6B,0xFA,0xFF,0xFF,0xFF,0xFF,0x88,0xF9,0x0D,0xFB,0x7A,0xFE,
  0x00,0xF8,0x43,0xF8,0x22,0xF8,0x83,0xF8,0xCC,0xFA,0xB7,0xFD,0x59,0xFE,0x31,0xFC,0x67,0xF9,0x64,0xF8,0x79,0xFE,0xBC,0x8D,
  0xD5,0x01,0x7A,0x03,0x7A,0x03,0x7A,0x03,0x7A,0x03,0x7A,0x03,0x9A,0x03,0x19,0x03,0xFE,0x8D,0x59,0xCE,0xA6,0x00,0x5D,0xEF,
  0xFF,0xFF,0xFF,0xFF,0xFF,0xFF,0xFF,0xFF,0xFF,0xFF,0xFF,0xFF,0xFF,0xFF,0xFF,0xFF,0xBF,0xF7,0x5D,0xB6,0x1A,0x85,0xDA,0x7C,
  0x7B,0x95,0x9D,0xC6,0xDF,0xFF,0xFF,0xFF,0xFF,0xFF,0xFF,0xFF,0xFF,0xFF,0xFF,0xFF,0xFF,0xFF,0xFF,0xFF,0xFF,0xFF,0xFF,0xFF,
  0xFF,0xFF,0xFF,0xFF,0xFF,0xFF,0xFF,0xFF,0xFF,0xFF,0xFF,0xFF,0xFF,0xFF,0xFF,0xFF,0xFF,0xFF,0xFF,0xFF,0xFF,0xFF,0xFF,0xFF,
  0xFF,0xFF,0xFF,0xFF,0xFF,0xFF,0xFF,0xFF,0xDF,0xFF,0xFF,0xFF,0x9E,0xF7,0xED,0x52,0x85,0x08,0xCA,0x29,0x4F,0x5B,0x90,0x63,
  0x0A,0x32,0x4B,0x01,0xF1,0x01,0x7A,0x03,0xBC,0x03,0x9B,0x03,0xA9,0x00,0x75,0xB5,0x5F,0x9E,0x1A,0x03,0x9A,0x03,0x7A,0x03,
  0x7A,0x03,0x7A,0x03,0x9B,0x03,0xB8,0x02,0xD6,0x22,0xDF,0xFF,0xFF,0xFF,0xDB,0xFE,0x31,0xFC,0x67,0xF9,0x22,0xF8,0x43,0xF8,
  0x43,0xF8,0x42,0xF8,0x05,0xF9,0xF4,0xFC,0xFF,0xFF,0xB3,0xFC,0x25,0xF9,0xBE,0xFF,0xFF,0xFF,0xC8,0xF9,0xAC,0xFA,0xFF,0xFF,
  0xDF,0xFF,0xFF,0xFF,0xDD,0xCE,0x1C,0xAE,0xB6,0x1A,0xD4,0x01,0x55,0x0A,0x7E,0xE7,0xFF,0xFF,0xFF,0xFF,0x9E,0xEF,0x75,0x12,
  0xF5,0x01,0xD4,0x01,0x36,0x33,0xFF,0xFF,0xDF,0xFF,0xFF,0xFF,0xBD,0xCE,0xF4,0x01,0xF5,0x01,0xF6,0x2A,0x1C,0xB6,0xDD,0xD6,
  0xFF,0xFF,0xFF,0xFF,0xDF,0xFF,0xFF,0xFF,0xF8,0xFD,0x01,0xF8,0xD7,0xFD,0xFF,0xFF,0x18,0xFE,0x22,0xF8,0xBB,0xFE,0xFF,0xFF,
  0x52,0xFC,0x05,0xF9,0x22,0xF8,0x42,0xF8,0x22,0xF8,0x22,0xF8,0xE9,0xF9,0xF4,0xFC,0x7A,0xFE,0x5D,0xFF,0xFF,0xFF,0xFA,0x84,
  0xD5,0x01,0x9B,0x03,0x7A,0x03,0x7A,0x03,0x7A,0x03,0x7A,0x03,0x9A,0x03,0x19,0x03,0xFE,0x85,0x59,0xCE,0xA6,0x00,0x5D,0xEF,
  0xFF,0xFF,0xFF,0xFF,0xFF,0xFF,0xFF,0xFF,0xFF,0xFF,0xFF,0xFF,0xFF,0xFF,0x7B,0x9D,0x35,0x12,0xF5,0x01,0x54,0x12,0x96,0x1A,
  0x35,0x0A,0x93,0x01,0x96,0x1A,0xBC,0x9D,0xFF,0xFF,0xFF,0xFF,0xFF,0xFF,0xFF,0xFF,0xFF,0xFF,0xFF,0xFF,0xFF,0xFF,0xFF,0xFF,
  0xFF,0xFF,0xFF,0xFF,0xFF,0xFF,0xFF,0xFF,0xFF,0xFF,0xFF,0xFF,0xFF,0xFF,0xFF,0xFF,0xFF,0xFF,0xFF,0xFF,0xFF,0xFF,0xFF,0xFF,
  0xDF,0xFF,0xFF,0xFF,0xFF,0xFF,0xDF,0xFF,0xFF,0xFF,0xFF,0xFF,0xFF,0xFF,0xFF,0xFF,0xDB,0xDE,0xD5,0x94,0x07,0x19,0x69,0x00,
  0x54,0x02,0x7A,0x03,0xDC,0x03,0x7A,0x03,0x7A,0x03,0xBB,0x03,0xAA,0x00,0x55,0xB5,0x5F,0x9E,0x1A,0x03,0x9A,0x03,0x7A,0x03,
  0x7A,0x03,0x7A,0x03,0x9B,0x03,0xD8,0x02,0x95,0x1A,0xDF,0xEF,0xB3,0xFC,0x63,0xF8,0x02,0xF8,0x63,0xF8,0x42,0xF8,0x63,0xF8,
  0xE9,0xF9,0xF4,0xFC,0x9A,0xFE,0xF4,0xFC,0xD0,0xFB,0x1C,0xFF,0xA4,0xF8,0x35,0xFD,0xFF,0xFF,0xD3,0xFC,0x63,0xF8,0x7D,0xFF,
  0xFF,0xFF,0xFF,0xFF,0xFF,0xFF,0xFF,0xFF,0x18,0x5C,0xB4,0x01,0xD5,0x01,0xFA,0x7C,0xFF,0xFF,0xFF,0xFF,0x7E,0xEF,0x76,0x12,
  0xF5,0x01,0xD4,0x01,0x37,0x33,0xFF,0xFF,0xDF,0xFF,0xFF,0xFF,0x19,0x5C,0xD5,0x01,0x94,0x01,0xD9,0x7C,0xFF,0xFF,0xFF,0xFF,
  0xFF,0xFF,0xFF,0xFF,0xFF,0xFF,0xFF,0xFF,0x8B,0xFA,0x67,0xF9,0xDF,0xFF,0xFF,0xFF,0x6B,0xFA,0x8B,0xFA,0xFC,0xFE,0x0D,0xFB,
  0x15,0xFD,0x9A,0xFE,0xF4,0xFC,0xE9,0xF9,0x22,0xF8,0x22,0xF8,0x43,0xF8,0x02,0xF8,0xE5,0xF8,0x72,0xFC,0xFF,0xFF,0x99,0x74,
  0xF5,0x01,0x9B,0x03,0x7A,0x03,0x7A,0x03,0x7A,0x03,0x7A,0x03,0x9A,0x03,0x19,0x03,0x1E,0x8E,0x39,0xCE,0xA6,0x00,0x7D,0xEF,
  0xFF,0xFF,0xFF,0xFF,0xFF,0xFF,0xFF,0xFF,0xDF,0xF7,0xFF,0xFF,0x99,0x74,0x73,0x01,0xDA,0x7C,0x1E,0xDF,0xDF,0xFF,0xFF,0xFF,
  0x9E,0xF7,0x9D,0xC6,0x39,0x5C,0x74,0x01,0x38,0x64,0xFF,0xFF,0xFF,0xFF,0xFF,0xFF,0xFF,0xFF,0xFF,0xFF,0xFF,0xFF,0xFF,0xFF,
  0xFF,0xFF,0xFF,0xFF,0xFF,0xFF,0xFF,0xFF,0xFF,0xFF,0xFF,0xFF,0xFF,0xFF,0xFF,0xFF,0xFF,0xFF,0xFF,0xFF,0xFF,0xFF,0xFF,0xFF,
  0xFF,0xFF,0xFF,0xFF,0xFF,0xFF,0xFF,0xFF,0xFF,0xFF,0xFF,0xFF,0xFF,0xFF,0xDF,0xFF,0xFF,0xFF,0xFF,0xFF,0xF4,0xA4,0xC9,0x00,
  0xFD,0x03,0x7A,0x03,0x7A,0x03,0x7A,0x03,0x7A,0x03,0xDC,0x03,0xEB,0x00,0x14,0xAD,0x9F,0xA6,0x1A,0x03,0x9A,0x03,0x7A,0x03,
  0x7A,0x03,0x7A,0x03,0x9B,0x03,0xF8,0x02,0x75,0x0A,0x3E,0xE7,0x05,0xF9,0x01,0xF0,0x22,0xF8,0xA4,0xF8,0x0D,0xFB,0xD7,0xFD,
  0x59,0xFE,0xD0,0xFB,0x06,0xF9,0x43,0xF8,0x00,0xF8,0x52,0xFC,0xAF,0xFB,0xC8,0xF9,0xFF,0xFF,0x7D,0xFF,0xA4,0xF8,0xD4,0xFC,
  0xFF,0xFF,0xDF,0xFF,0xDF,0xFF,0xFF,0xFF,0x9D,0xC6,0x35,0x0A,0x15,0x02,0xF4,0x01,0xDB,0xA5,0xFF,0xFF,0x9E,0xEF,0x55,0x12,
  0x15,0x02,0xD4,0x01,0x36,0x33,0xFF,0xFF,0xFF,0xFF,0x3A,0x8D,0xD5,0x01,0x15,0x02,0x96,0x12,0x3E,0xDF,0xFF,0xFF,0xDF,0xFF,
  0xFF,0xFF,0xFF,0xFF,0xFF,0xFF,0x1C,0xFF,0x22,0xF8,0xB3,0xFC,0xFF,0xFF,0x9A,0xFE,0x02,0xF8,0x39,0xFE,0x2A,0xFA,0x00,0xF0,
  0x02,0xF8,0x26,0xF9,0x11,0xFC,0x59,0xFE,0xD7,0xFD,0x0D,0xFB,0x84,0xF8,0x22,0xF8,0x42,0xF8,0x01,0xF0,0xFB,0xFE,0x9A,0x64,
  0x16,0x02,0x9B,0x03,0x7A,0x03,0x7A,0x03,0x7A,0x03,0x7A,0x03,0x9B,0x03,0x19,0x03,0x5E,0x9E,0xD8,0xBD,0xA6,0x00,0x9E,0xF7,
  0xFF,0xFF,0xDF,0xFF,0xFF,0xFF,0xFF,0xFF,0xFF,0xFF,0xFC,0xAD,0xB4,0x01,0x7C,0xBE,0xFF,0xFF,0xFF,0xFF,0xFF,0xFF,0xFF,0xFF,
  0xFF,0xFF,0xFF,0xFF,0xFF,0xFF,0xBB,0xA5,0x53,0x01,0x7B,0x95,0xFF,0xFF,0xDF,0xFF,0xFF,0xFF,0xFF,0xFF,0xFF,0xFF,0xFF,0xFF,
  0xFF,0xFF,0xFF,0xFF,0xFF,0xFF,0xFF,0xFF,0xFF,0xFF,0xFF,0xFF,0xFF,0xFF,0xFF,0xFF,0xFF,0xFF,0xFF,0xFF,0xFF,0xFF,0x3E,0xDF,
  0x59,0x64,0x37,0x33,0x77,0x3B,0x5A,0x95,0xFF,0xFF,0xFF,0xFF,0xFF,0xFF,0xFF,0xFF,0xFF,0xFF,0xDF,0xFF,0x9E,0xF7,0x27,0x19,
  0x94,0x02,0xBC,0x03,0x7A,0x03,0x7A,0x03,0x7A,0x03,0xDC,0x03,0x0C,0x01,0xB3,0x9C,0xFF,0xB6,0x1A,0x03,0x9A,0x03,0x7A,0x03,
  0x7A,0x03,0x7A,0x03,0x9B,0x03,0x39,0x03,0xD4,0x01,0x1E,0xCF,0x14,0xFD,0xA7,0xF9,0x52,0xFC,0x79,0xFE,0x96,0xFD,0xAB,0xFA,
  0x84,0xF8,0x22,0xF8,0x43,0xF8,0x22,0xF8,0x62,0xF8,0xF8,0xFD,0x1C,0xFF,0x02,0xF8,0x9A,0xFE,0xFF,0xFF,0xCC,0xFA,0xC8,0xF9,
  0xFF,0xFF,0xFF,0xFF,0xFF,0xFF,0xFF,0xFF,0xBF,0xF7,0xB7,0x1A,0xF5,0x01,0x14,0x02,0xF4,0x01,0x1A,0x85,0xFD,0xDE,0x55,0x12,
  0x15,0x02,0xD4,0x01,0x16,0x33,0x5E,0xE7,0x79,0x6C,0xB4,0x01,0x15,0x02,0xF5,0x01,0x57,0x33,0xFF,0xFF,0xFF,0xFF,0xFF,0xFF,
  0xFF,0xFF,0xDF,0xFF,0xFF,0xFF,0xD0,0xFB,0xA4,0xF8,0x7D,0xFF,0xFF,0xFF,0x2D,0xFB,0x67,0xF9,0xFF,0xFF,0x72,0xFC,0x02,0xF8,
  0x02,0xF8,0x63,0xF8,0x02,0xF8,0x84,0xF8,0xEC,0xFA,0xB7,0xFD,0x7A,0xFE,0x51,0xFC,0x46,0xF9,0x0D,0xFB,0xDF,0xFF,0x77,0x3B,
  0x77,0x02,0xBB,0x03,0x7A,0x03,0x7A,0x03,0x7A,0x03,0x7A,0x03,0x9B,0x03,0x1A,0x03,0xBF,0xAE,0x36,0xAD,0xE7,0x08,0xDF,0xFF,
  0xFF,0xFF,0xFF,0xFF,0xFF,0xFF,0xBD,0xCE,0x3C,0xB6,0xD6,0x22,0x78,0x6C,0xFF,0xFF,0xDF,0xF7,0xFF,0xFF,0xFF,0xFF,0xFF,0xFF,
  0xFF,0xFF,0xFF,0xFF,0xDF,0xFF,0xFF,0xFF,0x7A,0x64,0x97,0x12,0xDF,0xFF,0xFF,0xFF,0xFF,0xFF,0xFF,0xFF,0xFF,0xFF,0xFF,0xFF,
  0xFF,0xFF,0xFF,0xFF,0xFF,0xFF,0xFF,0xFF,0xFF,0xFF,0xFF,0xFF,0xFF,0xFF,0xFF,0xFF,0xFF,0xFF,0xFF,0xFF,0x1E,0xDF,0x35,0x12,
  0xD5,0x2A,0x1A,0x7D,0x59,0x64,0xF4,0x09,0xD8,0x4B,0xDF,0xFF,0xFF,0xFF,0xFF,0xFF,0xFF,0xFF,0xDF,0xFF,0xFF,0xFF,0xB4,0x94,
  0xCA,0x00,0xBB,0x03,0x7A,0x03,0x7A,0x03,0x7A,0x03,0xBC,0x03,0x4E,0x01,0xF1,0x83,0x5F,0xCF,0x3A,0x03,0x7A,0x03,0x7A,0x03,
  0x7A,0x03,0x7A,0x03,0x7A,0x03,0x7A,0x03,0xD5,0x01,0xFC,0xAD,0xFF,0xFF,0xBE,0xFF,0xF4,0xFC,0xA8,0xF9,0x42,0xF8,0x43,0xF8,
  0x43,0xF8,0x02,0xF8,0x05,0xF9,0x6F,0xFB,0x59,0xFE,0x9A,0xFE,0xDF,0xFF,0x4A,0xFA,0x8E,0xFB,0xFF,0xFF,0xF8,0xFD,0x63,0xF8,
  0xDB,0xFE,0xFF,0xFF,0xFF,0xFF,0xBF,0xF7,0x58,0x33,0xD5,0x01,0x15,0x02,0xD4,0x01,0x15,0x02,0xD4,0x01,0x55,0x12,0x35,0x02,
  0x15,0x02,0x15,0x02,0x55,0x0A,0x55,0x0A,0xD5,0x01,0x15,0x02,0xF5,0x01,0x35,0x02,0xD5,0x01,0xF9,0x53,0xFF,0xFF,0xFF,0xFF,
  0xFF,0xFF,0xFF,0xFF,0xBE,0xFF,0xC4,0xF8,0x8F,0xFB,0xFF,0xFF,0x1C,0xFF,0x63,0xF8,0xD7,0xFD,0xFB,0xFE,0x38,0xFE,0x18,0xFE,
  0x8F,0xFB,0xE5,0xF8,0x02,0xF8,0x43,0xF8,0x22,0xF8,0x22,0xF8,0xE9,0xF9,0xF4,0xFC,0x5D,0xFF,0xFF,0xFF,0xBF,0xF7,0xB6,0x1A,
  0xD8,0x02,0x9B,0x03,0x7A,0x03,0x7A,0x03,0x7A,0x03,0x7A,0x03,0x9A,0x03,0x3A,0x03,0x3F,0xC7,0x72,0x8C,0x48,0x19,0xFF,0xFF,
  0xFF,0xFF,0x9D,0xC6,0xF6,0x2A,0x15,0x02,0x74,0x12,0x14,0x0A,0x9D,0xC6,0xFF,0xFF,0xFF,0xFF,0xFF,0xFF,0xFF,0xFF,0xFF,0xFF,
  0xFF,0xFF,0xFF,0xFF,0xDF,0xFF,0xFF,0xFF,0x9D,0xC6,0xD4,0x01,0xDD,0xCE,0xFF,0xFF,0xFF,0xFF,0xFF,0xFF,0xFF,0xFF,0xFF,0xFF,
  0xFF,0xFF,0xFF,0xFF,0xFF,0xFF,0xFF,0xFF,0xFF,0xFF,0xFF,0xFF,0xFF,0xFF,0xFF,0xFF,0xDF,0xF7,0xFF,0xFF,0x77,0x3B,0x98,0x43,
  0xFF,0xFF,0xFF,0xFF,0xFF,0xFF,0x7F,0xE7,0xB6,0x1A,0xF8,0x53,0xFF,0xFF,0xFF,0xFF,0xFF,0xFF,0xFF,0xFF,0xFF,0xFF,0xDF,0xFF,
  0x89,0x29,0xF1,0x01,0xDC,0x03,0x7A,0x03,0x7A,0x03,0xDC,0x03,0xD1,0x01,0xEE,0x62,0x9F,0xE7,0x5A,0x03,0x7A,0x03,0x7A,0x03,
  0x7A,0x03,0x7A,0x03,0x7A,0x03,0x9A,0x03,0xF6,0x01,0xFA,0x84,0xFF,0xFF,0x8B,0xF2,0x01,0xF8,0x63,0xF8,0x42,0xF8,0x22,0xF8,
  0xC8,0xF9,0x72,0xFC,0x39,0xFE,0x35,0xFD,0x2A,0xFA,0x22,0xF8,0x0D,0xFB,0x76,0xFD,0xA4,0xF8,0x7D,0xFF,0xFF,0xFF,0x46,0xF9,
  0xD0,0xFB,0xFF,0xFF,0xDF,0xFF,0xDF,0xFF,0x38,0x5C,0x93,0x01,0xD5,0x01,0x57,0x33,0x35,0x02,0xB4,0x01,0xF4,0x01,0x15,0x02,
  0x15,0x02,0x15,0x02,0x15,0x02,0xD4,0x01,0xB4,0x01,0x76,0x0A,0x17,0x2B,0xB5,0x01,0x93,0x01,0xDA,0x7C,0xFF,0xFF,0xFF,0xFF,
  0xDF,0xFF,0xFF,0xFF,0x55,0xFD,0x22,0xF8,0xBA,0xFE,0xFF,0xFF,0xD0,0xFB,0x46,0xF9,0x9A,0xFE,0xC4,0xF8,0x22,0xF8,0x2A,0xFA,
  0x35,0xFD,0x59,0xFE,0x92,0xFC,0x88,0xF9,0x22,0xF8,0x42,0xF8,0x43,0xF8,0x02,0xF8,0xE9,0xF9,0x7D,0xFF,0x1E,0xD7,0x15,0x02,
  0x39,0x03,0x9B,0x03,0x7A,0x03,0x7A,0x03,0x7A,0x03,0x7A,0x03,0x7A,0x03,0x5A,0x03,0xBF,0xE7,0x90,0x6B,0x0B,0x32,0xFF,0xFF,
  0x5C,0xBE,0xD5,0x01,0xB7,0x4B,0xFE,0xD6,0xBF,0xF7,0x5E,0xE7,0xDF,0xFF,0xFF,0xFF,0xFF,0xFF,0xFF,0xFF,0xFF,0xFF,0xFF,0xFF,
  0xFF,0xFF,0xFF,0xFF,0xFF,0xFF,0xFF,0xFF,0xDD,0xD6,0x14,0x02,0x5E,0xE7,0xFF,0xFF,0xDF,0xFF,0xFF,0xFF,0xFF,0xFF,0xFF,0xFF,
  0xFF,0xFF,0xFF,0xFF,0xFF,0xFF,0xFF,0xFF,0xFF,0xFF,0xFF,0xFF,0xDF,0xFF,0xFF,0xFF,0xFF,0xFF,0xDF,0xFF,0x34,0x0A,0xBD,0xC6,
  0xFF,0xFF,0xDF,0xF7,0xDF,0xF7,0xFF,0xFF,0x9D,0xC6,0xB3,0x01,0xFD,0xD6,0xFF,0xFF,0xFF,0xFF,0xFF,0xFF,0xDF,0xFF,0xFF,0xFF,
  0xF8,0xBD,0x25,0x00,0x38,0x03,0x9B,0x03,0x7A,0x03,0xBC,0x03,0x54,0x02,0x0B,0x3A,0xDF,0xF7,0xDA,0x13,0x5A,0x03,0x7A,0x03,
  0x7A,0x03,0x7A,0x03,0x7A,0x03,0x9B,0x03,0x36,0x02,0xD8,0x4B,0xFF,0xFF,0x26,0xF9,0x01,0xF8,0x84,0xF8,0xAB,0xFA,0x55,0xFD,
  0xF8,0xFD,0x31,0xFC,0x46,0xF9,0x02,0xF8,0x63,0xF8,0x02,0xF8,0xE5,0xF8,0x5D,0xFF,0x25,0xF9,0xB3,0xFC,0xFF,0xFF,0xD0,0xFB,
  0x46,0xF9,0xFF,0xFF,0xFF,0xFF,0xFF,0xFF,0xFF,0xFF,0x59,0x64,0x79,0x64,0xFF,0xFF,0xBD,0xCE,0x38,0x64,0x96,0x1A,0x35,0x02,
  0x15,0x02,0x15,0x02,0x35,0x02,0xD5,0x22,0x79,0x6C,0x1E,0xDF,0xDF,0xF7,0xD8,0x53,0x1A,0x85,0xFF,0xFF,0xFF,0xFF,0xFF,0xFF,
  0xFF,0xFF,0xFF,0xFF,0xE9,0xF9,0x4A,0xFA,0xFF,0xFF,0x9E,0xFF,0xC4,0xF8,0x35,0xFD,0x39,0xFE,0x00,0xF8,0x63,0xF8,0x43,0xF8,
  0x02,0xF8,0x47,0xF9,0x31,0xFC,0x59,0xFE,0x76,0xFD,0x6B,0xFA,0x63,0xF8,0x22,0xF8,0x02,0xF8,0x1B,0xFF,0xFC,0x9D,0xD5,0x01,
  0x7A,0x03,0x7B,0x03,0x7A,0x03,0x7A,0x03,0x7A,0x03,0x7A,0x03,0x7A,0x03,0xBA,0x0B,0xFF,0xF7,0x6C,0x42,0x2F,0x5B,0xFF,0xFF,
  0x34,0x12,0xF8,0x53,0xFF,0xFF,0xFF,0xFF,0xFF,0xFF,0xFF,0xFF,0xFF,0xFF,0xFF,0xFF,0xFF,0xFF,0xFF,0xFF,0xFF,0xFF,0xFF,0xFF,
  0xFF,0xFF,0xFF,0xFF,0xDF,0xFF,0xFF,0xFF,0xFA,0x7C,0x94,0x01,0x7B,0x8D,0xBF,0xF7,0xFF,0xFF,0xFF,0xFF,0xFF,0xFF,0xFF,0xFF,
  0xFF,0xFF,0xFF,0xFF,0xFF,0xFF,0xFF,0xFF,0xFF,0xFF,0xFF,0xFF,0xFF,0xFF,0x7E,0xEF,0x7D,0xBE,0x5B,0x8D,0x55,0x0A,0x3E,0xDF,
  0xFF,0xFF,0xFF,0xFF,0xFF,0xFF,0xFF,0xFF,0xBF,0xF7,0x54,0x0A,0xBD,0xCE,0xFF,0xFF,0xDF,0xFF,0xFF,0xFF,0xFF,0xFF,0xDF,0xFF,
  0xFF,0xFF,0xD1,0x73,0x68,0x00,0x9B,0x03,0x7A,0x03,0x9B,0x03,0xF7,0x02,0x29,0x11,0x9E,0xF7,0x7B,0x3C,0x3A,0x03,0x7A,0x03,
  0x7A,0x03,0x7A,0x03,0x7A,0x03,0x9B,0x03,0xD8,0x02,0x75,0x12,0xBF,0xF7,0x59,0xFE,0xF0,0xFB,0x39,0xFE,0x96,0xFD,0xEC,0xFA,
  0x83,0xF8,0x02,0xF8,0x83,0xF8,0xA4,0xF8,0x42,0xF8,0xA8,0xF9,0xB7,0xFD,0xFF,0xFF,0xAF,0xFB,0x67,0xF9,0xFF,0xFF,0xDB,0xFE,
  0x63,0xF8,0x39,0xFE,0xFF,0xFF,0xDF,0xFF,0xDF,0xFF,0xFF,0xFF,0xFF,0xFF,0xDF,0xFF,0xFF,0xFF,0xFF,0xFF,0x1E,0xDF,0x14,0x0A,
  0xF5,0x01,0xB4,0x01,0xD5,0x2A,0xDF,0xFF,0xFF,0xFF,0xFF,0xFF,0xDF,0xFF,0xFF,0xFF,0xFF,0xFF,0xDF,0xFF,0xDF,0xFF,0xDF,0xFF,
  0xFF,0xFF,0xBB,0xFE,0x02,0xF8,0x76,0xFD,0xFF,0xFF,0xD3,0xFC,0x84,0xF8,0x9E,0xFF,0xFF,0xFF,0xB3,0xFC,0x26,0xF9,0x42,0xF8,
  0xA4,0xF8,0x63,0xF8,0x01,0xF8,0xA4,0xF8,0x2E,0xFB,0xF8,0xFD,0x38,0xFE,0x4E,0xFB,0x35,0xFD,0xFF,0xFF,0xF8,0x5B,0x16,0x02,
  0x9B,0x03,0x7A,0x03,0x7A,0x03,0x7A,0x03,0x7A,0x03,0x9A,0x03,0x5A,0x03,0x3B,0x2C,0xFF,0xFF,0x28,0x19,0xB3,0x94,0xDE,0xCE,
  0xD4,0x01,0x3E,0xDF,0xFF,0xFF,0xDF,0xFF,0xFF,0xFF,0xFF,0xFF,0xFF,0xFF,0xFF,0xFF,0xFF,0xFF,0xFF,0xFF,0xFF,0xFF,0xFF,0xFF,
  0xFF,0xFF,0xFF,0xFF,0xFF,0xFF,0xFF,0xFF,0x79,0x6C,0xD8,0x4B,0x55,0x0A,0x96,0x1A,0xFD,0xD6,0xFF,0xFF,0xFF,0xFF,0xFF,0xFF,
  0xFF,0xFF,0xFF,0xFF,0xFF,0xFF,0xFF,0xFF,0xFF,0xFF,0xBF,0xEF,0x39,0x64,0x35,0x0A,0x76,0x12,0xB6,0x1A,0xB6,0x1A,0x5E,0xE7,
  0xFF,0xFF,0xFF,0xFF,0xDF,0xFF,0xFF,0xFF,0x1C,0xB6,0xB4,0x01,0xDA,0x74,0xDD,0xCE,0xFF,0xFF,0xFF,0xFF,0xFF,0xFF,0xFF,0xFF,
  0xDF,0xFF,0xFF,0xFF,0x4B,0x4A,0xEB,0x00,0xDC,0x03,0x7A,0x03,0x7A,0x03,0xA9,0x00,0xBA,0xDE,0x7D,0x6D,0x1A,0x03,0x9A,0x03,
  0x7A,0x03,0x7A,0x03,0x7A,0x03,0x9B,0x03,0x5A,0x03,0xF5,0x01,0x7D,0xBE,0xFF,0xFF,0xDF,0xFF,0x8B,0xFA,0x02,0xF8,0x22,0xF8,
  0xA4,0xF8,0xA4,0xF8,0x84,0xF8,0x05,0xF9,0x15,0xFD,0xFF,0xFF,0xFF,0xFF,0xFF,0xFF,0xDB,0xFE,0x83,0xF8,0x59,0xFE,0xFF,0xFF,
  0x09,0xFA,0x4E,0xFB,0xFF,0xFF,0xFF,0xFF,0xFF,0xFF,0xFF,0xFF,0xFF,0xFF,0xFF,0xFF,0xFF,0xFF,0xFF,0xFF,0xBF,0xF7,0x16,0x33,
  0x95,0x1A,0x75,0x1A,0xD7,0x53,0xFF,0xFF,0xFF,0xFF,0xFF,0xFF,0xFF,0xFF,0xFF,0xFF,0xFF,0xFF,0xFF,0xFF,0xFF,0xFF,0xFF,0xFF,
  0xFF,0xFF,0x8F,0xFB,0x46,0xF9,0xDF,0xFF,0xDF,0xFF,0x46,0xF9,0xAF,0xFB,0xFF,0xFF,0xFF,0xFF,0xFF,0xFF,0xFF,0xFF,0x52,0xFC,
  0xA4,0xF8,0x84,0xF8,0xC4,0xF8,0x84,0xF8,0x02,0xF8,0x22,0xF8,0xAC,0xFA,0xDF,0xFF,0xFF,0xFF,0x9F,0xF7,0x96,0x1A,0xB8,0x02,
  0x9B,0x03,0x7A,0x03,0x7A,0x03,0x7A,0x03,0x7A,0x03,0x9A,0x03,0x3A,0x03,0x5D,0x65,0x7D,0xF7,0x46,0x00,0x59,0xCE,0x7B,0x95,
  0x95,0x12,0xFF,0xFF,0xFF,0xFF,0xFF,0xFF,0xFF,0xFF,0xFF,0xFF,0xFF,0xFF,0xFF,0xFF,0xFF,0xFF,0xFF,0xFF,0xFF,0xFF,0xFF,0xFF,
  0xFF,0xFF,0xFF,0xFF,0xFF,0xFF,0xFF,0xFF,0xFF,0xFF,0xFF,0xFF,0xBF,0xF7,0x17,0x33,0xF6,0x2A,0xFF,0xFF,0xFF,0xFF,0xFF,0xFF,
  0xFF,0xFF,0xFF,0xFF,0xFF,0xFF,0xFF,0xFF,0x5E,0xE7,0x95,0x22,0xB6,0x22,0x1C,0xAE,0xBF,0xF7,0xFF,0xFF,0x7E,0xEF,0xFF,0xFF,
  0xFF,0xFF,0xFF,0xFF,0xFF,0xFF,0xDF,0xFF,0x57,0x3B,0x57,0x3B,0x78,0x33,0xD4,0x01,0x18,0x5C,0xDF,0xFF,0xFF,0xFF,0xFF,0xFF,
  0xFF,0xFF,0xFF,0xFF,0x9E,0xF7,0xA9,0x31,0x4D,0x01,0xBB,0x03,0xDC,0x03,0xCA,0x00,0x14,0xAD,0xBF,0xAE,0x19,0x03,0x9A,0x03,
  0x7A,0x03,0x7A,0x03,0x7A,0x03,0x7A,0x03,0x9B,0x03,0x16,0x02,0x58,0x6C,0xFF,0xFF,0x93,0xFC,0x01,0xF8,0xC4,0xF8,0xA4,0xF8,
  0x84,0xF8,0xA4,0xF8,0x84,0xF8,0xC5,0xF8,0x2A,0xFA,0x8F,0xFB,0x96,0xFD,0x5D,0xFF,0xFF,0xFF,0x0D,0xFB,0xAB,0xFA,0xFF,0xFF,
  0x92,0xFC,0xC5,0xF8,0x1C,0xFF,0xF8,0xFD,0xB3,0xFC,0x31,0xFC,0x31,0xFC,0xD3,0xFC,0xD8,0xFD,0x5D,0xFF,0xFF,0xFF,0xFF,0xFF,
  0xBF,0xF7,0xBF,0xF7,0xFF,0xFF,0xFF,0xFF,0xFC,0xFE,0x76,0xFD,0x93,0xFC,0x31,0xFC,0x11,0xFC,0x93,0xFC,0x76,0xFD,0x9A,0xFE,
  0x5D,0xFF,0xC5,0xF8,0x31,0xFC,0xFF,0xFF,0x56,0xFD,0x63,0xF8,0x9E,0xFF,0xFF,0xFF,0xDB,0xFE,0xD3,0xFC,0xED,0xFA,0xE9,0xF9,
  0xA4,0xF8,0x84,0xF8,0x84,0xF8,0x84,0xF8,0xA4,0xF8,0xA4,0xF8,0x00,0xF8,0x52,0xFC,0xFF,0xFF,0xDB,0xAD,0xD5,0x01,0x5A,0x03,
  0x7B,0x03,0x7A,0x03,0x7A,0x03,0x7A,0x03,0x7A,0x03,0x9A,0x03,0x1A,0x03,0x9F,0xAE,0xF8,0xC5,0x45,0x00,0xBE,0xF7,0x1C,0xAE,
  0xF5,0x01,0x7F,0xEF,0xFF,0xFF,0xDF,0xFF,0xFF,0xFF,0xFF,0xFF,0xFF,0xFF,0xFF,0xFF,0xFF,0xFF,0xFF,0xFF,0xFF,0xFF,0xFF,0xFF,
  0xFF,0xFF,0xFF,0xFF,0xFF,0xFF,0xFF,0xFF,0xFF,0xFF,0xDF,0xFF,0xFF,0xFF,0xFD,0xCE,0xD5,0x01,0xBD,0xC6,0xFF,0xFF,0xFF,0xFF,
  0xFF,0xFF,0xFF,0xFF,0xFF,0xFF,0xFF,0xFF,0x77,0x3B,0xF6,0x2A,0xDF,0xFF,0xFF,0xFF,0xFF,0xFF,0xFF,0xFF,0xFF,0xFF,0xFF,0xFF,
  0xFF,0xFF,0xFF,0xFF,0xFF,0xFF,0xFF,0xFF,0x9F,0xEF,0xFF,0xFF,0xFF,0xFF,0xBD,0xCE,0x55,0x12,0xF8,0x53,0xFF,0xFF,0xFF,0xFF,
  0xFF,0xFF,0xFF,0xFF,0xFF,0xFF,0x5D,0xEF,0x89,0x31,0x2C,0x01,0x3E,0x0C,0x6E,0x01,0x0D,0x63,0xBF,0xE7,0x5A,0x03,0x7A,0x03,
  0x7A,0x03,0x7A,0x03,0x7A,0x03,0x7A,0x03,0x9B,0x03,0xB8,0x02,0x75,0x1A,0xFF,0xF7,0xB6,0xFD,0x02,0xF8,0xC4,0xF8,0xA4,0xF8,
  0x84,0xF8,0x84,0xF8,0xA4,0xF8,0x84,0xF8,0x43,0xF8,0x02,0xF8,0x22,0xF8,0xE5,0xF8,0x4E,0xFB,0x8F,0xFB,0x83,0xF8,0xBE,0xFF,
  0xBE,0xFF,0xC4,0xF8,0x05,0xF9,0x47,0xF9,0xE9,0xF9,0x4A,0xFA,0x4A,0xFA,0xA8,0xF9,0x26,0xF9,0xC5,0xF8,0xC8,0xF9,0xB3,0xFC,
  0xFF,0xFF,0x9E,0xFF,0x11,0xFC,0xA8,0xF9,0xE5,0xF8,0x67,0xF9,0xE9,0xF9,0x4A,0xFA,0x2A,0xFA,0xC8,0xF9,0x26,0xF9,0x05,0xF9,
  0xC4,0xF8,0x43,0xF8,0x5D,0xFF,0xFF,0xFF,0x2A,0xFA,0xE9,0xF9,0xB3,0xFC,0x09,0xFA,0xA4,0xF8,0x22,0xF8,0x02,0xF8,0x43,0xF8,
  0x83,0xF8,0x84,0xF8,0x84,0xF8,0x84,0xF8,0x84,0xF8,0xA4,0xF8,0x01,0xF8,0x56,0xFD,0xFF,0xFF,0x97,0x4B,0x36,0x02,0x9B,0x03,
  0x7A,0x03,0x7A,0x03,0x7A,0x03,0x7A,0x03,0x7A,0x03,0x7A,0x03,0x5A,0x03,0xBF,0xEF,0xD1,0x73,0x69,0x21,0xFF,0xFF,0xBF,0xF7,
  0x76,0x12,0xB7,0x4B,0xDF,0xFF,0xFF,0xFF,0xFF,0xFF,0xFF,0xFF,0xFF,0xFF,0xFF,0xFF,0xFF,0xFF,0xFF,0xFF,0xFF,0xFF,0xFF,0xFF,
  0xFF,0xFF,0xFF,0xFF,0xFF,0xFF,0xFF,0xFF,0xFF,0xFF,0xFF,0xFF,0xFF,0xFF,0xBF,0xF7,0x35,0x02,0xDB,0xA5,0xFF,0xFF,0xDF,0xFF,
  0xFF,0xFF,0xFF,0xFF,0xFF,0xFF,0xBD,0xCE,0xD4,0x01,0xFD,0xD6,0xFF,0xFF,0xDF,0xFF,0xFF,0xFF,0xFF,0xFF,0xFF,0xFF,0xFF,0xFF,
  0xFF,0xFF,0xFF,0xFF,0xFF,0xFF,0xFF,0xFF,0xFF,0xFF,0xFF,0xFF,0xDF,0xFF,0xFF,0xFF,0xDD,0xCE,0xF5,0x01,0xBD,0xC6,0xFF,0xFF,
  0xFF,0xFF,0xFF,0xFF,0xFF,0xFF,0xFF,0xFF,0x7E,0xEF,0x0B,0x3A,0x0B,0x01,0xB5,0x02,0x6A,0x19,0x9E,0xF7,0x5B,0x34,0x5A,0x03,
  0x7A,0x03,0x7A,0x03,0x7A,0x03,0x7A,0x03,0x7A,0x03,0x5A,0x03,0xD5,0x01,0xBB,0x9D,0xFF,0xFF,0x2E,0xFB,0x01,0xF8,0x84,0xF8,
  0xA4,0xF8,0x84,0xF8,0x84,0xF8,0xA4,0xF8,0xA4,0xF8,0xA4,0xF8,0xA4,0xF8,0x63,0xF8,0x22,0xF8,0x43,0xF8,0x63,0xF8,0x8B,0xFA,
  0xD7,0xFD,0x96,0xFD,0x3C,0xFF,0xFF,0xFF,0xFF,0xFF,0xFF,0xFF,0xFF,0xFF,0xFF,0xFF,0xBE,0xFF,0x79,0xFE,0x11,0xFC,0x26,0xF9,
  0x67,0xF9,0x67,0xF9,0xA8,0xF9,0xD3,0xFC,0xFB,0xFE,0xFF,0xFF,0xFF,0xFF,0xFF,0xFF,0xFF,0xFF,0xFF,0xFF,0xFF,0xFF,0xDF,0xFF,
  0x59,0xFE,0x55,0xFD,0x39,0xFE,0x6F,0xFB,0x84,0xF8,0xA4,0xF8,0x02,0xF8,0x42,0xF8,0x84,0xF8,0xA4,0xF8,0xA4,0xF8,0xA4,0xF8,
  0x84,0xF8,0x84,0xF8,0x84,0xF8,0xA4,0xF8,0x84,0xF8,0x01,0xF8,0x2D,0xFB,0xFF,0xFF,0xDD,0xD6,0x15,0x02,0x19,0x03,0x9B,0x03,
  0x7A,0x03,0x7A,0x03,0x7A,0x03,0x7A,0x03,0x7A,0x03,0x3A,0x03,0x3B,0x2C,0xFF,0xFF,0x8A,0x21,0xB1,0x6B,0xFF,0xFF,0xFF,0xFF,
  0x7C,0xBE,0xD4,0x01,0x96,0x1A,0x5A,0x6C,0x1C,0xAE,0xFF,0xFF,0xFF,0xFF,0xFF,0xFF,0xFF,0xFF,0xFF,0xFF,0xFF,0xFF,0xFF,0xFF,
  0xFF,0xFF,0xFF,0xFF,0xFF,0xFF,0xFF,0xFF,0xFF,0xFF,0xFF,0xFF,0xFF,0xFF,0x3E,0xE7,0xF4,0x01,0x5C,0xBE,0xFF,0xFF,0xFF,0xFF,
  0xFF,0xFF,0xDF,0xFF,0xFF,0xFF,0x5B,0x8D,0xB6,0x1A,0xFF,0xFF,0xFF,0xFF,0xFF,0xFF,0xFF,0xFF,0xFF,0xFF,0xFF,0xFF,0xFF,0xFF,
  0xFF,0xFF,0xFF,0xFF,0xFF,0xFF,0xFF,0xFF,0xFF,0xFF,0xFF,0xFF,0xFF,0xFF,0xFF,0xFF,0xFF,0xFF,0xF6,0x22,0xDA,0x7C,0xFF,0xFF,
  0xDF,0xFF,0xFF,0xFF,0xFF,0xFF,0xDF,0xFF,0xFF,0xFF,0xDF,0xF7,0xAC,0x52,0x89,0x00,0x67,0x00,0x38,0xCE,0x1E,0x8E,0x1A,0x03,
  0x9A,0x03,0x7A,0x03,0x7A,0x03,0x7A,0x03,0x7A,0x03,0x9B,0x03,0x77,0x02,0x17,0x2B,0xDF,0xFF,0xFF,0xFF,0x52,0xFC,0x84,0xF8,
  0x22,0xF8,0xA4,0xF8,0xA4,0xF8,0x84,0xF8,0x84,0xF8,0x84,0xF8,0xA4,0xF8,0xA4,0xF8,0xA4,0xF8,0xA4,0xF8,0x84,0xF8,0x22,0xF8,
  0x42,0xF8,0xC8,0xF9,0xD0,0xFB,0x39,0xFE,0xFF,0xFF,0xFF,0xFF,0xDF,0xFF,0xFF,0xFF,0xFF,0xFF,0xFF,0xFF,0xFF,0xFF,0xFF,0xFF,
  0x52,0xFC,0x15,0xFD,0xFF,0xFF,0xFF,0xFF,0xFF,0xFF,0xFF,0xFF,0xFF,0xFF,0xDF,0xFF,0xFF,0xFF,0xFF,0xFF,0x7E,0xFF,0x76,0xFD,
  0x2E,0xFB,0xC8,0xF9,0x43,0xF8,0x02,0xF8,0xA4,0xF8,0x84,0xF8,0xA4,0xF8,0xA4,0xF8,0x84,0xF8,0x84,0xF8,0x84,0xF8,0x84,0xF8,
  0x84,0xF8,0xA4,0xF8,0xA4,0xF8,0x22,0xF8,0x84,0xF8,0x52,0xFC,0xFF,0xFF,0xFF,0xFF,0x18,0x5C,0xF6,0x01,0x9B,0x03,0x7A,0x03,
  0x7A,0x03,0x7A,0x03,0x7A,0x03,0x7A,0x03,0x9A,0x03,0x1A,0x03,0xFE,0x8D,0x1B,0xE7,0x45,0x00,0x5A,0xC6,0xFF,0xFF,0xDF,0xFF,
  0xFF,0xFF,0x3E,0xDF,0xDA,0x7C,0xB4,0x01,0xD9,0x7C,0xFF,0xFF,0xDF,0xFF,0xFF,0xFF,0xFF,0xFF,0xFF,0xFF,0xFF,0xFF,0xFF,0xFF,
  0xFF,0xFF,0xFF,0xFF,0xFF,0xFF,0xFF,0xFF,0xFF,0xFF,0xDF,0xFF,0xFF,0xFF,0x3A,0x8D,0xF4,0x01,0x9F,0xF7,0xFF,0xFF,0xFF,0xFF,
  0xFF,0xFF,0xDF,0xFF,0xFF,0xFF,0x5B,0x8D,0x96,0x12,0xFF,0xFF,0xFF,0xFF,0xFF,0xFF,0xFF,0xFF,0xFF,0xFF,0xFF,0xFF,0xFF,0xFF,
  0xFF,0xFF,0xFF,0xFF,0xFF,0xFF,0xFF,0xFF,0xFF,0xFF,0xFF,0xFF,0xFF,0xFF,0xFF,0xFF,0xFF,0xFF,0x37,0x2B,0x99,0x6C,0xFF,0xFF,
  0xDF,0xFF,0xFF,0xFF,0xFF,0xFF,0xFF,0xFF,0xFF,0xFF,0xFF,0xFF,0xFF,0xFF,0x12,0x84,0x03,0x00,0xD1,0x73,0x9F,0xDF,0x5A,0x03,
  0x7A,0x03,0x7A,0x03,0x7A,0x03,0x7A,0x03,0x7A,0x03,0x7A,0x03,0x5A,0x03,0xD5,0x01,0xBB,0x9D,0xFF,0xFF,0xFF,0xFF,0x9A,0xFE,
  0xAB,0xFA,0x43,0xF8,0x42,0xF8,0xA4,0xF8,0xA4,0xF8,0xA4,0xF8,0xA4,0xF8,0xA4,0xF8,0x84,0xF8,0x84,0xF8,0x84,0xF8,0xA4,0xF8,
  0xA4,0xF8,0x43,0xF8,0x02,0xF8,0x43,0xF8,0x6B,0xFA,0x9A,0xFE,0xFF,0xFF,0xDF,0xFF,0xFF,0xFF,0xFF,0xFF,0xDF,0xFF,0xFF,0xFF,
  0xFF,0xFF,0xFF,0xFF,0xFF,0xFF,0xDF,0xFF,0xFF,0xFF,0xFF,0xFF,0xFF,0xFF,0xFF,0xFF,0xBE,0xFF,0x31,0xFC,0x26,0xF9,0x22,0xF8,
  0x02,0xF8,0x63,0xF8,0xA4,0xF8,0xA4,0xF8,0x84,0xF8,0x84,0xF8,0x84,0xF8,0x84,0xF8,0x84,0xF8,0x84,0xF8,0xA4,0xF8,0xA4,0xF8,
  0xA4,0xF8,0x22,0xF8,0x42,0xF8,0xAB,0xFA,0x9A,0xFE,0xFF,0xFF,0xFF,0xFF,0xBD,0xCE,0xF5,0x01,0x19,0x03,0x9B,0x03,0x7A,0x03,
  0x7A,0x03,0x7A,0x03,0x7A,0x03,0x7A,0x03,0x7A,0x03,0x39,0x03,0xBF,0xE7,0x52,0x84,0xE7,0x10,0xDF,0xFF,0xDF,0xFF,0xFF,0xFF,
  0xFF,0xFF,0xFF,0xFF,0xFF,0xFF,0xB8,0x43,0x19,0x54,0xFF,0xFF,0xFF,0xFF,0xFF,0xFF,0xFF,0xFF,0xBF,0xF7,0x9D,0xC6,0xFF,0xFF,
  0xFF,0xFF,0xFF,0xFF,0xFF,0xFF,0xFF,0xFF,0xFF,0xFF,0xFF,0xFF,0x1E,0xD7,0xD5,0x01,0xFA,0x7C,0xFF,0xFF,0xDF,0xFF,0xFF,0xFF,
  0xFF,0xFF,0xFF,0xFF,0xFF,0xFF,0xDD,0xCE,0xD4,0x01,0xDD,0xCE,0xFF,0xFF,0xFF,0xFF,0xFF,0xFF,0xFF,0xFF,0xFF,0xFF,0xFF,0xFF,
  0xFF,0xFF,0xFF,0xFF,0xFF,0xFF,0xFF,0xFF,0xFF,0xFF,0xFF,0xFF,0xFF,0xFF,0xFF,0xFF,0x9F,0xF7,0x35,0x02,0xFC,0xA5,0xFF,0xFF,
  0xDF,0xFF,0xFF,0xFF,0xFF,0xFF,0xFF,0xFF,0xFF,0xFF,0xFF,0xFF,0xDF,0xFF,0xFF,0xFF,0xD5,0x8C,0xA7,0x08,0x9E,0xF7,0x7C,0x3C,
  0x3A,0x03,0x9A,0x03,0x7A,0x03,0x7A,0x03,0x7A,0x03,0x7A,0x03,0x9B,0x03,0x97,0x02,0x96,0x1A,0x9F,0xEF,0xDF,0xFF,0xFF,0xFF,
  0xFF,0xFF,0xD7,0xFD,0x4A,0xFA,0x43,0xF8,0x22,0xF8,0x84,0xF8,0xA4,0xF8,0xA4,0xF8,0x84,0xF8,0x84,0xF8,0x84,0xF8,0x84,0xF8,
  0x84,0xF8,0xA4,0xF8,0xA4,0xF8,0xA4,0xF8,0x22,0xF8,0x83,0xF8,0xB7,0xFD,0xFF,0xFF,0xFF,0xFF,0xFF,0xFF,0xFF,0xFF,0xFF,0xFF,
  0xDF,0xFF,0xDF,0xFF,0xFF,0xFF,0xFF,0xFF,0xFF,0xFF,0xFF,0xFF,0xFF,0xFF,0x5D,0xFF,0xE9,0xF9,0x01,0xF8,0x83,0xF8,0xA4,0xF8,
  0xA4,0xF8,0xA4,0xF8,0x84,0xF8,0x84,0xF8,0x84,0xF8,0x84,0xF8,0x84,0xF8,0x84,0xF8,0xA4,0xF8,0xA4,0xF8,0x84,0xF8,0x22,0xF8,
  0x43,0xF8,0x6A,0xFA,0xF8,0xFD,0xFF,0xFF,0xFF,0xFF,0xDF,0xFF,0xFF,0xFF,0x77,0x3B,0x36,0x02,0x9B,0x03,0x7A,0x03,0x7A,0x03,
  0x7A,0x03,0x7A,0x03,0x7A,0x03,0x7A,0x03,0x3A,0x03,0x3D,0x55,0xFF,0xFF,0x28,0x19,0x73,0x84,0xFF,0xFF,0xFF,0xFF,0xFF,0xFF,
  0xFF,0xFF,0xDF,0xFF,0xFF,0xFF,0x3C,0xB6,0xB4,0x01,0x3B,0x8D,0x9F,0xEF,0xFF,0xFF,0x3E,0xDF,0xB8,0x43,0xB5,0x01,0x79,0x6C,
  0xFE,0xD6,0xFF,0xFF,0xFF,0xFF,0xFF,0xFF,0xBF,0xF7,0x9B,0x9D,0xF4,0x01,0xD8,0x4B,0xFF,0xFF,0xFF,0xFF,0xFF,0xFF,0xFF,0xFF,
  0xFF,0xFF,0xFF,0xFF,0xFF,0xFF,0xFF,0xFF,0xB8,0x43,0xD7,0x22,0x9F,0xEF,0xFF,0xFF,0xFF,0xFF,0xFF,0xFF,0xFF,0xFF,0xFF,0xFF,
  0xFF,0xFF,0xFF,0xFF,0xDF,0xFF,0xDF,0xFF,0xFF,0xFF,0xDF,0xFF,0xFF,0xFF,0xFF,0xFF,0xBA,0x74,0x55,0x0A,0xBF,0xF7,0xFF,0xFF,
  0xFF,0xFF,0xFF,0xFF,0xFF,0xFF,0xFF,0xFF,0xFF,0xFF,0xFF,0xFF,0xFF,0xFF,0xFF,0xFF,0xFF,0xFF,0xC7,0x08,0xF5,0xA4,0xBF,0xB6,
  0x1A,0x03,0x9A,0x03,0x7A,0x03,0x7A,0x03,0x7A,0x03,0x7A,0x03,0x7A,0x03,0x7A,0x03,0xF5,0x01,0x79,0x64,0xFF,0xFF,0xDF,0xFF,
  0xFF,0xFF,0xFF,0xFF,0xFF,0xFF,0xF8,0xFD,0xCC,0xFA,0xA4,0xF8,0x22,0xF8,0x63,0xF8,0xA4,0xF8,0x84,0xF8,0x84,0xF8,0x84,0xF8,
  0x84,0xF8,0x84,0xF8,0x84,0xF8,0x84,0xF8,0xA4,0xF8,0x43,0xF8,0xE5,0xF8,0x3C,0xFF,0xFF,0xFF,0xFF,0xFF,0xFF,0xFF,0xFF,0xFF,
  0xFF,0xFF,0xFF,0xFF,0xFF,0xFF,0xFF,0xFF,0xFF,0xFF,0xFF,0xFF,0xFF,0xFF,0xAB,0xFA,0x02,0xF8,0xC5,0xF8,0xA4,0xF8,0x84,0xF8,
  0x84,0xF8,0x84,0xF8,0x84,0xF8,0x84,0xF8,0x84,0xF8,0x84,0xF8,0x84,0xF8,0x83,0xF8,0x43,0xF8,0x22,0xF8,0xA4,0xF8,0xCC,0xFA,
  0x18,0xFE,0xFF,0xFF,0xFF,0xFF,0xFF,0xFF,0xDF,0xFF,0xFF,0xFF,0x7B,0x95,0xD5,0x01,0x5A,0x03,0x7A,0x03,0x7A,0x03,0x7A,0x03,
  0x7A,0x03,0x7A,0x03,0x7A,0x03,0xBC,0x03,0x5A,0x03,0x18,0x85,0xB0,0x73,0x02,0x00,0x89,0x21,0x4C,0x42,0x32,0x84,0x5D,0xEF,
  0xFF,0xFF,0xDF,0xFF,0xFF,0xFF,0xFF,0xFF,0x9B,0x95,0x15,0x0A,0x14,0x0A,0xD7,0x1A,0xF4,0x01,0x57,0x33,0xBB,0x9D,0x95,0x22,
  0xF4,0x01,0xB6,0x1A,0x57,0x3B,0x57,0x33,0x55,0x0A,0xF4,0x01,0xB9,0x74,0xFF,0xFF,0xFF,0xFF,0xFF,0xFF,0xFF,0xFF,0xFF,0xFF,
  0xFF,0xFF,0xFF,0xFF,0xFF,0xFF,0xFF,0xFF,0x9F,0xEF,0x17,0x2B,0xD6,0x22,0x9F,0xEF,0xFF,0xFF,0xFF,0xFF,0xFF,0xFF,0xFF,0xFF,
  0xFF,0xFF,0xFF,0xFF,0xFF,0xFF,0xFF,0xFF,0xFF,0xFF,0xFF,0xFF,0xFF,0xFF,0xFA,0x84,0xB3,0x01,0x3C,0xB6,0xFF,0xFF,0xDF,0xFF,
  0xFF,0xFF,0xFF,0xFF,0xFF,0xFF,0xFF,0xFF,0xFF,0xFF,0xFF,0xFF,0xFF,0xFF,0xDF,0xFF,0xFF,0xFF,0xF2,0x7B,0x28,0x21,0xFF,0xF7,
  0xFB,0x1B,0x5A,0x03,0x7A,0x03,0x7A,0x03,0x7A,0x03,0x7A,0x03,0x7A,0x03,0x9B,0x03,0x19,0x03,0xD5,0x01,0x1C,0xAE,0xFF,0xFF,
  0xDF,0xFF,0xFF,0xFF,0xFF,0xFF,0xFF,0xFF,0xFF,0xFF,0xBB,0xFE,0xF0,0xFB,0x87,0xF9,0x84,0xF8,0x84,0xF8,0x84,0xF8,0x84,0xF8,
  0x84,0xF8,0x84,0xF8,0x84,0xF8,0x84,0xF8,0x84,0xF8,0xA4,0xF8,0x01,0xF8,0x72,0xFC,0xFF,0xFF,0xDF,0xFF,0xFF,0xFF,0xFF,0xFF,
  0xFF,0xFF,0xFF,0xFF,0xFF,0xFF,0xFF,0xFF,0xDF,0xFF,0xFF,0xFF,0xD7,0xFD,0x22,0xF8,0xC4,0xF8,0x84,0xF8,0xA4,0xF8,0x84,0xF8,
  0xA4,0xF8,0xA4,0xF8,0x84,0xF8,0x84,0xF8,0x84,0xF8,0x84,0xF8,0x84,0xF8,0xC4,0xF8,0xC8,0xF9,0x31,0xFC,0xDB,0xFE,0xFF,0xFF,
  0xFF,0xFF,0xFF,0xFF,0xFF,0xFF,0xDF,0xFF,0xFF,0xFF,0xFE,0xD6,0x15,0x0A,0xD8,0x02,0x9B,0x03,0x7A,0x03,0x7A,0x03,0x7A,0x03,
  0x7A,0x03,0x7A,0x03,0xBB,0x03,0x54,0x02,0x2B,0x01,0x4B,0x42,0xD1,0x73,0x36,0xA5,0xD4,0x94,0xF1,0x73,0x89,0x29,0xA6,0x08,
  0x57,0xA5,0xFF,0xFF,0xDF,0xFF,0xFF,0xFF,0xFF,0xFF,0x9E,0xEF,0xFB,0xAD,0x9B,0x9D,0x9D,0xC6,0xFF,0xFF,0xFF,0xFF,0xFF,0xFF,
  0x9D,0xC6,0x1A,0x85,0x38,0x64,0x79,0x6C,0x9B,0x9D,0x7E,0xE7,0xFF,0xFF,0xFF,0xFF,0xFF,0xFF,0xFF,0xFF,0xFF,0xFF,0xFF,0xFF,
  0xFF,0xFF,0xFF,0xFF,0xFF,0xFF,0xDF,0xFF,0xFF,0xFF,0x3A,0x8D,0xB5,0x22,0xDF,0xF7,0xFF,0xFF,0xFF,0xFF,0xFF,0xFF,0xFF,0xFF,
  0xFF,0xFF,0x38,0x64,0x79,0x64,0xBB,0x9D,0xBB,0x9D,0xBA,0x74,0xB6,0x22,0x35,0x0A,0xFB,0xAD,0xFF,0xFF,0xFF,0xFF,0xFF,0xFF,
  0xDF,0xFF,0xFF,0xFF,0xFF,0xFF,0xDF,0xFF,0xDF,0xFF,0xFF,0xFF,0xFF,0xFF,0xFF,0xFF,0xFF,0xFF,0x5D,0xEF,0x25,0x00,0x97,0xB5,
  0x7F,0x9E,0x1A,0x03,0x9A,0x03,0x7A,0x03,0x7A,0x03,0x7A,0x03,0x7A,0x03,0x7A,0x03,0xBB,0x03,0xB7,0x02,0x55,0x12,0x3E,0xDF,
  0xFF,0xFF,0xFF,0xFF,0xFF,0xFF,0xDF,0xFF,0xFF,0xFF,0xFF,0xFF,0xFF,0xFF,0x8F,0xFB,0x22,0xF8,0xA4,0xF8,0x84,0xF8,0x84,0xF8,
  0x84,0xF8,0x84,0xF8,0xA4,0xF8,0x84,0xF8,0x84,0xF8,0xA4,0xF8,0x22,0xF8,0xED,0xFA,0xFF,0xFF,0xDF,0xFF,0xFF,0xFF,0xFF,0xFF,
  0xFF,0xFF,0xFF,0xFF,0xFF,0xFF,0xFF,0xFF,0xDF,0xFF,0xFF,0xFF,0xAF,0xFB,0x02,0xF8,0xA4,0xF8,0xA4,0xF8,0xA4,0xF8,0xA4,0xF8,
  0xA4,0xF8,0xA4,0xF8,0x84,0xF8,0x84,0xF8,0x84,0xF8,0xA4,0xF8,0x63,0xF8,0x26,0xF9,0x5D,0xFF,0xFF,0xFF,0xFF,0xFF,0xFF,0xFF,
  0xFF,0xFF,0xFF,0xFF,0xFF,0xFF,0xFF,0xFF,0xBF,0xEF,0xD6,0x2A,0x57,0x02,0x9B,0x03,0x7A,0x03,0x7A,0x03,0x7A,0x03,0x7A,0x03,
  0x7A,0x03,0xBC,0x03,0x6E,0x01,0xEA,0x39,0x39,0xCE,0xFF,0xFF,0xFF,0xFF,0xFF,0xFF,0xFF,0xFF,0xFF,0xFF,0xFF,0xFF,0x15,0x9D,
  0x46,0x00,0xB4,0x8C,0xFF,0xFF,0xDF,0xFF,0xFF,0xFF,0xFF,0xFF,0xFF,0xFF,0xFF,0xFF,0xFF,0xFF,0xFF,0xFF,0xDF,0xFF,0xFF,0xFF,
  0xFF,0xFF,0xFF,0xFF,0xFF,0xFF,0xFF,0xFF,0xFF,0xFF,0xFF,0xFF,0xFF,0xFF,0xFF,0xFF,0xFF,0xFF,0xFF,0xFF,0xFF,0xFF,0xFF,0xFF,
  0xFF,0xFF,0xFF,0xFF,0xFF,0xFF,0xDF,0xFF,0xFF,0xFF,0x58,0x64,0x77,0x3B,0xFF,0xFF,0xDF,0xFF,0xDF,0xFF,0xFF,0xFF,0xFF,0xFF,
  0x7B,0x95,0xD4,0x01,0xB8,0x43,0xB5,0x1A,0xB6,0x1A,0x36,0x33,0xF9,0x84,0x7E,0xEF,0xFF,0xFF,0xFD,0xDE,0x37,0x84,0x1B,0xBE,
  0xFF,0xFF,0xFF,0xFF,0xFF,0xFF,0xFF,0xFF,0xFF,0xFF,0xFF,0xFF,0xFF,0xFF,0xFF,0xFF,0xDF,0xFF,0xFF,0xFF,0x91,0x6B,0x49,0x21,
  0xFF,0xF7,0xFB,0x23,0x5A,0x03,0x7A,0x03,0x7A,0x03,0x7A,0x03,0x7A,0x03,0x7A,0x03,0x7A,0x03,0x9B,0x03,0x36,0x02,0x17,0x2B,
  0x9F,0xEF,0xFF,0xFF,0xFF,0xFF,0xFF,0xFF,0xFF,0xFF,0xFF,0xFF,0x1C,0xFF,0xC5,0xF8,0x83,0xF8,0xA4,0xF8,0x84,0xF8,0x84,0xF8,
  0x84,0xF8,0x84,0xF8,0x84,0xF8,0x84,0xF8,0x84,0xF8,0xA4,0xF8,0x22,0xF8,0xAB,0xFA,0xFF,0xFF,0xFF,0xFF,0xFF,0xFF,0xFF,0xFF,
  0xFF,0xFF,0xFF,0xFF,0xFF,0xFF,0xFF,0xFF,0xDF,0xFF,0xFF,0xFF,0x0D,0xFB,0x02,0xF8,0xA4,0xF8,0x84,0xF8,0x84,0xF8,0xA4,0xF8,
  0xA4,0xF8,0xA4,0xF8,0x84,0xF8,0x84,0xF8,0x84,0xF8,0x84,0xF8,0xA4,0xF8,0x02,0xF8,0xF4,0xFC,0xFF,0xFF,0xDF,0xFF,0xFF,0xFF,
  0xFF,0xFF,0xFF,0xFF,0xFF,0xFF,0xFF,0xFF,0x97,0x43,0xF5,0x01,0x7A,0x03,0x7A,0x03,0x7A,0x03,0x7A,0x03,0x7A,0x03,0x7A,0x03,
  0xBC,0x03,0x6E,0x01,0xAD,0x5A,0xFF,0xFF,0xFF,0xFF,0xDF,0xFF,0xDF,0xFF,0xDF,0xFF,0xDF,0xFF,0xDF,0xFF,0xDF,0xFF,0xFF,0xFF,
  0xB8,0xAD,0x03,0x00,0x18,0xBE,0xFF,0xFF,0xDF,0xFF,0xFF,0xFF,0xDF,0xFF,0xDF,0xFF,0xFF,0xFF,0xFF,0xFF,0xFF,0xFF,0xFF,0xFF,
  0xFF,0xFF,0xDF,0xFF,0xDF,0xFF,0xDF,0xFF,0xDF,0xFF,0xFF,0xFF,0xFF,0xFF,0xFF,0xFF,0xFF,0xFF,0xFF,0xFF,0xFF,0xFF,0xFF,0xFF,
  0xFF,0xFF,0xFF,0xFF,0xFF,0xFF,0xDF,0xFF,0xFF,0xFF,0x1C,0xAE,0xF6,0x01,0x9D,0xBE,0xFF,0xFF,0xFF,0xFF,0xDF,0xF7,0x1A,0x85,
  0xB4,0x01,0x1C,0xAE,0xFF,0xFF,0xFF,0xFF,0xFF,0xFF,0xFF,0xFF,0xFF,0xFF,0xFF,0xFF,0x5E,0xE7,0x8F,0x21,0xC7,0x39,0xEB,0x10,
  0x15,0x53,0x9E,0xF7,0xFD,0xDE,0x1A,0x9D,0x39,0x9D,0xDF,0xFF,0xFF,0xFF,0xFF,0xFF,0xFF,0xFF,0xFF,0xFF,0x7E,0xEF,0x45,0x00,
  0xF5,0x9C,0xDF,0xB6,0x19,0x03,0x7A,0x03,0x7A,0x03,0x7A,0x03,0x7A,0x03,0x7A,0x03,0x7A,0x03,0x7A,0x03,0x7A,0x03,0x16,0x02,
  0x78,0x3B,0xDF,0xF7,0xFF,0xFF,0xFF,0xFF,0xDF,0xFF,0xFF,0xFF,0xB7,0xFD,0x42,0xF8,0xA4,0xF8,0x84,0xF8,0x84,0xF8,0x84,0xF8,
  0x84,0xF8,0x84,0xF8,0x84,0xF8,0x84,0xF8,0x84,0xF8,0xA4,0xF8,0x22,0xF8,0xCC,0xFA,0xFF,0xFF,0xDF,0xFF,0xFF,0xFF,0xFF,0xFF,
  0xFF,0xFF,0xFF,0xFF,0xFF,0xFF,0xFF,0xFF,0xDF,0xFF,0xFF,0xFF,0xCC,0xFA,0x22,0xF8,0xA4,0xF8,0x84,0xF8,0x84,0xF8,0x84,0xF8,
  0x84,0xF8,0x84,0xF8,0x84,0xF8,0x84,0xF8,0x84,0xF8,0x84,0xF8,0xA4,0xF8,0x22,0xF8,0x4E,0xFB,0xFF,0xFF,0xDF,0xFF,0xFF,0xFF,
  0xFF,0xFF,0xFF,0xFF,0xFF,0xFF,0xD8,0x53,0xD5,0x01,0x7A,0x03,0x7B,0x03,0x7A,0x03,0x7A,0x03,0x7A,0x03,0x7A,0x03,0xBC,0x03,
  0x75,0x02,0xAA,0x31,0xDF,0xFF,0xFF,0xFF,0xDF,0xFF,0xFF,0xFF,0xFF,0xFF,0xFF,0xFF,0xFF,0xFF,0xFF,0xFF,0xFF,0xFF,0xDF,0xFF,
  0xFF,0xFF,0x71,0x5B,0x8A,0x21,0xFF,0xFF,0xFF,0xFF,0xFF,0xFF,0xFF,0xFF,0xFF,0xFF,0xFF,0xFF,0xFF,0xFF,0xFF,0xFF,0xFF,0xFF,
  0xFF,0xFF,0xFF,0xFF,0xFF,0xFF,0xFF,0xFF,0xFF,0xFF,0xFF,0xFF,0xFF,0xFF,0xFF,0xFF,0xFF,0xFF,0xFF,0xFF,0xFF,0xFF,0xFF,0xFF,
  0xFF,0xFF,0xFF,0xFF,0xFF,0xFF,0xFF,0xFF,0xFF,0xFF,0xFF,0xFF,0x39,0x5C,0xB3,0x01,0x16,0x2B,0x77,0x3B,0x75,0x12,0x55,0x12,
  0x1C,0xB6,0xFF,0xFF,0xDF,0xFF,0xFF,0xFF,0xFF,0xFF,0xFF,0xFF,0xDF,0xF7,0xFF,0xFF,0x39,0x9D,0x68,0x29,0x02,0xFF,0xE3,0xE5,
  0xA9,0x39,0x10,0x11,0x4E,0x19,0xC9,0x31,0x09,0x19,0x33,0x5B,0xFF,0xFF,0xFF,0xFF,0xFF,0xFF,0xDF,0xFF,0xFF,0xFF,0xB4,0x94,
  0x65,0x00,0x9E,0xF7,0xBC,0x44,0x1A,0x03,0x7A,0x03,0x7A,0x03,0x7A,0x03,0x7A,0x03,0x7A,0x03,0x7A,0x03,0x7A,0x03,0x7A,0x03,
  0xF6,0x01,0x98,0x43,0xBF,0xF7,0xFF,0xFF,0xBF,0xFF,0xFF,0xFF,0x52,0xFC,0x02,0xF8,0xA4,0xF8,0xA4,0xF8,0xA4,0xF8,0x84,0xF8,
  0x84,0xF8,0x84,0xF8,0x84,0xF8,0x84,0xF8,0x84,0xF8,0xA4,0xF8,0x22,0xF8,0x0D,0xFB,0xFF,0xFF,0xDF,0xFF,0xFF,0xFF,0xFF,0xFF,
  0xFF,0xFF,0xFF,0xFF,0xFF,0xFF,0xFF,0xFF,0xFF,0xFF,0xFF,0xFF,0x8B,0xFA,0x22,0xF8,0xA4,0xF8,0x84,0xF8,0x84,0xF8,0x84,0xF8,
  0x84,0xF8,0x84,0xF8,0x84,0xF8,0x84,0xF8,0x84,0xF8,0x84,0xF8,0xA4,0xF8,0x42,0xF8,0x29,0xFA,0xFF,0xFF,0xFF,0xFF,0xDF,0xFF,
  0xFF,0xFF,0xDF,0xF7,0xD8,0x4B,0xD5,0x01,0x5A,0x03,0x9B,0x03,0x7A,0x03,0x7A,0x03,0x7A,0x03,0x7A,0x03,0x7A,0x03,0x9B,0x03,
  0x0A,0x01,0x19,0xC6,0xFF,0xFF,0xDF,0xFF,0xFF,0xFF,0xFF,0xFF,0xFF,0xFF,0xFF,0xFF,0xFF,0xFF,0xFF,0xFF,0xFF,0xFF,0xFF,0xFF,
  0xFF,0xFF,0x1E,0xCF,0xA7,0x00,0x19,0xBE,0xFF,0xFF,0xDF,0xFF,0xFF,0xFF,0xFF,0xFF,0xFF,0xFF,0xFF,0xFF,0xFF,0xFF,0xFF,0xFF,
  0xFF,0xFF,0xFF,0xFF,0xFF,0xFF,0xFF,0xFF,0xFF,0xFF,0xFF,0xFF,0xFF,0xFF,0xFF,0xFF,0xFF,0xFF,0xFF,0xFF,0xFF,0xFF,0xFF,0xFF,
  0xFF,0xFF,0xFF,0xFF,0xFF,0xFF,0xFF,0xFF,0xFF,0xFF,0xFF,0xFF,0xFF,0xFF,0x5C,0xBE,0xB9,0x74,0x79,0x6C,0xBB,0x9D,0xBF,0xF7,
  0xFF,0xFF,0xFF,0xFF,0xFF,0xFF,0xFF,0xFF,0xFF,0xFF,0xFF,0xFF,0xDF,0xF7,0xFF,0xFF,0x58,0x7C,0xA8,0x5A,0xA2,0xFE,0x62,0xFE,
  0x42,0xFE,0x85,0xAC,0xA4,0xDD,0x01,0xFF,0x84,0xAC,0x91,0x21,0xFF,0xFF,0xFF,0xFF,0xFF,0xFF,0xFF,0xFF,0xFF,0xFF,0xFF,0xFF,
  0xAA,0x31,0xCE,0x52,0xBF,0xDF,0x5A,0x0B,0x7A,0x03,0x7A,0x03,0x7A,0x03,0x7A,0x03,0x7A,0x03,0x7A,0x03,0x7A,0x03,0x7A,0x03,
  0x7A,0x03,0x16,0x02,0x37,0x33,0x5E,0xE7,0xFF,0xFF,0xFF,0xFF,0xEC,0xFA,0x22,0xF8,0xA4,0xF8,0xA4,0xF8,0x84,0xF8,0x84,0xF8,
  0x84,0xF8,0x84,0xF8,0x84,0xF8,0x84,0xF8,0x84,0xF8,0xA4,0xF8,0x02,0xF8,0x6F,0xFB,0xFF,0xFF,0xDF,0xFF,0xFF,0xFF,0xFF,0xFF,
  0xFF,0xFF,0xFF,0xFF,0xFF,0xFF,0xFF,0xFF,0xFF,0xFF,0xFF,0xFF,0x6B,0xFA,0x22,0xF8,0xA4,0xF8,0x84,0xF8,0x84,0xF8,0x84,0xF8,
  0x84,0xF8,0x84,0xF8,0x84,0xF8,0x84,0xF8,0x84,0xF8,0x84,0xF8,0xA4,0xF8,0x63,0xF8,0x46,0xF9,0x9E,0xFF,0xFF,0xFF,0xFF,0xFF,
  0x5E,0xE7,0x57,0x3B,0xD5,0x01,0x5A,0x03,0x9B,0x03,0x7A,0x03,0x7A,0x03,0x7A,0x03,0x7A,0x03,0x7A,0x03,0xBB,0x03,0x75,0x02,
  0x4C,0x42,0xFF,0xFF,0xFF,0xFF,0xFF,0xFF,0xFF,0xFF,0xFF,0xFF,0xFF,0xFF,0xFF,0xFF,0xFF,0xFF,0xFF,0xFF,0xFF,0xFF,0xFF,0xFF,
  0xDF,0xF7,0xDF,0xE7,0x0B,0x32,0xB0,0x6B,0xFF,0xFF,0xDF,0xFF,0xFF,0xFF,0xFF,0xFF,0xFF,0xFF,0xFF,0xFF,0xFF,0xFF,0xDF,0xFF,
  0xFF,0xFF,0xFF,0xFF,0xFF,0xFF,0xFF,0xFF,0xFF,0xFF,0xFF,0xFF,0xFF,0xFF,0xFF,0xFF,0xFF,0xFF,0xFF,0xFF,0xFF,0xFF,0xFF,0xFF,
  0xFF,0xFF,0xFF,0xFF,0xFF,0xFF,0xFF,0xFF,0xFF,0xFF,0xFF,0xFF,0xFF,0xFF,0xFF,0xFF,0xFF,0xFF,0xFF,0xFF,0xFF,0xFF,0xFF,0xFF,
  0xFF,0xFF,0xFF,0xFF,0xFF,0xFF,0xFF,0xFF,0xFF,0xFF,0xFF,0xFF,0xFF,0xFF,0xDF,0xFF,0xF3,0x29,0x47,0x73,0xC1,0xFE,0x22,0xFE,
  0x42,0xFE,0xA2,0xFE,0x62,0xFE,0xC2,0xFE,0x87,0x5A,0x76,0x5B,0xFF,0xFF,0xDF,0xFF,0xFF,0xFF,0xFF,0xFF,0xFF,0xFF,0xFF,0xFF,
  0xFC,0xDE,0x24,0x00,0x56,0xAD,0x7F,0x9E,0xF9,0x02,0x9A,0x03,0x7A,0x03,0x7A,0x03,0x7A,0x03,0x7A,0x03,0x7A,0x03,0x7A,0x03,
  0x9B,0x03,0x7A,0x03,0x36,0x02,0x96,0x1A,0x7D,0xBE,0xFF,0xFF,0xE9,0xF9,0x63,0xF0,0xA4,0xF8,0xA4,0xF8,0x84,0xF8,0x84,0xF8,
  0x84,0xF8,0x84,0xF8,0x84,0xF8,0x84,0xF8,0x84,0xF8,0xA4,0xF8,0x02,0xF8,0x10,0xFC,0xFF,0xFF,0xDF,0xFF,0xFF,0xFF,0xFF,0xFF,
  0xFF,0xFF,0xFF,0xFF,0xFF,0xFF,0xFF,0xFF,0xFF,0xFF,0xFF,0xFF,0x8B,0xFA,0x22,0xF8,0xA4,0xF8,0x84,0xF8,0x84,0xF8,0x84,0xF8,
  0x84,0xF8,0x84,0xF8,0x84,0xF8,0x84,0xF8,0x84,0xF8,0x84,0xF8,0xA4,0xF8,0x84,0xF8,0xC5,0xF0,0x1C,0xFF,0xFF,0xFF,0x5D,0xBE,
  0x96,0x1A,0x36,0x02,0x7A,0x03,0x7B,0x03,0x7A,0x03,0x7A,0x03,0x7A,0x03,0x7A,0x03,0x7A,0x03,0x7A,0x03,0xDC,0x03,0x6F,0x01,
  0x52,0x8C,0xFF,0xFF,0xDF,0xFF,0xFF,0xFF,0xFF,0xFF,0xFF,0xFF,0xFF,0xFF,0xFF,0xFF,0xFF,0xFF,0xFF,0xFF,0xFF,0xFF,0xFF,0xFF,
  0xBF,0xF7,0xDF,0xE7,0x0F,0x4B,0x8D,0x4A,0xFF,0xFF,0xDF,0xFF,0xFF,0xFF,0xFF,0xFF,0xFF,0xFF,0xFF,0xFF,0xFF,0xFF,0xFF,0xFF,
  0xFF,0xFF,0xFF,0xFF,0xFF,0xFF,0xFF,0xFF,0xFF,0xFF,0xFF,0xFF,0xFF,0xFF,0xFF,0xFF,0xFF,0xFF,0xFF,0xFF,0xFF,0xFF,0xFF,0xFF,
  0xFF,0xFF,0xFF,0xFF,0xFF,0xFF,0xFF,0xFF,0xFF,0xFF,0xFF,0xFF,0xFF,0xFF,0xFF,0xFF,0xDF,0xFF,0xDF,0xFF,0xDF,0xFF,0xFF,0xFF,
  0xFF,0xFF,0xFF,0xFF,0xFF,0xFF,0xFF,0xFF,0xFF,0xFF,0xFF,0xFF,0xBC,0xD6,0x91,0x21,0x09,0x42,0xE3,0xE5,0x62,0xFE,0x42,0xFE,
  0x42,0xFE,0x42,0xFE,0x42,0xFE,0x63,0xFE,0x0B,0x11,0xBA,0xAD,0xFF,0xFF,0xDF,0xFF,0xFF,0xFF,0xFF,0xFF,0xFF,0xFF,0xDF,0xFF,
  0xFF,0xFF,0x15,0x9D,0x46,0x00,0x1C,0xDF,0x3D,0x5D,0xF9,0x02,0x7A,0x03,0x7A,0x03,0x7A,0x03,0x7A,0x03,0x7A,0x03,0x7A,0x03,
  0x7A,0x03,0x9A,0x03,0x9B,0x03,0x77,0x02,0x15,0x02,0xD9,0x84,0x46,0xF9,0x62,0xF8,0xA4,0xF0,0xA4,0xF0,0xA4,0xF8,0x84,0xF8,
  0x84,0xF8,0xA4,0xF8,0xA4,0xF8,0x84,0xF8,0x84,0xF8,0xA4,0xF8,0x02,0xF8,0x93,0xFC,0xFF,0xFF,0xDF,0xFF,0xFF,0xFF,0xFF,0xFF,
  0xFF,0xFF,0xFF,0xFF,0xFF,0xFF,0xFF,0xFF,0xDF,0xFF,0xFF,0xFF,0x8B,0xFA,0x22,0xF8,0xA4,0xF8,0x84,0xF8,0x84,0xF8,0xA4,0xF8,
  0xA4,0xF8,0x84,0xF8,0xA4,0xF8,0x84,0xF8,0x84,0xF8,0x84,0xF8,0xA4,0xF0,0xA4,0xF0,0x83,0xF8,0x59,0xF6,0x1B,0x7D,0xD4,0x01,
  0x97,0x02,0x9B,0x03,0x7A,0x03,0x7A,0x03,0x7A,0x03,0x7A,0x03,0x7A,0x03,0x7A,0x03,0x7A,0x03,0x7A,0x03,0x9C,0x03,0x2C,0x01,
  0x76,0xB5,0xFF,0xFF,0xDF,0xFF,0xFF,0xFF,0xFF,0xFF,0xFF,0xFF,0xFF,0xFF,0xFF,0xFF,0xFF,0xFF,0xFF,0xFF,0xFF,0xFF,0xFF,0xFF,
  0x9F,0xE7,0xFF,0xE7,0x2F,0x53,0x8D,0x4A,0xFF,0xFF,0xDF,0xFF,0xFF,0xFF,0xFF,0xFF,0xFF,0xFF,0xFF,0xFF,0xFF,0xFF,0xD8,0x94,
  0x50,0x21,0xB3,0x4A,0x7E,0xEF,0xFF,0xFF,0xFF,0xFF,0xFF,0xFF,0xFF,0xFF,0xFF,0xFF,0xFF,0xFF,0xFF,0xFF,0xFF,0xFF,0xFF,0xFF,
  0xFF,0xFF,0xFF,0xFF,0xFF,0xFF,0xFF,0xFF,0xFF,0xFF,0xFF,0xFF,0xFF,0xFF,0xFF,0xFF,0xFF,0xFF,0xFF,0xFF,0xFF,0xFF,0xFF,0xFF,
  0xFF,0xFF,0xFF,0xFF,0xFF,0xFF,0xFF,0xFF,0xFF,0xFF,0x3E,0xE7,0x2E,0x11,0x46,0x7B,0xC2,0xFE,0x61,0xFE,0x42,0xFE,0x42,0xFE,
  0x42,0xFE,0x42,0xFE,0x42,0xFE,0xA2,0xFE,0xC7,0x62,0x32,0x32,0xFF,0xFF,0xFF,0xFF,0xFF,0xFF,0xFF,0xFF,0xFF,0xFF,0xFF,0xFF,
  0xDF,0xFF,0xFF,0xFF,0x2F,0x63,0x28,0x21,0x9F,0xEF,0xDD,0x44,0x5B,0x03,0x7A,0x03,0x7A,0x03,0x7A,0x03,0x7A,0x03,0x7A,0x03,
  0x7A,0x03,0x7A,0x03,0x7A,0x03,0x9B,0x03,0xF8,0x02,0xD5,0x01,0xB1,0x39,0x08,0xC1,0x83,0xF8,0x83,0xF8,0xA4,0xF0,0xA4,0xF0,
  0xA4,0xF8,0xA4,0xF8,0xA4,0xF8,0xA4,0xF8,0x84,0xF8,0xA4,0xF8,0x22,0xF8,0x35,0xFD,0xFF,0xFF,0xBF,0xFF,0xDF,0xFF,0xFF,0xFF,
  0xFF,0xFF,0xFF,0xFF,0xFF,0xFF,0xFF,0xFF,0xBF,0xFF,0xFF,0xFF,0xEC,0xFA,0x02,0xF8,0xA4,0xF8,0x84,0xF8,0x84,0xF8,0x84,0xF8,
  0x84,0xF8,0x84,0xF8,0xA4,0xF8,0xA4,0xF0,0xA4,0xF0,0xA4,0xF0,0x83,0xF8,0xA3,0xF8,0x29,0xB1,0x74,0x2A,0xF5,0x01,0x19,0x03,
  0x9B,0x03,0x7A,0x03,0x7A,0x03,0x7A,0x03,0x7A,0x03,0x7A,0x03,0x7A,0x03,0x7A,0x03,0x7A,0x03,0xF9,0x02,0x7E,0x65,0xAE,0x4A,
  0x77,0xAD,0xFF,0xFF,0xDF,0xFF,0xFF,0xFF,0xFF,0xFF,0xFF,0xFF,0xFF,0xFF,0xFF,0xFF,0xFF,0xFF,0xFF,0xFF,0xFF,0xFF,0xFF,0xFF,
  0x5F,0xD7,0xDF,0xDF,0x0B,0x32,0x90,0x6B,0xFF,0xFF,0xFF,0xFF,0xFF,0xFF,0x7C,0xCE,0x9C,0xCE,0x7E,0xEF,0xB6,0x63,0xEA,0x10,
  0x04,0xB5,0xA9,0x31,0x37,0x7C,0xFF,0xFF,0xDF,0xFF,0xFF,0xFF,0xFF,0xFF,0xFF,0xFF,0xFF,0xFF,0xFF,0xFF,0xFF,0xFF,0xFF,0xFF,
  0xFF,0xFF,0xFF,0xFF,0xFF,0xFF,0xFF,0xFF,0xFF,0xFF,0xFF,0xFF,0xFF,0xFF,0xFF,0xFF,0xFF,0xFF,0xFF,0xFF,0xFF,0xFF,0xFF,0xFF,
  0xFF,0xFF,0xFF,0xFF,0xFF,0xFF,0xDF,0xFF,0xFF,0xFF,0x3A,0x9D,0x2A,0x19,0x41,0xFF,0x81,0xFE,0x22,0xFE,0x42,0xFE,0x42,0xFE,
  0x42,0xFE,0x42,0xFE,0x22,0xFE,0x41,0xFE,0xE2,0xED,0xCB,0x08,0x9A,0xAD,0xFF,0xFF,0xDF,0xFF,0xFF,0xFF,0xFF,0xFF,0xFF,0xFF,
  0xFF,0xFF,0xFF,0xFF,0xFF,0xFF,0x68,0x21,0xEA,0x31,0xF3,0x63,0x18,0x03,0xBC,0x03,0x7B,0x03,0x7A,0x03,0x7A,0x03,0x7A,0x03,
  0x7A,0x03,0x7A,0x03,0x7A,0x03,0x7A,0x03,0x9B,0x03,0x5A,0x03,0xB8,0x02,0x35,0x02,0x8E,0x59,0xE7,0xC8,0x83,0xF8,0x83,0xF8,
  0xA4,0xF8,0xA4,0xF0,0xA4,0xF0,0xA4,0xF0,0x84,0xF8,0xA4,0xF8,0x42,0xF8,0xD7,0xFD,0xFF,0xFF,0xFF,0xFF,0xFF,0xFF,0xDF,0xF7,
  0xFC,0xDE,0xBC,0xD6,0x1D,0xE7,0xFF,0xFF,0xFF,0xFF,0xFF,0xFF,0x0D,0xF3,0x22,0xF8,0xA4,0xF8,0x84,0xF8,0x84,0xF8,0x84,0xF0,
  0xA4,0xF0,0xA4,0xF0,0xA4,0xF0,0xA4,0xF8,0x83,0xF8,0x83,0xF8,0x08,0xB9,0xB0,0x49,0x36,0x02,0xB8,0x02,0x7A,0x03,0x9B,0x03,
  0x7A,0x03,0x7A,0x03,0x7A,0x03,0x7A,0x03,0x7A,0x03,0x7A,0x03,0x7A,0x03,0x9B,0x03,0x7B,0x03,0x5E,0x5D,0x1D,0xD7,0x06,0x19,
  0x93,0x8C,0xFF,0xFF,0xDF,0xFF,0xFF,0xFF,0xFF,0xFF,0xFF,0xFF,0xFF,0xFF,0xFF,0xFF,0xFF,0xFF,0xFF,0xFF,0xFF,0xFF,0x9F,0xE7,
  0x7F,0xD7,0x1E,0xCF,0x85,0x00,0x97,0xAD,0xFF,0xFF,0xBE,0xF7,0x71,0x42,0xEA,0x18,0x6B,0x21,0x2E,0x11,0x49,0x21,0xE3,0xE5,
  0x61,0xFF,0x85,0x83,0xB3,0x42,0xFF,0xFF,0xDF,0xFF,0xFF,0xFF,0xFF,0xFF,0xFF,0xFF,0xFF,0xFF,0xFF,0xFF,0xFF,0xFF,0xFF,0xFF,
  0xFF,0xFF,0xFF,0xFF,0xFF,0xFF,0xFF,0xFF,0xFF,0xFF,0xFF,0xFF,0xFF,0xFF,0xFF,0xFF,0xFF,0xFF,0xFF,0xFF,0xFF,0xFF,0xFF,0xFF,
  0xFF,0xFF,0xFF,0xFF,0xFF,0xFF,0xFF,0xFF,0xFF,0xFF,0x1D,0xDF,0x2E,0x19,0x47,0x52,0x63,0xD5,0x81,0xFE,0x42,0xFE,0x42,0xFE,
  0x42,0xFE,0x62,0xFE,0xC1,0xFE,0xA2,0xFE,0x61,0xFF,0xE7,0x62,0x15,0x53,0xFF,0xFF,0xDF,0xFF,0xFF,0xFF,0xFF,0xFF,0xFF,0xFF,
  0xFF,0xFF,0xFF,0xFF,0x9E,0xF7,0x8A,0x21,0x43,0x90,0x43,0x88,0xA6,0x20,0xAE,0x01,0xF7,0x02,0x9B,0x03,0x9B,0x03,0x7A,0x03,
  0x7A,0x03,0x7A,0x03,0x7A,0x03,0x7A,0x03,0x7A,0x03,0x7A,0x03,0x7A,0x03,0x19,0x03,0x98,0x02,0x35,0x02,0xAF,0x51,0x29,0xB1,
  0xC4,0xF0,0x83,0xF8,0x83,0xF8,0x84,0xF8,0xA4,0xF0,0xA4,0xF0,0x63,0xF0,0xBA,0xFE,0xFF,0xFF,0x98,0xB5,0x8F,0x4A,0x08,0x19,
  0xA5,0x10,0xC6,0x10,0xA6,0x10,0x29,0x21,0x72,0x6B,0x5D,0xDF,0xD0,0xFB,0x02,0xF0,0xA4,0xF0,0xA4,0xF0,0xA4,0xF0,0xA4,0xF8,
  0x83,0xF8,0x83,0xF8,0x83,0xF8,0xC5,0xE8,0x2A,0x99,0xB0,0x39,0x36,0x02,0xB8,0x02,0x39,0x03,0x9B,0x03,0x9B,0x03,0x7A,0x03,
  0x7A,0x03,0x7A,0x03,0x7A,0x03,0x7A,0x03,0x7A,0x03,0x9B,0x03,0x9B,0x03,0x39,0x03,0x52,0x02,0x91,0x5B,0xAA,0x21,0x25,0x00,
  0xEA,0x31,0xFF,0xFF,0xDF,0xFF,0xFF,0xFF,0xFF,0xFF,0xFF,0xFF,0xFF,0xFF,0xFF,0xFF,0xFF,0xFF,0xFF,0xFF,0xBF,0xEF,0x3F,0xCF,
  0xFF,0xE7,0x33,0x74,0x08,0x11,0xBE,0xF7,0xFF,0xFF,0x5C,0xC6,0xCB,0x08,0x03,0xEE,0x22,0xF6,0x44,0xD5,0x03,0xF6,0x62,0xFE,
  0xA2,0xFE,0xC6,0x8B,0xB3,0x21,0xFF,0xFF,0xFF,0xFF,0xFF,0xFF,0xFF,0xFF,0xFF,0xFF,0xFF,0xFF,0xFF,0xFF,0xFF,0xFF,0xFF,0xFF,
  0xFF,0xFF,0xFF,0xFF,0xFF,0xFF,0xFF,0xFF,0xFF,0xFF,0xFF,0xFF,0xFF,0xFF,0xFF,0xFF,0xFF,0xFF,0xFF,0xFF,0xFF,0xFF,0xFF,0xFF,
  0xFF,0xFF,0xFF,0xFF,0xFF,0xFF,0xFF,0xFF,0xFF,0xFF,0xFF,0xFF,0xFD,0xDE,0x14,0x5B,0xED,0x10,0xC8,0x5A,0x62,0xFE,0x22,0xFE,
  0x82,0xFE,0xC4,0xE5,0xE6,0x93,0xE5,0x9B,0xC5,0x8B,0xC8,0x10,0x56,0x84,0xFF,0xFF,0xDF,0xFF,0xFF,0xFF,0xFF,0xFF,0xFF,0xFF,
  0xFF,0xFF,0xFF,0xFF,0x9E,0xEF,0xE7,0x18,0xA3,0xE0,0x04,0xF9,0xC3,0xE8,0x83,0x98,0xA5,0x30,0x6C,0x01,0x74,0x02,0x59,0x03,
  0xBC,0x03,0x9B,0x03,0x9B,0x03,0x7A,0x03,0x7A,0x03,0x7A,0x03,0x7A,0x03,0x9B,0x03,0x9A,0x03,0x39,0x03,0xB8,0x02,0x56,0x02,
  0xF3,0x21,0x6D,0x69,0x08,0xB1,0xA5,0xE0,0x83,0xF8,0x62,0xF8,0x46,0xF9,0x3A,0xD6,0xEB,0x31,0x63,0x10,0xA3,0x62,0x81,0xB4,
  0x82,0xDD,0xC2,0xE5,0x62,0xD5,0x22,0xA4,0xA2,0x41,0xC7,0x08,0x89,0x91,0x63,0xF8,0xA3,0xF8,0xA3,0xF8,0x83,0xF8,0x84,0xF8,
  0xC6,0xD8,0x09,0xA1,0x6E,0x59,0xF3,0x11,0x77,0x02,0xD8,0x02,0x39,0x03,0x9B,0x03,0x9B,0x03,0x7A,0x03,0x7A,0x03,0x7A,0x03,
  0x7A,0x03,0x7B,0x03,0x9B,0x03,0xBC,0x03,0x5A,0x03,0xB5,0x02,0xAE,0x01,0xA7,0x18,0x64,0x70,0x23,0xA8,0x03,0x20,0xD6,0x02,
  0x4E,0x01,0x73,0x8C,0xFF,0xFF,0xDF,0xFF,0xFF,0xFF,0xFF,0xFF,0xFF,0xFF,0xFF,0xFF,0xFF,0xFF,0x9F,0xE7,0x3F,0xCF,0xBF,0xDF,
  0xBC,0xC6,0x24,0x00,0x36,0xA5,0xFF,0xFF,0xFF,0xFF,0x7E,0xEF,0x2F,0x11,0x04,0xC5,0xC2,0xFE,0x62,0xFE,0x62,0xFE,0x22,0xFE,
  0x82,0xFE,0x84,0xD5,0x6A,0x29,0xB2,0x29,0xFB,0xB5,0xFF,0xFF,0xFF,0xFF,0xFF,0xFF,0xFF,0xFF,0xFF,0xFF,0xFF,0xFF,0xFF,0xFF,
  0xFF,0xFF,0xFF,0xFF,0xFF,0xFF,0xFF,0xFF,0xFF,0xFF,0xFF,0xFF,0xFF,0xFF,0xFF,0xFF,0xFF,0xFF,0xFF,0xFF,0xFF,0xFF,0xFF,0xFF,
  0xFF,0xFF,0xFF,0xFF,0xFF,0xFF,0xFF,0xFF,0xFF,0xFF,0xFF,0xFF,0xFF,0xFF,0xFF,0xFF,0x1D,0xE7,0x0E,0x09,0x23,0xCD,0x81,0xFE,
  0x62,0xFE,0x8B,0x29,0x91,0x21,0x72,0x3A,0x73,0x42,0x56,0x84,0xDF,0xFF,0xFF,0xFF,0xFF,0xFF,0xFF,0xFF,0xFF,0xFF,0xFF,0xFF,
  0xFF,0xFF,0xFF,0xFF,0xFF,0xFF,0xAD,0x3A,0x63,0x88,0xE4,0xF8,0xC3,0xF0,0xE4,0xF8,0xE4,0xF8,0xA3,0xB8,0x84,0x60,0xE7,0x18,
  0x8D,0x01,0x94,0x02,0x18,0x03,0x9B,0x03,0xBC,0x03,0x9B,0x03,0x7A,0x03,0x7A,0x03,0x7A,0x03,0x9A,0x03,0x9A,0x03,0x59,0x03,
  0xF9,0x02,0x98,0x02,0x56,0x02,0xF3,0x11,0x8F,0x41,0x4D,0x71,0x6A,0x91,0x67,0x08,0x46,0x52,0x26,0xE6,0xC2,0xFE,0x82,0xFE,
  0x62,0xFE,0x62,0xFE,0x62,0xFE,0xA2,0xFE,0xC2,0xFE,0x21,0xAC,0x66,0x08,0xCA,0x78,0x0A,0xA9,0x2B,0x81,0x6E,0x59,0xD1,0x29,
  0x14,0x0A,0x77,0x02,0xD8,0x02,0x39,0x03,0x5A,0x03,0x7A,0x03,0x7A,0x03,0x7A,0x03,0x7A,0x03,0x9B,0x03,0x9B,0x03,0xBC,0x03,
  0x9B,0x03,0x39,0x03,0x94,0x02,0xAE,0x01,0xE8,0x08,0x84,0x48,0x83,0x98,0xA4,0xE8,0xC4,0xF8,0xC4,0xF8,0x86,0x30,0x39,0x03,
  0x9B,0x03,0xC8,0x00,0x56,0xA5,0xFF,0xFF,0xBF,0xF7,0xBF,0xEF,0xBF,0xEF,0x7F,0xE7,0x5F,0xD7,0x5F,0xD7,0xFF,0xE7,0xBC,0xC6,
  0xE7,0x10,0x2F,0x5B,0xFF,0xFF,0xFF,0xFF,0xDF,0xFF,0xFF,0xFF,0x17,0x74,0xC9,0x39,0x82,0xFE,0x42,0xFE,0x42,0xFE,0x42,0xFE,
  0x42,0xFE,0x61,0xFE,0x42,0xF6,0xC6,0x8B,0xCB,0x10,0xFB,0xBD,0xFF,0xFF,0xFF,0xFF,0xFF,0xFF,0xFF,0xFF,0xFF,0xFF,0xFF,0xFF,
  0xFF,0xFF,0xFF,0xFF,0xFF,0xFF,0xFF,0xFF,0xFF,0xFF,0xFF,0xFF,0xFF,0xFF,0xFF,0xFF,0xFF,0xFF,0xFF,0xFF,0xFF,0xFF,0xFF,0xFF,
  0xFF,0xFF,0xFF,0xFF,0xFF,0xFF,0xFF,0xFF,0xFF,0xFF,0xFF,0xFF,0xFF,0xFF,0xDF,0xFF,0xFF,0xFF,0x92,0x42,0x26,0x73,0x82,0xFF,
  0x46,0x52,0xF1,0x29,0xFF,0xFF,0xFF,0xFF,0xFF,0xFF,0xFF,0xFF,0xFF,0xFF,0xFF,0xFF,0xFF,0xFF,0xFF,0xFF,0xFF,0xFF,0xFF,0xFF,
  0xFF,0xFF,0xDF,0xFF,0xFF,0xFF,0xB8,0xAD,0x25,0x20,0xE4,0xF8,0xC3,0xF0,0xE4,0xF0,0xE4,0xF0,0xE4,0xF8,0xE4,0xF8,0xE3,0xE0,
  0x83,0xA0,0x84,0x58,0xE7,0x20,0x4B,0x01,0x11,0x02,0x95,0x02,0x38,0x03,0x9B,0x03,0xBC,0x03,0xBC,0x03,0x9B,0x03,0x9B,0x03,
  0x9B,0x03,0x7A,0x03,0x59,0x03,0x19,0x03,0x19,0x03,0x97,0x02,0x07,0x00,0xA2,0x8B,0xCD,0xFF,0xE5,0xFE,0x81,0xFE,0x82,0xFE,
  0x62,0xFE,0x42,0xFE,0x82,0xFE,0xA2,0xFE,0xA1,0xFE,0x41,0xFF,0x64,0xCD,0x68,0x00,0x72,0x01,0x77,0x02,0xD8,0x02,0x1A,0x03,
  0x5A,0x03,0x7A,0x03,0x9A,0x03,0x9B,0x03,0x9B,0x03,0xBC,0x03,0xBC,0x03,0xBC,0x03,0x7A,0x03,0x38,0x03,0xB5,0x02,0xF0,0x01,
  0x4B,0x01,0xA7,0x10,0x64,0x48,0x63,0x90,0xA3,0xD8,0xC4,0xF8,0xA4,0xF8,0xC4,0xF0,0xC4,0xF8,0x42,0xA8,0x6D,0x01,0x9C,0x03,
  0x9B,0x03,0x17,0x03,0xA8,0x00,0x73,0x8C,0xBF,0xEF,0xFF,0xF7,0xFF,0xEF,0xDF,0xE7,0xFF,0xEF,0x9F,0xDF,0xF6,0x8C,0x86,0x08,
  0xED,0x5A,0xFF,0xFF,0xFF,0xFF,0xFF,0xFF,0xFF,0xFF,0xFF,0xFF,0x3D,0xE7,0xAD,0x00,0x84,0xDD,0x82,0xFE,0x42,0xFE,0x42,0xFE,
  0x42,0xFE,0x42,0xFE,0xC2,0xFE,0x02,0xFF,0x27,0x29,0x17,0x7C,0xFF,0xFF,0xDF,0xFF,0xFF,0xFF,0xFF,0xFF,0xFF,0xFF,0xFF,0xFF,
  0xFF,0xFF,0xFF,0xFF,0xFF,0xFF,0xFF,0xFF,0xFF,0xFF,0xFF,0xFF,0xFF,0xFF,0xFF,0xFF,0xFF,0xFF,0xFF,0xFF,0xFF,0xFF,0xFF,0xFF,
  0xFF,0xFF,0xFF,0xFF,0xDF,0xFF,0xDF,0xFF,0xDF,0xFF,0xDF,0xFF,0xDF,0xFF,0xDF,0xFF,0xFF,0xFF,0x1B,0xBE,0xCB,0x08,0x87,0x31,
  0x6F,0x19,0x3D,0xE7,0xFF,0xFF,0xDF,0xFF,0xDF,0xFF,0xDF,0xFF,0xFF,0xFF,0xFF,0xFF,0xFF,0xFF,0xFF,0xFF,0xFF,0xFF,0xFF,0xFF,
  0xFF,0xFF,0xFF,0xFF,0xFF,0xFF,0xFF,0xFF,0x6C,0x3A,0x02,0x70,0x04,0xF9,0xE3,0xF8,0xE4,0xF0,0xE4,0xF0,0xE4,0xF0,0xE4,0xF8,
  0x04,0xF9,0xE4,0xF8,0xE4,0xE8,0x83,0xB8,0x63,0x78,0x84,0x40,0xC7,0x18,0x2A,0x01,0xAE,0x01,0x32,0x02,0xD5,0x02,0x38,0x03,
  0x59,0x03,0x7B,0x03,0x9C,0x03,0xBC,0x03,0xFD,0x0B,0x4D,0x01,0x66,0x7B,0xC5,0xFE,0x21,0xAC,0x24,0x73,0x44,0x52,0xA4,0x39,
  0x85,0x31,0x85,0x29,0xA4,0x31,0x04,0x42,0xE4,0x6A,0xE3,0x93,0x01,0xEE,0xE1,0xA3,0xEA,0x00,0xFC,0x0B,0xDC,0x0B,0xDC,0x03,
  0xBB,0x03,0x9B,0x03,0x7B,0x03,0x39,0x03,0x17,0x03,0x95,0x02,0x11,0x02,0x8D,0x01,0x0A,0x01,0xA6,0x18,0x64,0x40,0x43,0x78,
  0x63,0xB0,0x84,0xE0,0xA4,0xF8,0xA4,0xF8,0xA4,0xF8,0xA4,0xF0,0xA4,0xE8,0xA4,0xF0,0xC4,0xF8,0x65,0x30,0xB5,0x02,0x9B,0x03,
  0x5A,0x03,0xBB,0x03,0xF8,0x02,0x46,0x00,0x07,0x19,0x91,0x63,0xB5,0x84,0x94,0x7C,0x70,0x5B,0x49,0x19,0xC6,0x10,0xD5,0x94,
  0xFF,0xFF,0xFF,0xFF,0xFF,0xFF,0xFF,0xFF,0xFF,0xFF,0xFF,0xFF,0xD6,0x6B,0x08,0x42,0x82,0xFE,0x22,0xFE,0x42,0xFE,0x42,0xFE,
  0x62,0xFE,0x62,0xFE,0x05,0x94,0x2A,0x21,0x31,0x3A,0x5D,0xE7,0xFF,0xFF,0xFF,0xFF,0xFF,0xFF,0xFF,0xFF,0xFF,0xFF,0xFF,0xFF,
  0xFF,0xFF,0xFF,0xFF,0xFF,0xFF,0xFF,0xFF,0xFF,0xFF,0xFF,0xFF,0xFF,0xFF,0xFF,0xFF,0xFF,0xFF,0xFF,0xFF,0xFF,0xFF,0xFF,0xFF,
  0xFF,0xFF,0xFF,0xFF,0xFF,0xFF,0xFF,0xFF,0xFF,0xFF,0xFF,0xFF,0xFF,0xFF,0xFF,0xFF,0xFF,0xFF,0xFF,0xFF,0xFA,0xBD,0x57,0x84,
  0x7E,0xEF,0xFF,0xFF,0xFF,0xFF,0xFF,0xFF,0xFF,0xFF,0xFF,0xFF,0xFF,0xFF,0xFF,0xFF,0xFF,0xFF,0xFF,0xFF,0xFF,0xFF,0xFF,0xFF,
  0xFF,0xFF,0xFF,0xFF,0xFF,0xFF,0xFF,0xFF,0xFC,0xDE,0x49,0x19,0x24,0x60,0xC4,0xE8,0x04,0xF9,0xE4,0xF8,0xE4,0xF0,0xE4,0xF0,
  0xE4,0xF0,0xE4,0xF0,0xC4,0xF0,0xE4,0xF8,0xC4,0xF8,0xC4,0xF8,0xC3,0xE8,0x83,0xC0,0x63,0x98,0x63,0x68,0x85,0x40,0xA6,0x20,
  0xE8,0x08,0x4B,0x01,0x8D,0x01,0xCF,0x01,0x11,0x02,0xA7,0x00,0x04,0x42,0xA6,0x31,0xE5,0x41,0xE3,0x6A,0xE4,0x93,0x22,0xA4,
  0x02,0xC5,0x03,0xC5,0x42,0xAC,0xE3,0x93,0x24,0x73,0xE3,0x41,0x23,0x29,0x04,0x42,0xC7,0x08,0x32,0x02,0x31,0x02,0xF0,0x01,
  0xAE,0x01,0x4C,0x01,0x09,0x01,0xC7,0x10,0x86,0x28,0x64,0x48,0x63,0x70,0x63,0x98,0x83,0xC8,0xA4,0xE8,0xA4,0xF8,0xA4,0xF8,
  0xA4,0xF8,0xA4,0xF8,0xA4,0xF0,0xA4,0xF0,0xA4,0xF0,0xA4,0xF0,0xA4,0xF8,0xA4,0xF8,0x22,0x68,0xD0,0x01,0xBC,0x03,0x5A,0x03,
  0x7A,0x03,0x7B,0x03,0x55,0x02,0x67,0x00,0x0E,0x5B,0xAD,0x4A,0xAA,0x29,0xA9,0x29,0x8C,0x4A,0xD4,0x94,0x9E,0xF7,0xFF,0xFF,
  0xFF,0xFF,0xFF,0xFF,0xFF,0xFF,0xFF,0xFF,0xFF,0xFF,0x3E,0xE7,0x4D,0x19,0xA3,0xDD,0x02,0xFF,0xC2,0xFE,0xA2,0xFE,0x23,0xFE,
  0xA2,0xFE,0x46,0xA4,0xF1,0x08,0x9A,0xAD,0xFF,0xFF,0xFF,0xFF,0xFF,0xFF,0xFF,0xFF,0xFF,0xFF,0xFF,0xFF,0xFF,0xFF,0xFF,0xFF,
  0xFF,0xFF,0xFF,0xFF,0xFF,0xFF,0xFF,0xFF,0xFF,0xFF,0xFF,0xFF,0xFF,0xFF,0xFF,0xFF,0xFF,0xFF,0xFF,0xFF,0xDF,0xFF,0xFF,0xFF,
  0xFF,0xFF,0xFC,0xDE,0x36,0xA5,0xD1,0x73,0x70,0x63,0xD1,0x73,0x16,0x9D,0xFC,0xDE,0xFF,0xFF,0xFF,0xFF,0xFF,0xFF,0xFF,0xFF,
  0xFF,0xFF,0xFF,0xFF,0xFF,0xFF,0xFF,0xFF,0xFF,0xFF,0xDF,0xFF,0xDF,0xFF,0xDF,0xFF,0xFF,0xFF,0xFF,0xFF,0xFF,0xFF,0xFF,0xFF,
  0xFF,0xFF,0xFF,0xFF,0xFF,0xFF,0xFF,0xFF,0xFF,0xFF,0x7E,0xEF,0x50,0x5B,0x44,0x18,0x23,0x78,0xA3,0xD0,0x04,0xF9,0xE4,0xF8,
  0xE3,0xF8,0xE4,0xF0,0xE4,0xF0,0xC4,0xF0,0xC4,0xF0,0xC4,0xF0,0xC4,0xF8,0xC4,0xF8,0xC4,0xF8,0xC4,0xF8,0xC4,0xF8,0xA3,0xE8,
  0xA3,0xD8,0x83,0xC0,0x63,0xA0,0x62,0x90,0x64,0x68,0xA6,0x08,0xA8,0x83,0x4D,0xE6,0xA2,0xFE,0xC2,0xFE,0xC2,0xFE,0xC2,0xFE,
  0x02,0xCD,0xE1,0xED,0xE1,0xFE,0xA1,0xFE,0xC1,0xFE,0xA1,0xFE,0xE1,0xED,0xE3,0x93,0xE7,0x08,0x44,0x58,0x42,0x80,0x63,0x88,
  0x83,0xA0,0x83,0xB8,0x83,0xD0,0x83,0xE0,0x84,0xF0,0xA4,0xF8,0xC4,0xF8,0xA4,0xF8,0xA4,0xF8,0xA4,0xF8,0xA4,0xF0,0xA4,0xF0,
  0x84,0xF0,0xA4,0xF0,0xA4,0xF0,0xA4,0xF8,0xA4,0xF8,0xA4,0xF8,0x83,0xD0,0x64,0x50,0xAE,0x01,0x7A,0x03,0x7A,0x03,0xBC,0x03,
  0xBB,0x03,0xAF,0x01,0x24,0x00,0x94,0x8C,0xFF,0xFF,0xFF,0xFF,0xFF,0xFF,0xFF,0xFF,0xFF,0xFF,0xFF,0xFF,0xFF,0xFF,0xDF,0xFF,
  0xFF,0xFF,0xFF,0xFF,0xFF,0xFF,0xDF,0xFF,0xFF,0xFF,0xFB,0xBD,0x89,0x00,0xE5,0xB4,0xC5,0x8B,0x28,0x4A,0x26,0x9C,0xC2,0xFE,
  0xE2,0xFE,0x06,0x73,0x35,0x53,0xFF,0xFF,0xDF,0xFF,0xFF,0xFF,0xFF,0xFF,0xFF,0xFF,0xFF,0xFF,0xFF,0xFF,0xFF,0xFF,0xFF,0xFF,
  0xFF,0xFF,0xFF,0xFF,0xFF,0xFF,0xFF,0xFF,0xFF,0xFF,0xFF,0xFF,0xFF,0xFF,0xFF,0xFF,0xFF,0xFF,0xFF,0xFF,0xFF,0xFF,0x3A,0xC6,
  0x2C,0x3A,0x66,0x00,0xE7,0x08,0xCA,0x29,0x4C,0x3A,0xCA,0x29,0xC8,0x08,0x25,0x00,0x4C,0x42,0x9B,0xD6,0xFF,0xFF,0xDF,0xFF,
  0xFF,0xFF,0xFF,0xFF,0xDF,0xFF,0xFF,0xFF,0xFF,0xFF,0xFF,0xFF,0xFF,0xFF,0xFF,0xFF,0xFF,0xFF,0xFF,0xFF,0xDF,0xFF,0xFF,0xFF,
  0xFF,0xFF,0xFF,0xFF,0xFF,0xFF,0xFF,0xFF,0xFF,0xFF,0xFF,0xFF,0xFF,0xFF,0x5A,0xC6,0x91,0x5B,0x68,0x31,0x07,0x61,0x06,0xA9,
  0x05,0xE1,0x04,0xF9,0x04,0xF9,0x04,0xF9,0xE4,0xF8,0xC4,0xF0,0xC4,0xF0,0xC4,0xF0,0xC4,0xE8,0xC4,0xF0,0xC4,0xF0,0xA4,0xF0,
  0xA4,0xF8,0xA4,0xF8,0xC4,0xF8,0xE4,0xF8,0x84,0xD0,0x03,0x21,0xA7,0xFE,0xA6,0xFE,0x21,0xFE,0x22,0xF6,0x82,0xFE,0x25,0x73,
  0x06,0x00,0xA4,0x10,0x62,0xD5,0x61,0xFE,0x01,0xF6,0x21,0xFE,0x61,0xFE,0x61,0xFE,0x24,0x19,0x64,0xC8,0xC4,0xF8,0xC4,0xF8,
  0xC4,0xF8,0xC4,0xF8,0xC4,0xF8,0xA4,0xF8,0xA4,0xF0,0xA4,0xF0,0xA4,0xF0,0xA4,0xF0,0xA4,0xF0,0xA4,0xF0,0xA4,0xF0,0xA4,0xF8,
  0xA3,0xF8,0xA4,0xF8,0xA4,0xF8,0x83,0xF0,0x63,0xB0,0x64,0x58,0x09,0x09,0x94,0x02,0x9B,0x03,0xBB,0x03,0x9B,0x03,0xB5,0x02,
  0xCA,0x00,0x07,0x21,0xB7,0xB5,0xFF,0xFF,0xDF,0xFF,0xDF,0xFF,0xFF,0xFF,0xFF,0xFF,0xDF,0xFF,0xDF,0xFF,0xFF,0xFF,0xFF,0xFF,
  0xFF,0xFF,0xFF,0xFF,0xFF,0xFF,0xFF,0xFF,0xFF,0xFF,0xBF,0xF7,0x74,0x63,0x90,0x21,0xD3,0x4A,0x17,0x74,0xCD,0x08,0xA6,0x83,
  0x44,0xFF,0xA8,0x31,0x57,0x84,0xFF,0xFF,0xDF,0xFF,0xFF,0xFF,0xFF,0xFF,0xFF,0xFF,0xFF,0xFF,0xFF,0xFF,0xFF,0xFF,0xFF,0xFF,
  0xFF,0xFF,0xFF,0xFF,0xFF,0xFF,0xFF,0xFF,0xFF,0xFF,0xFF,0xFF,0xFF,0xFF,0xFF,0xFF,0xFF,0xFF,0xFF,0xFF,0x90,0x6B,0x24,0x00,
  0xAE,0x52,0x7A,0xCE,0xFF,0xFF,0xFF,0xFF,0xFF,0xFF,0xFF,0xFF,0xFF,0xFF,0xD7,0xBD,0xCA,0x31,0x04,0x00,0xF6,0x9C,0xFF,0xFF,
  0xDF,0xFF,0xFF,0xFF,0xFF,0xFF,0xFF,0xFF,0x5D,0xEF,0x19,0xBE,0x77,0xAD,0xB7,0xB5,0x9B,0xD6,0xFF,0xFF,0xFF,0xFF,0xFF,0xFF,
  0xFF,0xFF,0xFF,0xFF,0xFF,0xFF,0xFF,0xFF,0xDF,0xFF,0xFF,0xFF,0xFF,0xFF,0xFF,0xFF,0x3D,0xE7,0x94,0x8C,0xAA,0x21,0x26,0x00,
  0x46,0x00,0x03,0x28,0x23,0x68,0x63,0xA0,0xA3,0xD8,0xC4,0xF8,0xE4,0xF8,0xC4,0xF8,0xC4,0xF8,0xC4,0xF8,0xA4,0xF0,0xA4,0xF0,
  0xA4,0xE8,0xA4,0xE8,0xC4,0xE8,0xC4,0xF0,0x84,0xD8,0xA6,0x18,0xA3,0xD5,0x62,0xFE,0x43,0xFE,0x42,0xFE,0x82,0xFE,0x84,0x31,
  0x46,0x00,0x26,0x00,0xA2,0xBC,0x81,0xFE,0x22,0xFE,0x21,0xFE,0x62,0xFE,0x63,0xD5,0x65,0x10,0x83,0xD8,0xA4,0xF0,0xC4,0xE8,
  0xC4,0xE8,0xA4,0xE8,0xA4,0xE8,0xA4,0xF0,0xA4,0xF0,0xA4,0xF0,0xA4,0xF8,0xA4,0xF8,0xA4,0xF8,0xA4,0xF8,0xA4,0xF8,0xA3,0xF0,
  0xA4,0xD0,0x63,0xA0,0x84,0x58,0xE8,0x20,0xCF,0x01,0xD6,0x02,0xBC,0x03,0xBC,0x03,0x18,0x03,0x12,0x02,0x88,0x00,0x85,0x10,
  0xB0,0x73,0x7E,0xEF,0xFF,0xFF,0xDF,0xFF,0xFF,0xFF,0xFF,0xFF,0xFF,0xFF,0xFF,0xFF,0xFF,0xFF,0xFF,0xFF,0xFF,0xFF,0xFF,0xFF,
  0xFF,0xFF,0xDF,0xFF,0xDF,0xFF,0xDF,0xFF,0xDF,0xFF,0xFF,0xFF,0xFF,0xFF,0xFF,0xFF,0xFF,0xFF,0xFF,0xFF,0x3B,0xC6,0x2F,0x19,
  0x09,0x21,0x8E,0x21,0x5E,0xE7,0xFF,0xFF,0xFF,0xFF,0xFF,0xFF,0xFF,0xFF,0xFF,0xFF,0xFF,0xFF,0xFF,0xFF,0xFF,0xFF,0xFF,0xFF,
  0xFF,0xFF,0xFF,0xFF,0xFF,0xFF,0xFF,0xFF,0xFF,0xFF,0xFF,0xFF,0xFF,0xFF,0xFF,0xFF,0xDF,0xFF,0x4D,0x42,0xC7,0x10,0x19,0xC6,
  0xFF,0xFF,0x7F,0xDF,0x9C,0x7D,0x9A,0x4C,0x5A,0x3C,0x9B,0x4C,0xBC,0x85,0xBF,0xEF,0xFF,0xFF,0xB5,0x8C,0x04,0x00,0xD4,0x94,
  0xFF,0xFF,0xFF,0xFF,0x19,0xBE,0x2C,0x42,0x86,0x00,0xA7,0x08,0x07,0x11,0xE7,0x10,0x65,0x00,0x08,0x11,0x13,0x7C,0x9E,0xF7,
  0xFF,0xFF,0xDF,0xFF,0xFF,0xFF,0xFF,0xFF,0xFF,0xFF,0x7E,0xEF,0x53,0x84,0x89,0x29,0xA6,0x08,0xAA,0x29,0x2E,0x63,0x53,0x8C,
  0xB4,0x94,0x93,0x84,0x12,0x6C,0xEF,0x4A,0x68,0x31,0x44,0x30,0x24,0x60,0xA5,0xA0,0xC5,0xC8,0xA4,0xE0,0xC4,0xF0,0xC4,0xF8,
  0xC4,0xF8,0xC4,0xF8,0xC4,0xF8,0xC4,0xF8,0xE4,0xF8,0x46,0x48,0xC4,0x83,0xC2,0xFE,0x43,0xFE,0x42,0xFE,0x82,0xFE,0x02,0xCD,
  0x45,0x00,0x04,0x6B,0x61,0xFE,0x21,0xFE,0x42,0xFE,0x22,0xFE,0xC1,0xFE,0x84,0x73,0x47,0x48,0xE4,0xF8,0xA4,0xF8,0xC4,0xF8,
  0xC4,0xF8,0xE4,0xF8,0xC4,0xF8,0xC4,0xF8,0xC4,0xF8,0xC4,0xF8,0xA3,0xE8,0x83,0xD0,0x63,0xA8,0x63,0x80,0x64,0x50,0xA6,0x20,
  0x65,0x00,0x0A,0x01,0x32,0x02,0x95,0x02,0x96,0x02,0x12,0x02,0x4D,0x01,0xA9,0x00,0x87,0x00,0xCA,0x31,0x52,0x8C,0x5D,0xE7,
  0xFF,0xFF,0xFF,0xFF,0xDF,0xFF,0xFF,0xFF,0xDF,0xFF,0xDF,0xFF,0xDF,0xFF,0xFF,0xFF,0xFF,0xFF,0xFF,0xFF,0xDF,0xFF,0xFF,0xFF,
  0xFF,0xFF,0xFF,0xFF,0xFF,0xFF,0xFF,0xFF,0xFF,0xFF,0xFF,0xFF,0xFF,0xFF,0xFF,0xFF,0xFF,0xFF,0xFF,0xFF,0xFF,0xFF,0xBE,0xF7,
  0x39,0xA5,0x1D,0xE7,0xFF,0xFF,0xFF,0xFF,0xFF,0xFF,0xFF,0xFF,0xFF,0xFF,0xFF,0xFF,0xFF,0xFF,0xFF,0xFF,0xFF,0xFF,0xFF,0xFF,
  0xFF,0xFF,0xFF,0xFF,0xFF,0xFF,0xFF,0xFF,0xFF,0xFF,0xFF,0xFF,0xFF,0xFF,0xFF,0xFF,0xAD,0x52,0xE7,0x10,0x7E,0xEF,0xFF,0xFF,
  0xDB,0x5C,0xD8,0x02,0xB8,0x02,0x19,0x03,0x18,0x03,0x18,0x03,0xF8,0x02,0x59,0x0B,0xDC,0x85,0xFF,0xFF,0x73,0x8C,0x25,0x00,
  0xFC,0xDE,0xD1,0x73,0x04,0x00,0xEE,0x52,0x39,0xC6,0xBE,0xFF,0xFF,0xFF,0xDF,0xFF,0x1C,0xEF,0xB5,0x94,0xE8,0x10,0x07,0x19,
  0x9B,0xD6,0xFF,0xFF,0xFF,0xFF,0xDF,0xFF,0x32,0x7C,0xA7,0x08,0x48,0x21,0x73,0x8C,0x1C,0xEF,0xFF,0xFF,0xFF,0xFF,0xFF,0xF7,
  0xBF,0xE7,0xDF,0xEF,0xFF,0xFF,0xFF,0xFF,0xFF,0xFF,0x9A,0xCE,0x91,0x5B,0x86,0x00,0x25,0x00,0xA7,0x10,0x86,0x28,0x64,0x40,
  0x64,0x60,0x63,0x78,0x63,0x90,0x83,0xA0,0xA3,0xB8,0x03,0x80,0xA4,0x10,0x03,0xEE,0xA3,0xFE,0x23,0xFE,0x63,0xFE,0x23,0xF6,
  0x84,0x00,0x62,0xAC,0xA1,0xFE,0x22,0xFE,0x22,0xFE,0xC2,0xFE,0x82,0xDD,0x84,0x08,0x43,0xA8,0xA3,0xD8,0xA3,0xC0,0x83,0xB8,
  0x83,0xA8,0x83,0x98,0x63,0x80,0x63,0x68,0x64,0x48,0xA6,0x30,0xC7,0x18,0x0A,0x01,0x8E,0x01,0x10,0x02,0x94,0x02,0x39,0x03,
  0x2A,0x01,0xC8,0x00,0x4A,0x11,0x28,0x19,0x68,0x29,0x2B,0x42,0x4F,0x6B,0x76,0xAD,0x1C,0xE7,0xFF,0xFF,0xFF,0xFF,0xBF,0xF7,
  0x7E,0xEF,0xDF,0xFF,0xFF,0xFF,0xFF,0xFF,0xFF,0xFF,0xFF,0xFF,0xFF,0xFF,0xFF,0xFF,0xFF,0xFF,0xFF,0xFF,0xFF,0xFF,0xFF,0xFF,
  0x5D,0xEF,0xB8,0xB5,0x53,0x84,0x70,0x63,0x2F,0x5B,0x0E,0x5B,0x2F,0x5B,0x90,0x63,0x33,0x7C,0x16,0x9D,0xF9,0xBD,0x7D,0xEF,
  0xFF,0xFF,0xFF,0xFF,0xFF,0xFF,0xFF,0xFF,0xFF,0xFF,0xFF,0xFF,0xFF,0xFF,0xFF,0xFF,0xFF,0xFF,0xFF,0xFF,0xFF,0xFF,0xFF,0xFF,
  0xFF,0xFF,0xFF,0xFF,0xFF,0xFF,0xFF,0xFF,0xFF,0xFF,0xDF,0xFF,0xFF,0xFF,0x36,0x9D,0x25,0x00,0xDC,0xDE,0xBF,0xEF,0xF9,0x2B,
  0xB8,0x02,0x39,0x3C,0x5C,0x6D,0xDA,0x1B,0x59,0x03,0x79,0x03,0x79,0x03,0x59,0x03,0xD8,0x02,0x9B,0x85,0xFF,0xFF,0x6D,0x42,
  0xE8,0x10,0xA6,0x08,0xF8,0xBD,0xFF,0xFF,0x3F,0xCF,0x9D,0x7D,0xDB,0x54,0xFB,0x5C,0xFD,0x95,0xFF,0xEF,0xFF,0xFF,0x6C,0x42,
  0xA7,0x10,0x1E,0xD7,0x7B,0xC6,0x48,0x21,0xE7,0x18,0x56,0xAD,0xFF,0xFF,0xFF,0xFF,0x7E,0xA6,0xBB,0x54,0xB9,0x1B,0x58,0x03,
  0x38,0x03,0x59,0x03,0x58,0x0B,0xD9,0x23,0x1B,0x65,0xFE,0xBE,0xFF,0xFF,0xDB,0xDE,0x2C,0x3A,0x26,0x00,0x76,0x02,0x95,0x02,
  0x53,0x02,0x11,0x02,0xD0,0x01,0xAF,0x01,0x8D,0x01,0x6B,0x01,0xEC,0x00,0x86,0x39,0xC2,0xDD,0x03,0xFF,0xC3,0xFE,0xC3,0xE5,
  0x86,0x00,0x44,0xA4,0xC2,0xFE,0x82,0xFE,0xC1,0xFE,0x42,0xD5,0x46,0x21,0xAA,0x00,0x09,0x09,0xE9,0x00,0x2B,0x01,0x6D,0x01,
  0x8D,0x01,0x8E,0x01,0x32,0x02,0x73,0x02,0x74,0x02,0x73,0x02,0x94,0x02,0x39,0x03,0xFD,0x03,0xFE,0x03,0x7B,0x03,0x9B,0x03,
  0xD6,0x02,0xA7,0x08,0x39,0xCE,0x7D,0xEF,0xBE,0xF7,0xFF,0xFF,0xFF,0xFF,0xB8,0xAD,0xAD,0x4A,0x49,0x19,0xC8,0x08,0xA7,0x08,
  0xC7,0x08,0x08,0x11,0x8A,0x21,0x2C,0x3A,0x50,0x63,0x94,0x8C,0x19,0xBE,0x7E,0xEF,0xFF,0xFF,0xFF,0xF7,0xF9,0xAD,0x6D,0x42,
  0xA7,0x08,0xA6,0x08,0x89,0x21,0x4C,0x3A,0xAD,0x4A,0x0E,0x5B,0x0E,0x5B,0xCE,0x52,0x4C,0x42,0xCB,0x29,0x08,0x11,0xC7,0x08,
  0x2C,0x3A,0x56,0xA5,0xFF,0xFF,0xFF,0xFF,0xDF,0xFF,0xFF,0xFF,0xFF,0xFF,0xFF,0xFF,0xFF,0xFF,0xFF,0xFF,0xFF,0xFF,0xFF,0xFF,
  0xFF,0xFF,0xFF,0xFF,0xFF,0xFF,0xFF,0xFF,0xFF,0xFF,0xFF,0xFF,0xBF,0xF7,0xE8,0x10,0x53,0x84,0xFF,0xFF,0x7A,0x44,0x97,0x02,
  0xDC,0x8D,0xFF,0xFF,0xFF,0xFF,0xFB,0x5C,0x19,0x03,0x79,0x03,0x59,0x03,0x59,0x03,0x59,0x03,0x58,0x03,0xBF,0xEF,0xD7,0xB5,
  0x03,0x00,0x5A,0xC6,0xFF,0xFF,0x9A,0x54,0x97,0x02,0xD8,0x02,0xF8,0x02,0x19,0x03,0xF8,0x02,0x18,0x0B,0x3D,0xA6,0xFF,0xFF,
  0xCA,0x29,0x4A,0x11,0x87,0x00,0x0E,0x5B,0xFF,0xFF,0xFF,0xFF,0x9C,0x85,0x78,0x13,0xB8,0x02,0xD9,0x02,0x39,0x03,0x59,0x03,
  0x59,0x03,0x59,0x03,0x59,0x03,0x39,0x03,0x19,0x03,0x18,0x03,0x1A,0x34,0x1E,0xCF,0xFF,0xFF,0xAC,0x52,0xC9,0x00,0x9B,0x03,
  0x7B,0x03,0xBC,0x03,0xFE,0x03,0x5A,0x03,0xB6,0x02,0xB7,0x02,0x39,0x03,0xF3,0x01,0x08,0x11,0xE2,0x6A,0x42,0xCD,0xA3,0xDD,
  0x86,0x00,0xA3,0xB4,0x21,0xEE,0xC2,0xBC,0xE3,0x72,0x09,0x09,0xB6,0x02,0xFD,0x03,0xFD,0x03,0xDC,0x03,0x7B,0x03,0x7B,0x03,
  0xBC,0x03,0xBC,0x03,0x75,0x02,0xCA,0x00,0xC9,0x00,0x08,0x11,0x29,0x11,0xC9,0x00,0x89,0x00,0xF0,0x01,0x7A,0x03,0x7A,0x03,
  0x9B,0x03,0x68,0x00,0x56,0xA5,0xFF,0xFF,0xFF,0xFF,0xBB,0xD6,0x48,0x21,0x87,0x08,0x0F,0x5B,0x36,0xA5,0x18,0xC6,0x39,0xCE,
  0x38,0xCE,0xD8,0xBD,0x15,0xA5,0x12,0x7C,0xCE,0x52,0xCA,0x29,0xE8,0x10,0xC7,0x08,0x0C,0x2A,0x8F,0x3A,0x25,0x00,0xCE,0x52,
  0x19,0xC6,0xDE,0xFF,0xFF,0xFF,0xFF,0xFF,0xFF,0xFF,0xFF,0xFF,0xFF,0xFF,0xFF,0xFF,0xFF,0xFF,0xFF,0xFF,0xFF,0xFF,0xBA,0xD6,
  0xD1,0x73,0xA6,0x10,0xAA,0x29,0x7B,0xCE,0xFF,0xFF,0xDF,0xFF,0xFF,0xFF,0xFF,0xFF,0xFF,0xFF,0xFF,0xFF,0xFF,0xFF,0xFF,0xFF,
  0xFF,0xFF,0xFF,0xFF,0xFF,0xFF,0xFF,0xFF,0xDF,0xFF,0xFF,0xFF,0x56,0xA5,0x86,0x00,0xBE,0xF7,0x9E,0xB6,0xB8,0x02,0x3B,0x6D,
  0xFF,0xFF,0xFF,0xFF,0x9D,0xB6,0x59,0x0B,0x59,0x03,0x59,0x03,0x59,0x03,0x59,0x03,0x79,0x03,0x19,0x03,0x5E,0xA6,0xFB,0xE6,
  0xD1,0x73,0xFF,0xFF,0xBB,0x4C,0xF9,0x02,0xBC,0x85,0xFE,0xCE,0x7A,0x3C,0x39,0x03,0x79,0x0B,0x39,0x03,0x18,0x03,0x7F,0xDF,
  0x39,0xCE,0x03,0x00,0x94,0x8C,0xFF,0xFF,0xBD,0xBE,0x58,0x13,0xB8,0x02,0xD8,0x02,0x9B,0x7D,0x7D,0xAE,0x79,0x0B,0x59,0x03,
  0x59,0x03,0x59,0x03,0x79,0x03,0x79,0x03,0x79,0x03,0x79,0x03,0x19,0x03,0x39,0x03,0x7D,0xA6,0xFF,0xFF,0xEB,0x39,0xCE,0x01,
  0x7F,0x05,0x56,0x03,0xEB,0x00,0x46,0x00,0xC7,0x08,0x09,0x11,0x86,0x00,0x88,0x00,0xCF,0x09,0x92,0x63,0x0A,0x3A,0xC8,0x31,
  0xC6,0x08,0x86,0x29,0xE7,0x39,0xEC,0x29,0x0E,0x01,0x6E,0x01,0x4D,0x01,0xEB,0x00,0x2C,0x01,0x12,0x02,0xBA,0x03,0x7D,0x04,
  0x98,0x03,0xC9,0x00,0x28,0x21,0x52,0x8C,0xBA,0xDE,0x9D,0xFF,0xBE,0xFF,0x1C,0xEF,0x93,0x94,0xC6,0x18,0x2C,0x01,0xBC,0x03,
  0xD7,0x02,0x07,0x00,0xC7,0x08,0x4D,0x3A,0x50,0x5B,0xA6,0x08,0xAD,0x4A,0xBE,0xFF,0xFF,0xFF,0x9F,0xE7,0xDE,0xBE,0x9E,0xAE,
  0xBF,0xB6,0x3F,0xCF,0x7F,0xDF,0xDF,0xEF,0xFF,0xFF,0xFF,0xFF,0xFE,0xFF,0x7A,0xD6,0x32,0x84,0x49,0x21,0x56,0xA5,0xFF,0xFF,
  0x7F,0xDF,0xDD,0x85,0x3A,0x3C,0x78,0x1B,0x79,0x0B,0x79,0x03,0x99,0x0B,0xB9,0x13,0xFA,0x23,0x7A,0x3C,0x5C,0x6D,0xBE,0xB6,
  0xFF,0xFF,0xDE,0xFF,0x71,0x6B,0x46,0x00,0x77,0xAD,0xFF,0xFF,0xFF,0xFF,0xFF,0xFF,0xFF,0xFF,0xFF,0xFF,0xFF,0xFF,0xFF,0xFF,
  0xFF,0xFF,0xFF,0xFF,0xFF,0xFF,0xFF,0xFF,0xDF,0xFF,0xFF,0xFF,0xAD,0x4A,0xAD,0x4A,0xFF,0xFF,0x3A,0x3C,0x38,0x0B,0x7E,0xE7,
  0xFF,0xFF,0x5E,0xDF,0x79,0x0B,0x39,0x03,0x59,0x03,0x59,0x03,0x59,0x03,0x59,0x03,0x79,0x03,0x19,0x03,0x5C,0x75,0xDF,0xFF,
  0x9E,0xF7,0xBD,0xBE,0xD8,0x02,0x5D,0x9E,0xFF,0xFF,0xFF,0xFF,0x3A,0x34,0x39,0x03,0x59,0x03,0x79,0x03,0x19,0x03,0x3C,0x6D,
  0xBE,0xFF,0x36,0x9D,0xFF,0xFF,0x1D,0x9E,0xB8,0x02,0xD9,0x2B,0x3D,0xA6,0xDD,0x8D,0xBE,0xBE,0x7D,0xAE,0x59,0x03,0x59,0x03,
  0x59,0x03,0x59,0x03,0x59,0x03,0x59,0x03,0x59,0x03,0x59,0x03,0x79,0x03,0x59,0x03,0x38,0x03,0x1E,0xCF,0x1C,0xE7,0xE7,0x08,
  0x6F,0x02,0x66,0x00,0xEE,0x5A,0x38,0xCE,0x9D,0xFF,0xBE,0xFF,0xFB,0xE6,0x52,0x8C,0xE7,0x18,0x0E,0x5B,0xDF,0xFF,0x5E,0xE7,
  0xDB,0xDE,0x1D,0xDF,0xFC,0xDE,0xCF,0x4A,0xA8,0x00,0x6C,0x42,0x31,0x84,0xB4,0x9C,0x6F,0x73,0x27,0x21,0x0A,0x01,0x37,0x04,
  0xC7,0x00,0x0E,0x63,0xDF,0xFF,0xFF,0xFF,0x7E,0xA6,0x5C,0x6D,0x1B,0x65,0x1D,0x9E,0xFF,0xFF,0x5D,0xEF,0x8A,0x29,0x2C,0x01,
  0x87,0x00,0xEA,0x31,0xF1,0x7B,0x52,0x84,0x8D,0x42,0xAD,0x4A,0xFF,0xFF,0xBE,0xB6,0xB9,0x23,0xD7,0x02,0x78,0x13,0xFA,0x23,
  0x99,0x13,0xF8,0x02,0x18,0x03,0x58,0x03,0xB9,0x1B,0x5A,0x3C,0x5C,0x6D,0xBE,0xB6,0xFF,0xF7,0xFF,0xFF,0xFF,0xFF,0xBC,0x85,
  0x18,0x03,0x19,0x03,0x7A,0x44,0x3D,0x9E,0xBE,0xBE,0xFB,0x5C,0x19,0x03,0x59,0x03,0x39,0x03,0x39,0x03,0x19,0x03,0xF8,0x02,
  0xB9,0x1B,0x5D,0x9E,0xFF,0xFF,0x73,0x8C,0x24,0x00,0xDC,0xDE,0xFF,0xFF,0xFF,0xFF,0xFF,0xFF,0xFF,0xFF,0xFF,0xFF,0xFF,0xFF,
  0xFF,0xFF,0xFF,0xFF,0xFF,0xFF,0xFF,0xFF,0xFF,0xFF,0xFF,0xFF,0x08,0x11,0xD5,0x9C,0xDF,0xF7,0x18,0x03,0x3A,0x34,0xFF,0xFF,
  0xFF,0xFF,0x9B,0x4C,0x19,0x03,0x79,0x03,0x59,0x03,0x59,0x03,0x59,0x03,0x59,0x03,0x79,0x03,0x18,0x03,0x3B,0x6D,0xFF,0xFF,
  0xFF,0xFF,0xFB,0x5C,0x79,0x0B,0xFF,0xFF,0xBF,0xF7,0x7B,0x44,0x18,0x03,0x59,0x03,0x59,0x03,0x79,0x03,0x39,0x03,0x3A,0x34,
  0xFF,0xFF,0xFF,0xFF,0x3D,0xA6,0xB8,0x02,0x3B,0x6D,0xDF,0xFF,0xFF,0xFF,0x5E,0xDF,0x39,0x03,0x19,0x03,0x59,0x03,0x59,0x03,
  0x59,0x03,0x59,0x03,0x59,0x03,0x59,0x03,0x59,0x03,0x59,0x03,0x59,0x03,0x79,0x03,0x39,0x03,0xF9,0x2B,0xFF,0xFF,0x6F,0x63,
  0x45,0x08,0xF8,0xBD,0xFF,0xFF,0x3F,0xD7,0xDD,0x8D,0x7C,0x75,0x5D,0xA6,0xFF,0xFF,0x3C,0xE7,0x08,0x19,0x6D,0x42,0xFF,0xFF,
  0xFF,0xFF,0x1C,0xDF,0x28,0x19,0xC9,0x31,0xBA,0xD6,0xFF,0xFF,0xFF,0xF7,0x9F,0xE7,0xFF,0xFF,0xFF,0xFF,0xF2,0x7B,0x03,0x00,
  0xCD,0x52,0xFF,0xFF,0x7D,0xAE,0x59,0x13,0xB8,0x02,0xF8,0x02,0xF8,0x02,0xD8,0x02,0xB9,0x1B,0x9F,0xDF,0xFC,0xDE,0x65,0x08,
  0xB4,0x94,0xFF,0xFF,0xFF,0xFF,0xFF,0xFF,0xFF,0xFF,0xFF,0xFF,0xFE,0xCE,0xF8,0x02,0xFA,0x2B,0xFE,0xC6,0xFF,0xFF,0xFF,0xFF,
  0xDF,0xFF,0xD9,0x23,0x59,0x03,0x59,0x03,0x39,0x03,0x19,0x03,0xF8,0x02,0x18,0x03,0x59,0x0B,0xBA,0x54,0x3E,0xD7,0x5D,0xA6,
  0x19,0x03,0xD9,0x1B,0xFF,0xFF,0xFF,0xFF,0x9F,0xE7,0x1B,0x65,0x39,0x03,0x79,0x03,0x79,0x03,0x79,0x03,0x79,0x03,0x79,0x03,
  0x59,0x03,0xF8,0x02,0xBC,0x8D,0xFF,0xFF,0xCB,0x29,0x91,0x6B,0xFF,0xFF,0xDF,0xFF,0xFF,0xFF,0xFF,0xFF,0xFF,0xFF,0xFF,0xFF,
  0xFF,0xFF,0xFF,0xFF,0xFF,0xFF,0xFF,0xFF,0xFF,0xFF,0x3D,0xE7,0x86,0x00,0x39,0xCE,0x3F,0xCF,0xF9,0x02,0xB9,0x1B,0xFE,0xCE,
  0x7C,0x7D,0x39,0x03,0x59,0x03,0x59,0x03,0x59,0x03,0x59,0x03,0x59,0x03,0x59,0x03,0x79,0x03,0x18,0x03,0xBC,0x85,0xFF,0xFF,
  0xFF,0xFF,0x7A,0x44,0x39,0x03,0x3B,0x65,0x3A,0x34,0x19,0x03,0x79,0x03,0x59,0x03,0x59,0x03,0x79,0x03,0x39,0x03,0xFA,0x23,
  0xFF,0xFF,0xFD,0xCE,0xD8,0x02,0x7C,0x75,0xFF,0xFF,0xFF,0xFF,0xFE,0xC6,0xD9,0x23,0x39,0x03,0x79,0x03,0x59,0x03,0x59,0x03,
  0x59,0x03,0x59,0x03,0x59,0x03,0x59,0x03,0x59,0x03,0x59,0x03,0x59,0x03,0x59,0x03,0x79,0x03,0x18,0x03,0x3F,0xCF,0x9A,0xD6,
  0x7A,0xCE,0xFF,0xF7,0xBB,0x54,0xB8,0x02,0xB8,0x02,0x18,0x03,0xF8,0x02,0xB9,0x1B,0x1E,0xCF,0x9E,0xF7,0x86,0x08,0x53,0x84,
  0x5D,0xE7,0x85,0x08,0x2F,0x5B,0xFF,0xFF,0x3F,0xD7,0x9A,0x4C,0x59,0x0B,0x38,0x03,0xB9,0x1B,0xBC,0x85,0xFF,0xFF,0xB4,0x8C,
  0x5D,0xEF,0xDE,0xC6,0xB8,0x02,0x19,0x34,0x9D,0xB6,0xDA,0x23,0x59,0x03,0x79,0x0B,0x19,0x03,0x5B,0x34,0xFF,0xFF,0x7A,0xCE,
  0xFF,0xFF,0x5C,0x75,0x38,0x03,0x39,0x03,0xD9,0x2B,0x9D,0xB6,0xBE,0xB6,0xB8,0x02,0x3B,0x65,0x9F,0xEF,0x5D,0xAE,0x5C,0x6D,
  0x7A,0x3C,0x79,0x03,0x59,0x03,0x59,0x03,0x79,0x03,0x79,0x03,0x79,0x03,0x79,0x03,0x59,0x03,0x19,0x03,0x79,0x0B,0x5E,0xDF,
  0xFD,0x95,0xF8,0x02,0x1A,0x2C,0x1A,0x2C,0x59,0x03,0x19,0x03,0x79,0x03,0x59,0x03,0x79,0x03,0x59,0x03,0x59,0x03,0x59,0x03,
  0x79,0x03,0x39,0x03,0x78,0x13,0xFF,0xFF,0x53,0x84,0xEB,0x31,0xFF,0xFF,0xFF,0xFF,0xFF,0xFF,0xFF,0xFF,0xFF,0xFF,0xFF,0xFF,
  0xFF,0xFF,0xFF,0xFF,0xFF,0xFF,0xFF,0xFF,0xFF,0xFF,0xBB,0xD6,0x66,0x00,0xDB,0xE6,0xBE,0xB6,0xB8,0x02,0x7D,0xAE,0xBF,0xF7,
  0xDA,0x1B,0x39,0x03,0x79,0x03,0x59,0x03,0x59,0x03,0x59,0x03,0x59,0x03,0x59,0x03,0x79,0x03,0x18,0x03,0x3D,0xA6,0xFF,0xFF,
  0xFF,0xFF,0x5A,0x3C,0x18,0x03,0x18,0x03,0x39,0x03,0x79,0x03,0x59,0x03,0x59,0x03,0x59,0x03,0x79,0x03,0x19,0x03,0xBB,0x4C,
  0xFF,0xFF,0xDA,0x23,0x39,0x3C,0xFF,0xFF,0xFF,0xFF,0xBE,0xBE,0x59,0x0B,0x39,0x03,0x79,0x03,0x59,0x03,0x59,0x03,0x59,0x03,
  0x59,0x03,0x59,0x03,0x59,0x03,0x79,0x03,0x79,0x03,0x59,0x03,0x59,0x03,0x59,0x03,0x79,0x03,0x39,0x03,0xDC,0x8D,0xFF,0xFF,
  0xBF,0xEF,0xFA,0x2B,0xD8,0x02,0x7A,0x44,0x19,0x34,0x59,0x03,0x79,0x03,0x19,0x03,0x79,0x0B,0x9F,0xE7,0x18,0xBE,0xE8,0x08,
  0x29,0x19,0x0E,0x5B,0xFF,0xFF,0x3D,0xA6,0x39,0x03,0xD8,0x02,0x59,0x03,0x59,0x03,0x39,0x03,0xD8,0x02,0x3B,0x6D,0xFF,0xFF,
  0xFF,0xFF,0xDA,0x23,0x9A,0x13,0xBF,0xEF,0xBF,0xF7,0x99,0x13,0x59,0x03,0x59,0x03,0x79,0x03,0x18,0x03,0xDD,0xC6,0xFF,0xFF,
  0xBA,0x54,0xD8,0x02,0x5B,0x75,0x3A,0x3C,0xF9,0x02,0x39,0x03,0xBD,0xB6,0x3C,0x65,0x19,0x03,0x79,0x03,0x19,0x03,0x19,0x03,
  0x19,0x03,0x59,0x03,0x59,0x03,0x59,0x03,0x59,0x03,0x59,0x03,0x59,0x03,0x59,0x03,0x59,0x03,0x79,0x03,0x18,0x03,0x1A,0x24,
  0xDF,0xF7,0xD9,0x1B,0x19,0x03,0x39,0x03,0x59,0x03,0x79,0x03,0x59,0x03,0x79,0x03,0x59,0x03,0x59,0x03,0x79,0x03,0x59,0x03,
  0x59,0x03,0x59,0x03,0x58,0x03,0xFF,0xF7,0x93,0x8C,0xAA,0x29,0xFF,0xFF,0xFF,0xFF,0xFF,0xFF,0xFF,0xFF,0xFF,0xFF,0xFF,0xFF,
  0xFF,0xFF,0xFF,0xFF,0xFF,0xFF,0xFF,0xFF,0xFF,0xFF,0x7A,0xCE,0x66,0x00,0x1C,0xE7,0x7D,0xAE,0xD8,0x02,0x3E,0xD7,0xDF,0xFF,
  0xBA,0x1B,0x39,0x03,0x59,0x03,0x59,0x03,0x59,0x03,0x59,0x03,0x59,0x03,0x59,0x03,0x59,0x03,0x59,0x03,0x1E,0xCF,0xFF,0xFF,
  0xFF,0xFF,0x9B,0x44,0x19,0x03,0x79,0x03,0x79,0x03,0x59,0x03,0x59,0x03,0x59,0x03,0x59,0x03,0x79,0x03,0x59,0x03,0x5F,0xDF,
  0xFC,0x95,0xD8,0x02,0x1E,0xCF,0xFF,0xFF,0x1E,0xD7,0x59,0x0B,0x39,0x03,0x79,0x03,0x59,0x03,0x59,0x03,0x59,0x03,0x59,0x03,
  0x59,0x03,0x59,0x03,0x59,0x03,0x59,0x03,0x79,0x03,0x59,0x03,0x59,0x03,0x59,0x03,0x79,0x03,0x19,0x03,0xDC,0x85,0xFF,0xFF,
  0x5A,0x3C,0xD8,0x02,0x1C,0x9E,0xFF,0xFF,0x3D,0xA6,0xF8,0x02,0x79,0x03,0x79,0x03,0x19,0x03,0x5A,0x3C,0xFF,0xFF,0xEE,0x52,
  0x48,0x19,0xFF,0xFF,0x7D,0xAE,0xB7,0x02,0x59,0x03,0xD9,0x23,0x59,0x03,0x59,0x03,0x59,0x03,0x79,0x03,0x18,0x03,0x1E,0xD7,
  0x9D,0xBE,0x98,0x02,0x7C,0x7D,0xFF,0xFF,0x3B,0x6D,0xF8,0x02,0x79,0x03,0x59,0x03,0x79,0x03,0xF8,0x02,0x7D,0xAE,0xDE,0xC6,
  0xF9,0x02,0xDE,0xC6,0xFF,0xFF,0xBB,0x4C,0x39,0x03,0x39,0x03,0xB9,0x1B,0xDE,0xC6,0x79,0x0B,0x59,0x03,0x79,0x03,0x79,0x03,
  0x79,0x03,0x59,0x03,0x59,0x03,0x59,0x03,0x59,0x03,0x59,0x03,0x59,0x03,0x59,0x03,0x59,0x03,0x59,0x03,0x79,0x03,0x19,0x03,
  0xBD,0xBE,0x5C,0x6D,0x19,0x03,0x79,0x03,0x59,0x03,0x59,0x03,0x59,0x03,0x59,0x03,0x59,0x03,0x59,0x03,0x79,0x03,0x59,0x03,
  0x59,0x03,0x59,0x03,0x99,0x13,0xFF,0xFF,0x70,0x63,0x6D,0x42,0xFF,0xFF,0xDF,0xFF,0xFF,0xFF,0xFF,0xFF,0xFF,0xFF,0xFF,0xFF,
  0xFF,0xFF,0xFF,0xFF,0xFF,0xFF,0xFF,0xFF,0xFF,0xFF,0xBB,0xD6,0x66,0x00,0xFB,0xE6,0x9E,0xAE,0xF9,0x02,0x1A,0x24,0x1A,0x2C,
  0x39,0x03,0x59,0x03,0x59,0x03,0x59,0x03,0x59,0x03,0x59,0x03,0x59,0x03,0x79,0x03,0x39,0x03,0xD9,0x1B,0xBF,0xEF,0xFF,0xFF,
  0xFF,0xFF,0xBB,0x4C,0x19,0x03,0x79,0x03,0x59,0x03,0x59,0x03,0x59,0x03,0x59,0x03,0x79,0x03,0x19,0x03,0xFB,0x54,0xFF,0xFF,
  0xBA,0x13,0x18,0x03,0xBD,0xBE,0x9F,0xE7,0x1A,0x2C,0x19,0x03,0x79,0x03,0x59,0x03,0x59,0x03,0x59,0x03,0x59,0x03,0x59,0x03,
  0x59,0x03,0x79,0x03,0x59,0x03,0x59,0x03,0x59,0x03,0x59,0x03,0x59,0x03,0x59,0x03,0x79,0x03,0x18,0x03,0xBD,0xBE,0x7D,0xAE,
  0x98,0x02,0x9C,0x7D,0xFF,0xFF,0x3E,0xDF,0xDA,0x23,0x39,0x03,0x59,0x03,0x59,0x03,0x79,0x03,0x18,0x03,0xBE,0xBE,0xFC,0xE6,
  0xBB,0xD6,0x5E,0xDF,0x39,0x0B,0x99,0x1B,0xDE,0xC6,0xBF,0xF7,0x99,0x13,0x39,0x03,0x59,0x03,0x79,0x03,0xF8,0x02,0x9C,0x7D,
  0x7D,0xAE,0xB8,0x02,0xDD,0xC6,0xFF,0xFF,0xFA,0x23,0x39,0x03,0x59,0x03,0x59,0x03,0x79,0x03,0xF9,0x02,0x3D,0xA6,0x1B,0x65,
  0xFA,0x23,0xFF,0xFF,0x1B,0x65,0xF9,0x02,0x79,0x03,0x79,0x03,0xF8,0x02,0xFC,0x95,0xFB,0x54,0x19,0x03,0x79,0x03,0x59,0x03,
  0x59,0x03,0x59,0x03,0x59,0x03,0x59,0x03,0x59,0x03,0x59,0x03,0x59,0x03,0x59,0x03,0x59,0x03,0x59,0x03,0x79,0x03,0xF8,0x02,
  0x3C,0x9E,0xDC,0x8D,0xF9,0x02,0x79,0x03,0x59,0x03,0x59,0x03,0x59,0x03,0x59,0x03,0x59,0x03,0x59,0x03,0x59,0x03,0x59,0x03,
  0x79,0x03,0x18,0x03,0xBA,0x4C,0xFF,0xFF,0x89,0x21,0x33,0x7C,0xFF,0xFF,0xDF,0xFF,0xFF,0xFF,0xFF,0xFF,0xFF,0xFF,0xFF,0xFF,
  0xFF,0xFF,0xFF,0xFF,0xFF,0xFF,0xFF,0xFF,0xFF,0xFF,0x1C,0xE7,0x86,0x00,0x79,0xD6,0xFF,0xBE,0x19,0x03,0x59,0x03,0x39,0x03,
  0x59,0x03,0x59,0x03,0x59,0x03,0x59,0x03,0x59,0x03,0x59,0x03,0x59,0x03,0x79,0x03,0x19,0x03,0x7A,0x44,0xFF,0xFF,0xFF,0xFF,
  0xFF,0xFF,0x3A,0x34,0x19,0x03,0x79,0x03,0x59,0x03,0x59,0x03,0x59,0x03,0x59,0x03,0x79,0x03,0x19,0x03,0x1E,0xCF,0x1D,0x9E,
  0xF8,0x02,0x59,0x03,0x99,0x0B,0xB9,0x13,0x39,0x03,0x79,0x03,0x59,0x03,0x59,0x03,0x59,0x03,0x79,0x03,0x59,0x03,0x79,0x03,
  0x79,0x03,0x79,0x03,0x59,0x03,0x59,0x03,0x59,0x03,0x59,0x03,0x59,0x03,0x59,0x03,0x59,0x03,0x79,0x0B,0x7F,0xE7,0xFA,0x23,
  0x79,0x13,0xBF,0xEF,0xFF,0xFF,0x5A,0x44,0xF8,0x02,0x79,0x03,0x59,0x03,0x59,0x03,0x79,0x03,0x39,0x03,0x5A,0x3C,0xFF,0xFF,
  0xFF,0xFF,0x3A,0x3C,0xF8,0x02,0xFE,0xC6,0xFF,0xFF,0x9C,0x7D,0x39,0x03,0x59,0x03,0x59,0x03,0x59,0x03,0x19,0x03,0x7A,0x44,
  0x5E,0xDF,0x39,0x03,0x5D,0xA6,0xFE,0xCE,0x39,0x03,0x59,0x03,0x59,0x03,0x59,0x03,0x79,0x03,0xF8,0x02,0x7D,0xAE,0x1C,0x65,
  0x59,0x03,0x3A,0x34,0x38,0x03,0x59,0x03,0x59,0x03,0x79,0x03,0x19,0x03,0x9B,0x44,0xFC,0x95,0x18,0x03,0x79,0x03,0x59,0x03,
  0x59,0x03,0x59,0x03,0x59,0x03,0x59,0x03,0x59,0x03,0x59,0x03,0x59,0x03,0x59,0x03,0x59,0x03,0x59,0x03,0x79,0x03,0x18,0x03,
  0x9D,0xB6,0x7C,0x75,0xF9,0x02,0x79,0x03,0x59,0x03,0x59,0x03,0x59,0x03,0x79,0x03,0x79,0x03,0x79,0x03,0x79,0x03,0x79,0x03,
  0x59,0x03,0x18,0x03,0x3E,0xD7,0xBB,0xD6,0x66,0x00,0xDB,0xD6,0xFF,0xFF,0xFF,0xFF,0xFF,0xFF,0xFF,0xFF,0xFF,0xFF,0xFF,0xFF,
  0xFF,0xFF,0xFF,0xFF,0xFF,0xFF,0xFF,0xFF,0xFF,0xFF,0x9E,0xF7,0xC7,0x08,0xB7,0xB5,0x7F,0xDF,0x18,0x03,0x79,0x03,0x79,0x03,
  0x59,0x03,0x59,0x03,0x59,0x03,0x59,0x03,0x79,0x03,0x59,0x03,0x59,0x03,0x59,0x03,0x59,0x03,0xBA,0x13,0xBC,0x85,0x3D,0x9E,
  0x3B,0x6D,0x59,0x03,0x59,0x03,0x59,0x03,0x59,0x03,0x59,0x03,0x59,0x03,0x79,0x03,0x39,0x03,0x1A,0x24,0xFF,0xFF,0x3A,0x34,
  0x19,0x03,0x79,0x03,0x59,0x03,0x59,0x03,0x79,0x03,0x59,0x03,0x59,0x03,0x59,0x03,0x59,0x03,0x59,0x03,0x59,0x03,0x59,0x03,
  0x59,0x03,0x59,0x03,0x59,0x03,0x59,0x03,0x59,0x03,0x79,0x03,0x79,0x03,0x79,0x03,0xD8,0x02,0xFC,0x8D,0xDE,0xC6,0xD8,0x02,
  0x9B,0x44,0xFF,0xFF,0x9D,0xB6,0x19,0x03,0x79,0x03,0x59,0x03,0x59,0x03,0x59,0x03,0x59,0x03,0x59,0x03,0x39,0x03,0x7F,0xE7,
  0xFC,0x9D,0x98,0x02,0xDB,0x54,0xFF,0xFF,0x1D,0x9E,0xF8,0x02,0x59,0x03,0x59,0x03,0x59,0x03,0x59,0x03,0x59,0x03,0xB9,0x13,
  0x5E,0xDF,0xD9,0x23,0x79,0x03,0x99,0x0B,0x39,0x03,0x59,0x03,0x59,0x03,0x59,0x03,0x79,0x03,0x38,0x03,0x3E,0xD7,0x7C,0x7D,
  0xF8,0x02,0x59,0x03,0x79,0x03,0x59,0x03,0x59,0x03,0x59,0x03,0x59,0x03,0xBA,0x0B,0x5D,0xA6,0x79,0x03,0x59,0x03,0x59,0x03,
  0x59,0x03,0x59,0x03,0x59,0x03,0x59,0x03,0x59,0x03,0x59,0x03,0x59,0x03,0x59,0x03,0x59,0x03,0x79,0x03,0x39,0x03,0xB9,0x13,
  0xBF,0xF7,0x1A,0x2C,0x39,0x03,0x79,0x03,0x59,0x03,0x59,0x03,0x59,0x03,0x59,0x03,0x59,0x03,0x39,0x03,0x39,0x03,0xF8,0x02,
  0x38,0x03,0x3D,0xA6,0xFF,0xFF,0xAA,0x29,0xEE,0x52,0xFF,0xFF,0xDF,0xFF,0xFF,0xFF,0xFF,0xFF,0xFF,0xFF,0xFF,0xFF,0xFF,0xFF,
  0xFF,0xFF,0xFF,0xFF,0xFF,0xFF,0xFF,0xFF,0xFF,0xFF,0xFF,0xFF,0x69,0x19,0x94,0x8C,0xFF,0xF7,0x59,0x03,0x59,0x03,0x59,0x03,
  0x59,0x03,0x59,0x03,0x59,0x03,0x59,0x03,0x79,0x03,0x59,0x03,0x59,0x03,0x59,0x03,0x59,0x03,0x59,0x03,0x18,0x03,0x19,0x03,
  0x18,0x03,0x59,0x03,0x59,0x03,0x59,0x03,0x59,0x03,0x59,0x03,0x59,0x03,0x79,0x03,0x19,0x03,0x9C,0x7D,0x5E,0xE7,0x39,0x03,
  0x79,0x03,0x59,0x03,0x79,0x03,0x79,0x03,0x59,0x03,0x59,0x03,0x59,0x03,0x59,0x03,0x78,0x23,0x76,0x63,0x76,0x83,0x96,0x83,
  0x77,0x5B,0x78,0x1B,0x59,0x03,0x59,0x03,0x59,0x03,0x59,0x03,0x39,0x03,0xF8,0x02,0xDB,0x54,0xFF,0xFF,0xFB,0x64,0xB8,0x02,
  0x5A,0x3C,0x7D,0xB6,0xDA,0x23,0x59,0x03,0x59,0x03,0x59,0x03,0x59,0x03,0x59,0x03,0x59,0x03,0x79,0x03,0x39,0x03,0xDB,0x54,
  0xDA,0x1B,0x19,0x03,0x1A,0x24,0x9C,0x7D,0x59,0x03,0x39,0x03,0x59,0x03,0x59,0x03,0x59,0x03,0x59,0x03,0x79,0x03,0x39,0x03,
  0x1E,0xCF,0xFB,0x5C,0x19,0x03,0x79,0x03,0x59,0x03,0x59,0x03,0x59,0x03,0x79,0x03,0x59,0x03,0x99,0x0B,0xDF,0xFF,0x3D,0x9E,
  0x19,0x03,0x79,0x03,0x59,0x03,0x59,0x03,0x59,0x03,0x59,0x03,0x79,0x03,0x39,0x03,0x3D,0x9E,0x1A,0x2C,0x39,0x03,0x59,0x03,
  0x59,0x03,0x59,0x03,0x59,0x03,0x59,0x03,0x59,0x03,0x59,0x03,0x79,0x03,0x79,0x03,0x59,0x03,0x19,0x03,0x39,0x03,0x1E,0xCF,
  0x1D,0x9E,0x19,0x03,0x79,0x03,0x59,0x03,0x59,0x03,0x59,0x03,0x59,0x03,0x99,0x13,0xF9,0x1B,0xF9,0x23,0x3A,0x34,0x3B,0x6D,
  0xBF,0xE7,0xFF,0xFF,0x0F,0x5B,0xC7,0x10,0x5D,0xEF,0xFF,0xFF,0xFF,0xFF,0xFF,0xFF,0xFF,0xFF,0xFF,0xFF,0xFF,0xFF,0xFF,0xFF,
  0xFF,0xFF,0xFF,0xFF,0xFF,0xFF,0xFF,0xFF,0xDF,0xFF,0xFF,0xFF,0x8D,0x42,0x0F,0x5B,0xFF,0xFF,0xF9,0x23,0x39,0x03,0x59,0x03,
  0x59,0x03,0x59,0x03,0x59,0x03,0x59,0x03,0x79,0x03,0x79,0x03,0x59,0x03,0x79,0x03,0x59,0x03,0x59,0x03,0x79,0x03,0x79,0x03,
  0x79,0x03,0x59,0x03,0x59,0x03,0x59,0x03,0x59,0x03,0x59,0x03,0x59,0x03,0x79,0x03,0x18,0x03,0xDE,0xBE,0x3D,0x9E,0xF9,0x02,
  0x79,0x03,0x59,0x03,0x59,0x03,0x59,0x03,0x59,0x03,0x59,0x03,0x59,0x03,0x75,0x8B,0x73,0xF3,0xD3,0xFB,0x93,0xFB,0x93,0xFB,
  0x93,0xFB,0xD4,0xEB,0x96,0x7B,0xB9,0x13,0x38,0x03,0x79,0x03,0x1A,0x2C,0x1D,0x96,0xFF,0xFF,0xFF,0xFF,0x1A,0x2C,0xF8,0x02,
  0x5E,0xDF,0x5E,0xDF,0x39,0x03,0x79,0x03,0x59,0x03,0x59,0x03,0x59,0x03,0x59,0x03,0x59,0x03,0x59,0x03,0x79,0x03,0x39,0x03,
  0x59,0x03,0x79,0x03,0x59,0x03,0x19,0x03,0x59,0x03,0x59,0x03,0x59,0x03,0x59,0x03,0x59,0x03,0x59,0x03,0x79,0x03,0xF8,0x02,
  0x3D,0x9E,0x1D,0x96,0xF9,0x02,0x79,0x03,0x59,0x03,0x59,0x03,0x59,0x03,0x79,0x03,0x19,0x03,0x7A,0x44,0xFF,0xFF,0xBD,0xBE,
  0x39,0x03,0x79,0x03,0x59,0x03,0x59,0x03,0x59,0x03,0x59,0x03,0x79,0x03,0x19,0x03,0x9C,0x7D,0x9A,0x44,0xB8,0x02,0x59,0x03,
  0x59,0x03,0x59,0x03,0x59,0x03,0x59,0x03,0x59,0x03,0x59,0x03,0x19,0x03,0x18,0x03,0x38,0x03,0xBA,0x4C,0x3E,0xD7,0x3D,0x9E,
  0x39,0x03,0x59,0x03,0x59,0x03,0x59,0x03,0x79,0x03,0x39,0x03,0x1A,0x2C,0xBF,0xF7,0xFF,0xFF,0xFF,0xFF,0xFF,0xFF,0xFF,0xFF,
  0xB8,0xB5,0x0B,0x3A,0x49,0x21,0xDC,0xDE,0xFF,0xFF,0xFF,0xFF,0xFF,0xFF,0xFF,0xFF,0xFF,0xFF,0xFF,0xFF,0xFF,0xFF,0xFF,0xFF,
  0xFF,0xFF,0xFF,0xFF,0xFF,0xFF,0xFF,0xFF,0xDF,0xFF,0xFF,0xFF,0xF2,0x73,0x89,0x21,0xFF,0xFF,0xDB,0x54,0x18,0x03,0x79,0x03,
  0x59,0x03,0x59,0x03,0x59,0x03,0x59,0x03,0x59,0x03,0x59,0x03,0x59,0x03,0x59,0x03,0x59,0x03,0x59,0x03,0x59,0x03,0x59,0x03,
  0x59,0x03,0x59,0x03,0x59,0x03,0x59,0x03,0x59,0x03,0x59,0x03,0x59,0x03,0x59,0x03,0x59,0x03,0x9F,0xE7,0x1C,0x65,0x19,0x03,
  0x79,0x03,0x59,0x03,0x59,0x03,0x59,0x03,0x59,0x03,0x59,0x03,0x74,0xB3,0x14,0xFC,0x7B,0xFE,0x7E,0xFF,0x58,0xFD,0x52,0xFB,
  0xB3,0xFB,0xB3,0xFB,0x93,0xFB,0xB7,0xE4,0x1E,0xCF,0x3E,0xDF,0xFF,0xFF,0xDF,0xFF,0x5A,0xCE,0x5F,0xE7,0x79,0x0B,0x19,0x03,
  0x5C,0x75,0x1B,0x65,0x39,0x03,0x59,0x03,0x59,0x03,0x59,0x03,0x59,0x03,0x59,0x03,0x59,0x03,0x59,0x03,0x59,0x03,0x79,0x03,
  0x79,0x03,0x59,0x03,0x79,0x03,0x79,0x03,0x59,0x03,0x59,0x03,0x59,0x03,0x59,0x03,0x59,0x03,0x59,0x03,0x79,0x03,0x19,0x03,
  0x3B,0x6D,0xFE,0xC6,0x19,0x03,0x79,0x03,0x59,0x03,0x59,0x03,0x59,0x03,0x79,0x03,0x19,0x03,0x9C,0x7D,0xFF,0xFF,0x1E,0xD7,
  0x59,0x03,0x59,0x03,0x59,0x03,0x59,0x03,0x59,0x03,0x59,0x03,0x79,0x03,0x19,0x03,0xDB,0x54,0xDE,0xC6,0x3B,0x75,0x99,0x13,
  0x59,0x03,0x59,0x03,0x59,0x03,0x59,0x03,0x59,0x03,0x99,0x0B,0x5B,0x75,0x1D,0x96,0x1E,0xCF,0xFE,0xC6,0xBB,0x54,0x19,0x03,
  0x79,0x03,0x59,0x03,0x59,0x03,0x59,0x03,0x79,0x03,0x39,0x03,0x3A,0x2C,0x7F,0xE7,0x9F,0xEF,0x9F,0xEF,0xDF,0xFF,0xFF,0xFF,
  0xB1,0x6B,0x04,0x00,0x7A,0xCE,0xFF,0xFF,0xDF,0xFF,0xFF,0xFF,0xFF,0xFF,0xFF,0xFF,0xFF,0xFF,0xFF,0xFF,0xFF,0xFF,0xFF,0xFF,
  0xFF,0xFF,0xFF,0xFF,0xFF,0xFF,0xFF,0xFF,0xDF,0xFF,0xFF,0xFF,0xB8,0xB5,0x66,0x00,0x9D,0xF7,0x1D,0x96,0xF8,0x02,0x79,0x03,
  0x59,0x03,0x59,0x03,0x59,0x03,0x59,0x03,0x59,0x03,0x59,0x03,0x59,0x03,0x79,0x03,0x79,0x03,0x59,0x03,0x59,0x03,0x59,0x03,
  0x59,0x03,0x59,0x03,0x59,0x03,0x79,0x03,0x59,0x03,0x59,0x03,0x59,0x03,0x39,0x03,0xB9,0x1B,0xDF,0xF7,0x5A,0x3C,0x19,0x03,
  0x79,0x03,0x59,0x03,0x59,0x03,0x59,0x03,0x59,0x03,0x96,0x83,0x52,0xFB,0xDC,0xFE,0xFF,0xFF,0xFF,0xFF,0x38,0xFD,0x32,0xFB,
  0xB3,0xFB,0x93,0xFB,0x93,0xFB,0x52,0xFB,0x7B,0xFE,0xFF,0xFF,0x56,0xAD,0x07,0x19,0xD0,0x7B,0x3F,0xCF,0xF8,0x02,0x59,0x03,
  0x19,0x03,0x19,0x03,0x59,0x03,0x59,0x03,0x59,0x03,0x59,0x03,0x59,0x03,0x59,0x03,0x59,0x03,0x59,0x03,0x59,0x03,0x59,0x03,
  0x59,0x03,0x59,0x03,0x59,0x03,0x59,0x03,0x59,0x03,0x59,0x03,0x59,0x03,0x59,0x03,0x59,0x03,0x59,0x03,0x79,0x03,0x39,0x03,
  0x5A,0x3C,0x5E,0xDF,0x79,0x03,0x59,0x03,0x59,0x03,0x59,0x03,0x59,0x03,0x79,0x03,0x19,0x03,0x9D,0xB6,0xFF,0xFF,0x9F,0xE7,
  0x99,0x13,0x59,0x03,0x59,0x03,0x59,0x03,0x59,0x03,0x59,0x03,0x79,0x03,0x39,0x03,0x3A,0x34,0xFF,0xFF,0x9F,0xEF,0x9A,0x0B,
  0x59,0x03,0x59,0x03,0x59,0x03,0x59,0x03,0x59,0x03,0x59,0x03,0x3E,0xD7,0xFF,0xFF,0x1E,0xCF,0x19,0x03,0x39,0x03,0x79,0x03,
  0x79,0x03,0x59,0x03,0x59,0x03,0x59,0x03,0x59,0x03,0x59,0x03,0x59,0x03,0x99,0x0B,0x99,0x13,0xB9,0x13,0x1A,0x2C,0xDC,0x85,
  0xFF,0xFF,0x0F,0x5B,0x4C,0x3A,0xFF,0xFF,0xFF,0xFF,0xFF,0xFF,0xFF,0xFF,0xFF,0xFF,0xFF,0xFF,0xFF,0xFF,0xFF,0xFF,0xFF,0xFF,
  0xFF,0xFF,0xFF,0xFF,0xFF,0xFF,0xFF,0xFF,0xFF,0xFF,0xFF,0xFF,0x7D,0xEF,0x86,0x00,0xB7,0xB5,0x9F,0xE7,0x39,0x03,0x59,0x03,
  0x59,0x03,0x59,0x03,0x59,0x03,0x59,0x03,0x59,0x03,0x59,0x03,0x59,0x03,0x59,0x03,0x59,0x03,0x59,0x03,0x59,0x03,0x59,0x03,
  0x59,0x03,0x59,0x03,0x59,0x03,0x79,0x03,0x59,0x03,0x59,0x03,0x79,0x03,0x39,0x03,0x1A,0x2C,0xDF,0xFF,0xFA,0x23,0x39,0x03,
  0x79,0x03,0x59,0x03,0x59,0x03,0x59,0x03,0x78,0x13,0x93,0xEB,0xB3,0xFB,0x5D,0xFF,0xDF,0xFF,0xD9,0xFD,0x73,0xFB,0x93,0xFB,
  0x93,0xFB,0x93,0xFB,0xB3,0xFB,0x93,0xFB,0x35,0xF4,0xFF,0xFF,0x70,0x63,0x02,0x00,0x56,0xAD,0xFF,0xBE,0xF8,0x02,0x79,0x03,
  0x79,0x03,0x79,0x03,0x59,0x03,0x59,0x03,0x59,0x03,0x59,0x03,0x59,0x03,0x59,0x03,0x59,0x03,0x59,0x03,0x59,0x03,0x59,0x03,
  0x59,0x03,0x59,0x03,0x59,0x03,0x59,0x03,0x59,0x03,0x59,0x03,0x59,0x03,0x59,0x03,0x59,0x03,0x59,0x03,0x59,0x03,0x59,0x03,
  0xB9,0x13,0x7F,0xE7,0xFA,0x23,0x39,0x03,0x59,0x03,0x59,0x03,0x59,0x03,0x59,0x03,0x59,0x03,0x3E,0xD7,0xFF,0xFF,0xDF,0xF7,
  0xD9,0x23,0x39,0x03,0x59,0x03,0x59,0x03,0x59,0x03,0x59,0x03,0x79,0x03,0x39,0x03,0xFA,0x23,0xFF,0xFF,0xFD,0x95,0xF9,0x02,
  0x79,0x03,0x59,0x03,0x59,0x03,0x59,0x03,0x79,0x03,0xF8,0x02,0x7C,0x75,0xFF,0xFF,0xFD,0x95,0x19,0x03,0x79,0x03,0x79,0x03,
  0x59,0x03,0x59,0x03,0x59,0x03,0x59,0x03,0x59,0x03,0x59,0x03,0x79,0x03,0x59,0x03,0x59,0x03,0x59,0x03,0x39,0x03,0xD8,0x02,
  0x1D,0x96,0xDB,0xDE,0x86,0x00,0x1C,0xE7,0xFF,0xFF,0xFF,0xFF,0xFF,0xFF,0xFF,0xFF,0xFF,0xFF,0xFF,0xFF,0xFF,0xFF,0xFF,0xFF,
  0xFF,0xFF,0xFF,0xFF,0xFF,0xFF,0xFF,0xFF,0xFF,0xFF,0xFF,0xFF,0xFF,0xFF,0xEB,0x31,0x0F,0x5B,0xFF,0xFF,0x1A,0x34,0x19,0x03,
  0x79,0x03,0x59,0x03,0x59,0x03,0x59,0x03,0x59,0x03,0x59,0x03,0x59,0x03,0x59,0x03,0x59,0x03,0x59,0x03,0x59,0x03,0x59,0x03,
  0x59,0x03,0x59,0x03,0x59,0x03,0x79,0x03,0x59,0x03,0x59,0x03,0x79,0x03,0x39,0x03,0x3A,0x34,0xBF,0xF7,0xD9,0x1B,0x39,0x03,
  0x59,0x03,0x59,0x03,0x59,0x03,0x59,0x03,0x77,0x53,0x93,0xFB,0x73,0xFB,0x14,0xFC,0x35,0xFC,0x52,0xFB,0x93,0xFB,0x93,0xFB,
  0x93,0xFB,0x93,0xFB,0xB3,0xFB,0xB3,0xFB,0x73,0xF3,0xBF,0xFF,0xD1,0x6B,0x02,0x00,0x35,0xAD,0xDF,0xB6,0xF8,0x02,0x79,0x03,
  0x59,0x03,0x59,0x03,0x59,0x03,0x59,0x03,0x59,0x03,0x59,0x03,0x59,0x03,0x59,0x03,0x59,0x03,0x59,0x03,0x59,0x03,0x59,0x03,
  0x59,0x03,0x59,0x03,0x59,0x03,0x59,0x03,0x59,0x03,0x59,0x03,0x59,0x03,0x59,0x03,0x59,0x03,0x59,0x03,0x59,0x03,0x59,0x03,
  0x59,0x03,0x5E,0xDF,0x7A,0x3C,0x19,0x03,0x79,0x03,0x59,0x03,0x59,0x03,0x39,0x03,0x99,0x13,0x9F,0xEF,0xFF,0xFF,0xFF,0xFF,
  0x1A,0x2C,0x39,0x03,0x59,0x03,0x59,0x03,0x59,0x03,0x59,0x03,0x79,0x03,0x39,0x03,0xFA,0x23,0xFF,0xFF,0xFB,0x5C,0x19,0x03,
  0x79,0x03,0x59,0x03,0x59,0x03,0x59,0x03,0x79,0x03,0x19,0x03,0x7A,0x3C,0xFF,0xFF,0xBC,0x85,0x19,0x03,0x79,0x03,0x59,0x03,
  0x59,0x03,0x59,0x03,0x59,0x03,0x59,0x03,0x59,0x03,0x59,0x03,0x59,0x03,0x59,0x03,0x79,0x03,0x79,0x03,0x79,0x03,0x39,0x03,
  0x9B,0x44,0x9E,0xF7,0xE8,0x08,0x19,0xBE,0xFF,0xFF,0xDF,0xFF,0xFF,0xFF,0xFF,0xFF,0xFF,0xFF,0xFF,0xFF,0xFF,0xFF,0xFF,0xFF,
  0xFF,0xFF,0xFF,0xFF,0xFF,0xFF,0xFF,0xFF,0xFF,0xFF,0xDF,0xFF,0xFF,0xFF,0x53,0x84,0xA6,0x08,0xBE,0xFF,0xFD,0x95,0x19,0x03,
  0x79,0x03,0x59,0x03,0x59,0x03,0x59,0x03,0x59,0x03,0x59,0x03,0x59,0x03,0x59,0x03,0x59,0x03,0x59,0x03,0x79,0x03,0x79,0x03,
  0x79,0x03,0x59,0x03,0x59,0x03,0x59,0x03,0x59,0x03,0x59,0x03,0x79,0x03,0x39,0x03,0x1A,0x2C,0xDF,0xF7,0xFA,0x23,0x39,0x03,
  0x79,0x03,0x59,0x03,0x59,0x03,0x59,0x03,0x76,0x73,0xB3,0xFB,0x93,0xFB,0x73,0xFB,0x73,0xFB,0x93,0xFB,0x93,0xFB,0x93,0xFB,
  0x93,0xFB,0xB3,0xFB,0xB3,0xFB,0xB3,0xFB,0x73,0xF3,0x7E,0xFF,0x12,0x74,0x03,0x00,0xF4,0x9C,0xFF,0xC6,0xF8,0x02,0x79,0x03,
  0x59,0x03,0x59,0x03,0x59,0x03,0x59,0x03,0x59,0x03,0x59,0x03,0x59,0x03,0x59,0x03,0x59,0x03,0x59,0x03,0x59,0x03,0x59,0x03,
  0x59,0x03,0x59,0x03,0x59,0x03,0x59,0x03,0x59,0x03,0x59,0x03,0x59,0x03,0x59,0x03,0x59,0x03,0x59,0x03,0x59,0x03,0x59,0x03,
  0x38,0x03,0x1E,0xD7,0xDB,0x54,0x19,0x03,0x79,0x03,0x59,0x03,0x59,0x03,0x39,0x03,0xFA,0x23,0xFF,0xFF,0xFF,0xFF,0xFF,0xFF,
  0x1A,0x2C,0x39,0x03,0x79,0x03,0x59,0x03,0x59,0x03,0x59,0x03,0x79,0x03,0x39,0x03,0x3A,0x34,0xFF,0xFF,0x1A,0x2C,0x39,0x03,
  0x79,0x03,0x59,0x03,0x59,0x03,0x59,0x03,0x79,0x03,0x39,0x03,0xD9,0x1B,0xFF,0xFF,0x7C,0x75,0x19,0x03,0x79,0x03,0x59,0x03,
  0x59,0x03,0x59,0x03,0x59,0x03,0x59,0x03,0x59,0x03,0x59,0x03,0x59,0x03,0x59,0x03,0x59,0x03,0x59,0x03,0x79,0x03,0x18,0x03,
  0xFB,0x5C,0x7D,0xF7,0xA6,0x00,0x5A,0xCE,0xFF,0xFF,0xFF,0xFF,0xFF,0xFF,0xFF,0xFF,0xFF,0xFF,0xFF,0xFF,0xFF,0xFF,0xFF,0xFF,
  0xFF,0xFF,0xFF,0xFF,0xFF,0xFF,0xFF,0xFF,0xFF,0xFF,0xDF,0xFF,0xFF,0xFF,0xD4,0x94,0x85,0x00,0xDE,0xFF,0xFD,0x8D,0x19,0x03,
  0x79,0x03,0x59,0x03,0x59,0x03,0x59,0x03,0x59,0x03,0x59,0x03,0x59,0x03,0x59,0x03,0x59,0x03,0x39,0x03,0x19,0x03,0x19,0x03,
  0x39,0x03,0x79,0x03,0x59,0x03,0x59,0x03,0x59,0x03,0x59,0x03,0x79,0x03,0x59,0x03,0xDA,0x1B,0xBF,0xF7,0x5A,0x34,0x39,0x03,
  0x79,0x03,0x59,0x03,0x59,0x03,0x5A,0x03,0x97,0x6B,0xB3,0xFB,0x93,0xFB,0x93,0xFB,0x93,0xFB,0x93,0xFB,0x93,0xFB,0x93,0xFB,
  0x93,0xFB,0xB3,0xFB,0xB3,0xFB,0xB3,0xFB,0xB3,0xF3,0xDF,0xFF,0x94,0x8C,0x00,0x00,0x2E,0x63,0x3F,0xCF,0x18,0x03,0x79,0x03,
  0x59,0x03,0x59,0x03,0x59,0x03,0x59,0x03,0x59,0x03,0x59,0x03,0x59,0x03,0x59,0x03,0x59,0x03,0x59,0x03,0x59,0x03,0x59,0x03,
  0x59,0x03,0x59,0x03,0x59,0x03,0x59,0x03,0x59,0x03,0x59,0x03,0x59,0x03,0x59,0x03,0x59,0x03,0x59,0x03,0x59,0x03,0x59,0x03,
  0x18,0x03,0xFE,0xC6,0x1B,0x65,0x19,0x03,0x79,0x03,0x59,0x03,0x59,0x03,0x39,0x03,0x3A,0x34,0xFF,0xFF,0xFF,0xFF,0xBF,0xF7,
  0xDA,0x1B,0x39,0x03,0x59,0x03,0x59,0x03,0x59,0x03,0x59,0x03,0x79,0x03,0x19,0x03,0xDB,0x54,0x9F,0xEF,0x59,0x03,0x59,0x03,
  0x59,0x03,0x59,0x03,0x59,0x03,0x59,0x03,0x59,0x03,0x59,0x03,0x79,0x0B,0xDF,0xF7,0x3B,0x6D,0x19,0x03,0x79,0x03,0x59,0x03,
  0x59,0x03,0x59,0x03,0x59,0x03,0x59,0x03,0x59,0x03,0x59,0x03,0x79,0x03,0x79,0x03,0x79,0x03,0x59,0x03,0x39,0x03,0xF8,0x02,
  0x3F,0xCF,0xF8,0xBD,0x07,0x11,0xBE,0xF7,0xFF,0xFF,0xFF,0xFF,0xFF,0xFF,0xFF,0xFF,0xFF,0xFF,0xFF,0xFF,0xFF,0xFF,0xFF,0xFF,
  0xFF,0xFF,0xFF,0xFF,0xFF,0xFF,0xFF,0xFF,0xFF,0xFF,0xDF,0xFF,0xFF,0xFF,0xEF,0x52,0x6D,0x42,0xFF,0xFF,0x5A,0x3C,0x19,0x03,
  0x79,0x03,0x59,0x03,0x59,0x03,0x59,0x03,0x59,0x03,0x59,0x03,0x59,0x03,0x79,0x03,0x39,0x03,0xFA,0x23,0xDC,0x8D,0xFC,0x95,
  0x5B,0x34,0x39,0x03,0x79,0x03,0x59,0x03,0x59,0x03,0x59,0x03,0x79,0x03,0x59,0x03,0x79,0x03,0x9F,0xE7,0x1B,0x5D,0x19,0x03,
  0x79,0x03,0x59,0x03,0x59,0x03,0x59,0x03,0x98,0x3B,0xB3,0xFB,0x93,0xFB,0x93,0xFB,0x93,0xFB,0x93,0xFB,0x93,0xFB,0x93,0xFB,
  0x93,0xFB,0xB3,0xFB,0xB3,0xFB,0x73,0xFB,0xD6,0xFC,0xFF,0xFF,0x9D,0xFF,0x55,0xAD,0x14,0xA5,0x3E,0xD7,0x59,0x03,0x59,0x03,
  0x59,0x03,0x59,0x03,0x59,0x03,0x59,0x03,0x59,0x03,0x59,0x03,0x59,0x03,0x59,0x03,0x59,0x03,0x59,0x03,0x59,0x03,0x59,0x03,
  0x59,0x03,0x59,0x03,0x39,0x03,0x5A,0x3C,0x99,0x0B,0x59,0x03,0x59,0x03,0x59,0x03,0x59,0x03,0x59,0x03,0x59,0x03,0x59,0x03,
  0xF8,0x02,0xDE,0xC6,0x5C,0x75,0xF9,0x02,0x79,0x03,0x59,0x03,0x59,0x03,0x39,0x03,0xD9,0x23,0xFF,0xFF,0xFF,0xFF,0xFE,0xCE,
  0x39,0x03,0x59,0x03,0x59,0x03,0x59,0x03,0x59,0x03,0x59,0x03,0x79,0x03,0xF8,0x02,0x9C,0x85,0xFE,0xC6,0x19,0x03,0x79,0x03,
  0x59,0x03,0x59,0x03,0x59,0x03,0x59,0x03,0x59,0x03,0x59,0x03,0x59,0x03,0x9F,0xEF,0x5B,0x6D,0x19,0x03,0x79,0x03,0x59,0x03,
  0x59,0x03,0x59,0x03,0x59,0x03,0x59,0x03,0x59,0x03,0x79,0x03,0x39,0x03,0x19,0x03,0x39,0x03,0x59,0x03,0xD9,0x23,0x5D,0xA6,
  0x7D,0xEF,0x07,0x11,0x0B,0x3A,0xFF,0xFF,0xFF,0xFF,0xDF,0xFF,0xFF,0xFF,0xFF,0xFF,0xFF,0xFF,0xFF,0xFF,0xFF,0xFF,0xFF,0xFF,
  0xFF,0xFF,0xFF,0xFF,0xFF,0xFF,0xFF,0xFF,0xFF,0xFF,0xFF,0xFF,0xFF,0xFF,0x8A,0x21,0x73,0x8C,0xFF,0xF7,0x79,0x0B,0x59,0x03,
  0x59,0x03,0x59,0x03,0x59,0x03,0x59,0x03,0x59,0x03,0x59,0x03,0x59,0x03,0x79,0x03,0x19,0x03,0x9D,0xB6,0xFF,0xFF,0xFF,0xFF,
  0xDC,0x8D,0x19,0x03,0x79,0x03,0x59,0x03,0x59,0x03,0x59,0x03,0x59,0x03,0x79,0x03,0x19,0x03,0xDE,0xBE,0x1D,0x9E,0xF8,0x02,
  0x79,0x03,0x59,0x03,0x59,0x03,0x59,0x03,0x59,0x03,0x95,0xC3,0x93,0xFB,0x93,0xFB,0x93,0xFB,0x93,0xFB,0x93,0xFB,0xB3,0xFB,
  0xB3,0xFB,0xB3,0xFB,0xB3,0xFB,0xB3,0xFB,0xFB,0xD5,0xFC,0x95,0x9C,0x85,0x7E,0xA6,0xDF,0xEF,0xDF,0xFF,0xFA,0x1B,0x39,0x03,
  0x79,0x03,0x59,0x03,0x59,0x03,0x59,0x03,0x59,0x03,0x79,0x03,0x99,0x0B,0x59,0x03,0x59,0x03,0x59,0x03,0x59,0x03,0x59,0x03,
  0x59,0x03,0x59,0x03,0x79,0x0B,0x9C,0x7D,0x59,0x03,0x59,0x03,0x59,0x03,0x59,0x03,0x59,0x03,0x59,0x03,0x59,0x03,0x59,0x03,
  0xF8,0x02,0xFE,0xC6,0x7C,0x75,0xF9,0x02,0x79,0x03,0x59,0x03,0x59,0x03,0x59,0x03,0x38,0x03,0xBC,0x85,0x3E,0xD7,0x5A,0x3C,
  0x39,0x03,0x79,0x03,0x59,0x03,0x59,0x03,0x59,0x03,0x59,0x03,0x79,0x03,0xF8,0x02,0x9D,0xB6,0x1D,0x9E,0xF8,0x02,0x79,0x03,
  0x59,0x03,0x59,0x03,0x59,0x03,0x59,0x03,0x59,0x03,0x59,0x03,0x59,0x03,0x7F,0xE7,0x7C,0x75,0x19,0x03,0x79,0x03,0x59,0x03,
  0x59,0x03,0x59,0x03,0x59,0x03,0x59,0x03,0x59,0x03,0x39,0x03,0xBB,0x4C,0x1D,0x96,0x7D,0xAE,0x1E,0xD7,0xFF,0xFF,0xFF,0xFF,
  0x59,0xCE,0x2F,0x63,0x6A,0x21,0x08,0x19,0xD8,0xBD,0xFF,0xFF,0xFF,0xFF,0xFF,0xFF,0xFF,0xFF,0xFF,0xFF,0xFF,0xFF,0xFF,0xFF,
  0xFF,0xFF,0xFF,0xFF,0xFF,0xFF,0xFF,0xFF,0xFF,0xFF,0xFF,0xFF,0x7E,0xEF,0x86,0x00,0x18,0xC6,0x1F,0xC7,0x19,0x03,0x79,0x03,
  0x59,0x03,0x59,0x03,0x59,0x03,0x59,0x03,0x59,0x03,0x59,0x03,0x59,0x03,0x59,0x03,0x79,0x03,0x9F,0xE7,0xFC,0xDE,0xBE,0xF7,
  0x7C,0x7D,0x19,0x03,0x79,0x03,0x59,0x03,0x59,0x03,0x59,0x03,0x59,0x03,0x79,0x03,0xF8,0x02,0x5C,0x75,0x7F,0xE7,0x59,0x03,
  0x59,0x03,0x59,0x03,0x59,0x03,0x59,0x03,0x59,0x03,0x78,0x2B,0xB4,0xEB,0xB3,0xFB,0x93,0xFB,0x93,0xFB,0xB3,0xFB,0xB3,0xFB,
  0xB3,0xFB,0xB3,0xFB,0xB3,0xFB,0xB6,0x83,0x79,0x03,0xF8,0x02,0x18,0x03,0xF8,0x02,0x59,0x0B,0x9D,0xBE,0xFE,0xC6,0x39,0x03,
  0x79,0x03,0x59,0x03,0x59,0x03,0x59,0x03,0x59,0x03,0x59,0x03,0x5A,0x3C,0x79,0x03,0x59,0x03,0x59,0x03,0x59,0x03,0x59,0x03,
  0x79,0x03,0x19,0x03,0x9B,0x4C,0x9C,0x85,0xF8,0x02,0x79,0x03,0x59,0x03,0x59,0x03,0x59,0x03,0x59,0x03,0x59,0x03,0x59,0x03,
  0x18,0x03,0x1E,0xCF,0x5C,0x6D,0xF9,0x02,0x79,0x03,0x59,0x03,0x59,0x03,0x59,0x03,0x59,0x03,0x39,0x03,0x59,0x03,0x39,0x03,
  0x79,0x03,0x59,0x03,0x59,0x03,0x59,0x03,0x59,0x03,0x59,0x03,0x59,0x03,0x39,0x03,0x7F,0xE7,0x3B,0x6D,0xF9,0x02,0x79,0x03,
  0x59,0x03,0x59,0x03,0x59,0x03,0x59,0x03,0x59,0x03,0x59,0x03,0x39,0x03,0x7F,0xE7,0x9C,0x7D,0xF9,0x02,0x79,0x03,0x59,0x03,
  0x59,0x03,0x59,0x03,0x59,0x03,0x59,0x03,0x59,0x03,0x59,0x03,0x7F,0xE7,0xFF,0xFF,0xFF,0xFF,0xFF,0xFF,0x7F,0xE7,0x1E,0xCF,
  0x5F,0xD7,0xFF,0xFF,0xFF,0xFF,0xB0,0x73,0x04,0x00,0xD8,0xB5,0xFF,0xFF,0xDF,0xFF,0xFF,0xFF,0xFF,0xFF,0xFF,0xFF,0xFF,0xFF,
  0xFF,0xFF,0xFF,0xFF,0xFF,0xFF,0xFF,0xFF,0xDF,0xFF,0xFF,0xFF,0x7A,0xCE,0x66,0x00,0x5C,0xEF,0x1D,0x96,0xF8,0x02,0x79,0x03,
  0x59,0x03,0x59,0x03,0x59,0x03,0x59,0x03,0x59,0x03,0x59,0x03,0x59,0x03,0x59,0x03,0x99,0x13,0xFF,0xF7,0x94,0x8C,0x1C,0xEF,
  0x7C,0x75,0xF8,0x02,0x79,0x03,0x59,0x03,0x59,0x03,0x79,0x03,0x59,0x03,0x79,0x03,0x39,0x03,0xDA,0x1B,0xFF,0xFF,0x7B,0x3C,
  0x19,0x03,0x59,0x03,0x59,0x03,0x59,0x03,0x59,0x03,0x59,0x03,0x78,0x33,0xB4,0xCB,0xB3,0xFB,0xB3,0xFB,0xB3,0xFB,0xB3,0xFB,
  0xB3,0xFB,0xB4,0xE3,0x97,0x63,0x59,0x03,0x59,0x03,0x79,0x03,0x79,0x03,0x79,0x03,0x39,0x03,0x99,0x0B,0x9F,0xEF,0x3A,0x34,
  0x19,0x03,0x79,0x03,0x59,0x03,0x59,0x03,0x59,0x03,0x19,0x03,0xBB,0x4C,0xFA,0x23,0x39,0x03,0x59,0x03,0x59,0x03,0x59,0x03,
  0x79,0x03,0xF9,0x02,0x7D,0xA6,0xFB,0x64,0xF8,0x02,0x79,0x03,0x59,0x03,0x59,0x03,0x59,0x03,0x59,0x03,0x59,0x03,0x59,0x03,
  0x59,0x03,0x5E,0xDF,0x1B,0x65,0x19,0x03,0x79,0x03,0x59,0x03,0x59,0x03,0x59,0x03,0x59,0x03,0x79,0x03,0x59,0x03,0x79,0x03,
  0x59,0x03,0x59,0x03,0x59,0x03,0x59,0x03,0x59,0x03,0x79,0x03,0x39,0x03,0x1A,0x2C,0xFF,0xFF,0x9B,0x44,0x19,0x03,0x79,0x03,
  0x59,0x03,0x59,0x03,0x59,0x03,0x59,0x03,0x59,0x03,0x59,0x03,0x59,0x03,0x9F,0xEF,0x1D,0x96,0xF9,0x02,0x79,0x03,0x59,0x03,
  0x59,0x03,0x59,0x03,0x59,0x03,0x59,0x03,0x59,0x03,0x59,0x03,0x5A,0x3C,0xBB,0x4C,0x5A,0x3C,0xD9,0x1B,0x79,0x0B,0x59,0x03,
  0x59,0x03,0x78,0x13,0x7B,0x7D,0xFF,0xFF,0x33,0x7C,0xA7,0x08,0x5D,0xEF,0xFF,0xFF,0xFF,0xFF,0xFF,0xFF,0xFF,0xFF,0xFF,0xFF,
  0xFF,0xFF,0xFF,0xFF,0xFF,0xFF,0xFF,0xFF,0xDF,0xFF,0xFF,0xFF,0xB8,0xB5,0xC7,0x08,0xFE,0xFF,0x5C,0x75,0xF8,0x02,0x79,0x03,
  0x59,0x03,0x59,0x03,0x59,0x03,0x59,0x03,0x59,0x03,0x59,0x03,0x59,0x03,0x39,0x03,0x99,0x13,0xFF,0xF7,0xD1,0x73,0x1C,0xE7,
  0x3C,0x65,0xF8,0x02,0x79,0x03,0x59,0x03,0x79,0x03,0x79,0x03,0x59,0x03,0x59,0x03,0x79,0x03,0x19,0x03,0xDE,0xBE,0xBE,0xBE,
  0xF8,0x02,0x79,0x03,0x59,0x03,0x59,0x03,0x59,0x03,0x59,0x03,0x59,0x03,0x59,0x03,0x77,0x4B,0x96,0x8B,0xB5,0xA3,0x95,0x93,
  0x97,0x5B,0x79,0x0B,0x59,0x03,0x59,0x03,0x59,0x03,0x59,0x03,0x59,0x03,0x59,0x03,0x79,0x03,0xF8,0x02,0x5D,0xAE,0x5C,0x75,
  0xF9,0x02,0x79,0x03,0x59,0x03,0x59,0x03,0x59,0x03,0x19,0x03,0x7A,0x44,0x7C,0x75,0x19,0x03,0x79,0x03,0x59,0x03,0x59,0x03,
  0x59,0x03,0x99,0x13,0xBF,0xF7,0x5B,0x3C,0x19,0x03,0x79,0x03,0x59,0x03,0x59,0x03,0x59,0x03,0x59,0x03,0x59,0x03,0x59,0x03,
  0x99,0x13,0xDF,0xF7,0x9B,0x44,0x19,0x03,0x79,0x03,0x59,0x03,0x59,0x03,0x59,0x03,0x59,0x03,0x59,0x03,0x59,0x03,0x59,0x03,
  0x59,0x03,0x59,0x03,0x59,0x03,0x59,0x03,0x59,0x03,0x79,0x03,0xF8,0x02,0xBC,0x85,0xFF,0xFF,0x1A,0x2C,0x39,0x03,0x59,0x03,
  0x59,0x03,0x59,0x03,0x59,0x03,0x59,0x03,0x59,0x03,0x59,0x03,0x99,0x13,0xDF,0xFF,0x7D,0xB6,0x19,0x03,0x79,0x03,0x59,0x03,
  0x59,0x03,0x59,0x03,0x59,0x03,0x59,0x03,0x59,0x03,0x59,0x03,0x39,0x03,0x19,0x03,0x39,0x03,0x39,0x03,0x59,0x03,0x59,0x03,
  0x59,0x03,0x38,0x03,0xD8,0x02,0xBC,0x7D,0xFF,0xFF,0xE7,0x10,0x32,0x84,0xFF,0xFF,0xDF,0xFF,0xFF,0xFF,0xFF,0xFF,0xFF,0xFF,
  0xFF,0xFF,0xFF,0xFF,0xFF,0xFF,0xFF,0xFF,0xDF,0xFF,0xFF,0xFF,0x97,0xAD,0xC7,0x08,0xFF,0xFF,0x3C,0x6D,0x19,0x03,0x79,0x03,
  0x59,0x03,0x59,0x03,0x59,0x03,0x59,0x03,0x59,0x03,0x59,0x03,0x59,0x03,0x39,0x03,0xB9,0x13,0xDF,0xF7,0xD1,0x73,0x5D,0xEF,
  0xFB,0x5C,0x19,0x03,0x79,0x03,0x59,0x03,0x59,0x03,0x59,0x03,0x59,0x03,0x59,0x03,0x79,0x03,0x39,0x03,0x3A,0x34,0xFF,0xFF,
  0x7A,0x44,0x19,0x03,0x79,0x03,0x59,0x03,0x59,0x03,0x59,0x03,0x59,0x03,0x59,0x03,0x59,0x03,0x59,0x03,0x59,0x03,0x59,0x03,
  0x59,0x03,0x59,0x03,0x59,0x03,0x59,0x03,0x59,0x03,0x59,0x03,0x59,0x03,0x59,0x03,0x79,0x03,0xF8,0x02,0x7D,0xAE,0x7C,0x75,
  0xF8,0x02,0x79,0x03,0x59,0x03,0x59,0x03,0x59,0x03,0x39,0x03,0xD9,0x1B,0x5E,0xDF,0x99,0x13,0x39,0x03,0x79,0x03,0x79,0x03,
  0xD8,0x02,0xDC,0x8D,0xFF,0xFF,0xFA,0x23,0x39,0x03,0x59,0x03,0x59,0x03,0x59,0x03,0x59,0x03,0x59,0x03,0x59,0x03,0x19,0x03,
  0x5A,0x3C,0xDF,0xFF,0xDA,0x23,0x39,0x03,0x59,0x03,0x59,0x03,0x59,0x03,0x59,0x03,0x59,0x03,0x59,0x03,0x59,0x03,0x59,0x03,
  0x59,0x03,0x59,0x03,0x59,0x03,0x59,0x03,0x79,0x03,0x39,0x03,0x99,0x13,0xDF,0xF7,0xDF,0xFF,0xD9,0x23,0x39,0x03,0x59,0x03,
  0x59,0x03,0x59,0x03,0x59,0x03,0x59,0x03,0x79,0x03,0x39,0x03,0x3A,0x34,0xFF,0xFF,0x1E,0xD7,0x59,0x03,0x59,0x03,0x59,0x03,
  0x59,0x03,0x59,0x03,0x59,0x03,0x59,0x03,0x59,0x03,0x59,0x03,0x79,0x03,0x79,0x03,0x79,0x03,0x59,0x03,0x59,0x03,0x59,0x03,
  0x59,0x03,0x79,0x03,0x59,0x03,0x78,0x0B,0xFF,0xFF,0x70,0x63,0x4C,0x3A,0xFF,0xFF,0xFF,0xFF,0xFF,0xFF,0xFF,0xFF,0xFF,0xFF,
  0xFF,0xFF,0xFF,0xFF,0xFF,0xFF,0xFF,0xFF,0xDF,0xFF,0xFF,0xFF,0xF9,0xBD,0xA6,0x00,0xBE,0xFF,0xBD,0x7D,0xF9,0x02,0x39,0x03,
  0x39,0x03,0x59,0x03,0x59,0x03,0x59,0x03,0x59,0x03,0x59,0x03,0x59,0x03,0x39,0x03,0x5A,0x34,0xFF,0xFF,0xAD,0x4A,0x7D,0xF7,
  0x5C,0x6D,0x19,0x03,0x79,0x03,0x59,0x03,0x59,0x03,0x59,0x03,0x59,0x03,0x59,0x03,0x59,0x03,0x79,0x03,0x18,0x03,0xDE,0xC6,
  0x7F,0xE7,0x79,0x13,0x39,0x03,0x79,0x03,0x59,0x03,0x59,0x03,0x59,0x03,0x59,0x03,0x59,0x03,0x59,0x03,0x59,0x03,0x59,0x03,
  0x59,0x03,0x59,0x03,0x59,0x03,0x59,0x03,0x59,0x03,0x59,0x03,0x59,0x03,0x59,0x03,0x59,0x03,0x39,0x03,0x5E,0xDF,0xBB,0x4C,
  0x19,0x03,0x59,0x03,0x59,0x03,0x59,0x03,0x59,0x03,0x59,0x03,0x99,0x13,0xDF,0xF7,0x9D,0xB6,0x18,0x03,0xF8,0x02,0xD8,0x02,
  0x9A,0x4C,0xFF,0xFF,0xFF,0xFF,0xFA,0x2B,0x39,0x03,0x59,0x03,0x59,0x03,0x59,0x03,0x59,0x03,0x59,0x03,0x79,0x03,0xF8,0x02,
  0x5B,0x75,0xDF,0xFF,0xB9,0x1B,0x39,0x03,0x59,0x03,0x59,0x03,0x59,0x03,0x59,0x03,0x59,0x03,0x59,0x03,0x59,0x03,0x59,0x03,
  0x59,0x03,0x59,0x03,0x59,0x03,0x79,0x03,0x79,0x03,0xF8,0x02,0xBE,0xB6,0xBA,0xDE,0x1D,0xDF,0x1A,0x24,0x39,0x03,0x59,0x03,
  0x59,0x03,0x59,0x03,0x59,0x03,0x59,0x03,0x79,0x03,0x19,0x03,0x7C,0x75,0xFF,0xFF,0xDF,0xFF,0xFA,0x23,0x39,0x03,0x59,0x03,
  0x59,0x03,0x59,0x03,0x59,0x03,0x59,0x03,0x59,0x03,0x59,0x03,0x59,0x03,0x59,0x03,0x59,0x03,0x59,0x03,0x59,0x03,0x59,0x03,
  0x59,0x03,0x59,0x03,0x59,0x03,0x79,0x0B,0xFF,0xF7,0xB1,0x6B,0x2C,0x3A,0xFF,0xFF,0xFF,0xFF,0xFF,0xFF,0xFF,0xFF,0xFF,0xFF,
  0xFF,0xFF,0xFF,0xFF,0xFF,0xFF,0xFF,0xFF,0xFF,0xFF,0xFF,0xFF,0x1D,0xE7,0x87,0x00,0x9A,0xD6,0xBE,0xB6,0x18,0x0B,0x1E,0xCF,
  0xDB,0x54,0x19,0x03,0x79,0x03,0x59,0x03,0x59,0x03,0x59,0x03,0x79,0x03,0xF8,0x02,0xBC,0x7D,0xBE,0xFF,0xE8,0x08,0xBA,0xD6,
  0x9E,0xAE,0xD8,0x02,0x79,0x03,0x59,0x03,0x59,0x03,0x59,0x03,0x59,0x03,0x59,0x03,0x59,0x03,0x59,0x03,0x79,0x03,0x3E,0xD7,
  0xFF,0xFF,0xFE,0xC6,0x38,0x03,0x39,0x03,0x79,0x03,0x59,0x03,0x59,0x03,0x59,0x03,0x59,0x03,0x59,0x03,0x59,0x03,0x59,0x03,
  0x59,0x03,0x59,0x03,0x59,0x03,0x59,0x03,0x59,0x03,0x59,0x03,0x59,0x03,0x79,0x03,0xD8,0x02,0x3B,0x6D,0x7E,0xE7,0x59,0x03,
  0x59,0x03,0x59,0x03,0x59,0x03,0x59,0x03,0x79,0x03,0x39,0x03,0x1A,0x2C,0xDF,0xFF,0xFF,0xFF,0x9F,0xE7,0x9C,0x85,0x7E,0xAE,
  0xFF,0xFF,0x77,0xAD,0x5D,0xEF,0xDC,0x54,0x19,0x03,0x59,0x03,0x59,0x03,0x59,0x03,0x59,0x03,0x59,0x03,0x59,0x03,0x39,0x03,
  0xFE,0xC6,0xFF,0xFF,0x7C,0x75,0xF8,0x02,0x79,0x03,0x59,0x03,0x59,0x03,0x59,0x03,0x59,0x03,0x59,0x03,0x59,0x03,0x59,0x03,
  0x59,0x03,0x59,0x03,0x79,0x03,0x59,0x03,0xD8,0x02,0xFD,0x8D,0xBE,0xFF,0xAA,0x29,0x3C,0xE7,0x9B,0x44,0x19,0x03,0x79,0x03,
  0x59,0x03,0x59,0x03,0x59,0x03,0x59,0x03,0x79,0x03,0x38,0x03,0x5F,0xD7,0xD8,0xBD,0x1C,0xE7,0x1D,0x96,0xD8,0x02,0x79,0x03,
  0x59,0x03,0x59,0x03,0x59,0x03,0x59,0x03,0x59,0x03,0x59,0x03,0x59,0x03,0x59,0x03,0x59,0x03,0x59,0x03,0x59,0x03,0x59,0x03,
  0x79,0x03,0x79,0x03,0xD8,0x02,0xDB,0x5C,0xFF,0xFF,0xAA,0x29,0x90,0x6B,0xFF,0xFF,0xDF,0xFF,0xFF,0xFF,0xFF,0xFF,0xFF,0xFF,
  0xFF,0xFF,0xFF,0xFF,0xFF,0xFF,0xFF,0xFF,0xFF,0xFF,0xFF,0xFF,0xFF,0xFF,0x69,0x21,0xB0,0x6B,0xFF,0xFF,0xFA,0x2B,0x1E,0xCF,
  0x5D,0xA6,0x18,0x03,0x79,0x03,0x59,0x03,0x59,0x03,0x59,0x03,0x59,0x03,0x58,0x03,0x9F,0xE7,0xB7,0xB5,0x02,0x00,0x33,0x7C,
  0xFF,0xFF,0x19,0x34,0xF9,0x02,0x79,0x03,0x79,0x03,0x59,0x03,0x59,0x03,0x79,0x03,0x59,0x03,0xD8,0x02,0x7B,0x7D,0xFF,0xFF,
  0x70,0x6B,0x7D,0xEF,0x1F,0xCF,0x79,0x13,0xF8,0x02,0x59,0x03,0x79,0x03,0x59,0x03,0x59,0x03,0x59,0x03,0x59,0x03,0x59,0x03,
  0x59,0x03,0x59,0x03,0x59,0x03,0x59,0x03,0x79,0x03,0x79,0x03,0x59,0x03,0xF8,0x02,0xFB,0x5C,0xFF,0xFF,0xFF,0xFF,0x7A,0x44,
  0xD8,0x02,0x39,0x03,0x59,0x03,0x59,0x03,0x59,0x03,0xD8,0x02,0x1D,0x96,0xDE,0xFF,0x8D,0x4A,0xD8,0xBD,0x7D,0xF7,0xFB,0xE6,
  0xB1,0x6B,0x04,0x00,0x9A,0xD6,0x9E,0xAE,0xD8,0x02,0x79,0x03,0x59,0x03,0x59,0x03,0x59,0x03,0x79,0x03,0xD8,0x02,0x1B,0x5D,
  0x7D,0xF7,0x94,0x8C,0xFF,0xFF,0x3A,0x34,0xF8,0x02,0x79,0x03,0x59,0x03,0x59,0x03,0x59,0x03,0x59,0x03,0x59,0x03,0x59,0x03,
  0x79,0x03,0x59,0x03,0x18,0x03,0x38,0x0B,0x5D,0xA6,0xFF,0xFF,0xEB,0x31,0x04,0x00,0xDB,0xDE,0x5D,0xA6,0xB8,0x02,0x79,0x03,
  0x79,0x03,0x59,0x03,0x59,0x03,0x79,0x0B,0xF8,0x02,0xDA,0x54,0xFF,0xFF,0xEC,0x29,0xF2,0x73,0xFF,0xFF,0x7A,0x44,0xD8,0x02,
  0x59,0x03,0x79,0x03,0x59,0x03,0x59,0x03,0x59,0x03,0x59,0x03,0x79,0x03,0x79,0x03,0x79,0x03,0x79,0x03,0x79,0x03,0x59,0x03,
  0x19,0x03,0xF8,0x02,0x7A,0x44,0xFF,0xFF,0xB8,0xB5,0x04,0x00,0xBB,0xD6,0xFF,0xFF,0xFF,0xFF,0xFF,0xFF,0xFF,0xFF,0xFF,0xFF,
  0xFF,0xFF,0xFF,0xFF,0xFF,0xFF,0xFF,0xFF,0xFF,0xFF,0xDF,0xFF,0xFF,0xFF,0xF5,0x9C,0x46,0x00,0x7E,0xEF,0x1F,0xCF,0x58,0x0B,
  0x18,0x03,0x59,0x03,0x79,0x03,0x79,0x03,0x79,0x03,0x59,0x03,0xD8,0x02,0xBC,0x8D,0xFF,0xFF,0xCB,0x29,0xA9,0x31,0xA7,0x00,
  0x9A,0xCE,0xDF,0xF7,0x39,0x3C,0xF8,0x02,0x18,0x03,0x18,0x03,0x19,0x03,0xF8,0x02,0x18,0x03,0x7B,0x75,0xFF,0xFF,0x94,0x8C,
  0x02,0x00,0x48,0x19,0xFC,0xDE,0xFF,0xF7,0xDB,0x5C,0x18,0x03,0xF8,0x02,0x59,0x03,0x79,0x03,0x79,0x03,0x79,0x03,0x79,0x03,
  0x79,0x03,0x79,0x03,0x79,0x03,0x59,0x03,0x39,0x03,0xF8,0x02,0x99,0x13,0x1D,0x9E,0xFF,0xFF,0x94,0x8C,0xF6,0x9C,0xFF,0xFF,
  0x9C,0x7D,0x99,0x1B,0x18,0x03,0xF8,0x02,0x59,0x0B,0x9C,0x7D,0xFF,0xFF,0x90,0x6B,0x24,0x00,0xE8,0x10,0xA7,0x00,0x45,0x00,
  0xCA,0x31,0x69,0x29,0x2F,0x5B,0xFF,0xFF,0x39,0x3C,0xD8,0x02,0x59,0x03,0x59,0x03,0x59,0x03,0xD8,0x02,0x19,0x34,0xFF,0xFF,
  0x70,0x6B,0x03,0x00,0xB8,0xB5,0xFF,0xFF,0x9A,0x4C,0xF8,0x02,0x19,0x03,0x59,0x03,0x59,0x03,0x59,0x03,0x59,0x03,0x38,0x03,
  0xF8,0x02,0x18,0x03,0x9A,0x4C,0x9F,0xE7,0x7D,0xF7,0x68,0x29,0xA9,0x29,0xEB,0x31,0x2F,0x63,0xFF,0xFF,0x7A,0x4C,0xD8,0x02,
  0x39,0x03,0x59,0x03,0x39,0x03,0xD8,0x02,0xD9,0x23,0xFF,0xF7,0x97,0xAD,0x05,0x00,0x66,0x00,0xB7,0xB5,0xFF,0xFF,0x5C,0x75,
  0x38,0x03,0xD8,0x02,0x18,0x03,0x39,0x03,0x39,0x03,0x39,0x03,0x39,0x03,0x39,0x03,0x18,0x03,0xF8,0x02,0xF8,0x02,0x58,0x03,
  0x7A,0x44,0x9E,0xB6,0xFF,0xFF,0x97,0xB5,0x25,0x00,0x33,0x84,0xFF,0xFF,0xDF,0xFF,0xFF,0xFF,0xFF,0xFF,0xFF,0xFF,0xFF,0xFF,
  0xFF,0xFF,0xFF,0xFF,0xFF,0xFF,0xFF,0xFF,0xFF,0xFF,0xFF,0xFF,0xFF,0xFF,0xFF,0xFF,0x0C,0x3A,0x8A,0x29,0xDE,0xFF,0x5F,0xDF,
  0x3A,0x3C,0x18,0x03,0xD8,0x02,0xF8,0x02,0xD8,0x02,0x38,0x03,0xFC,0x8D,0xFF,0xFF,0xB0,0x73,0x65,0x00,0x7E,0xEF,0x4F,0x63,
  0x86,0x08,0x7A,0xCE,0xFF,0xFF,0xBE,0xB6,0x1B,0x65,0x7A,0x44,0x9A,0x44,0x9C,0x7D,0x9F,0xDF,0xFF,0xFF,0x12,0x7C,0x04,0x00,
  0x97,0xAD,0x90,0x6B,0x45,0x00,0xD4,0x94,0xFF,0xFF,0x5F,0xD7,0xFB,0x64,0x99,0x13,0x18,0x03,0xF8,0x02,0xF8,0x02,0x18,0x03,
  0x18,0x03,0xF8,0x02,0xF8,0x02,0x38,0x03,0x19,0x2C,0xFD,0x95,0xFF,0xFF,0xBE,0xFF,0x0E,0x5B,0x04,0x00,0x46,0x00,0x4F,0x63,
  0x7D,0xF7,0xFF,0xFF,0x7F,0xDF,0x5F,0xD7,0xFF,0xF7,0xDE,0xFF,0x70,0x6B,0x25,0x00,0x5A,0xC6,0x9E,0xF7,0x5A,0xC6,0xBB,0xD6,
  0xFF,0xFF,0x9B,0xCE,0x04,0x00,0x77,0xAD,0xFF,0xFF,0x1C,0x65,0x59,0x0B,0x17,0x03,0x58,0x0B,0x5C,0x6D,0xFF,0xFF,0x73,0x8C,
  0x65,0x00,0xB1,0x73,0x25,0x00,0xD5,0x9C,0xFF,0xFF,0xDE,0xBE,0x9B,0x4C,0x79,0x13,0x38,0x03,0x18,0x03,0x59,0x03,0xD9,0x23,
  0x3B,0x6D,0x5F,0xD7,0xFF,0xFF,0x36,0xA5,0x66,0x00,0xEA,0x31,0xBE,0xF7,0x59,0xC6,0x03,0x00,0xB8,0xB5,0xFF,0xFF,0xFD,0x8D,
  0xFA,0x2B,0x99,0x13,0xDA,0x1B,0x5C,0x75,0xFF,0xFF,0x7A,0xCE,0x24,0x00,0x73,0x84,0x73,0x84,0x04,0x00,0x53,0x84,0xFF,0xFF,
  0xDF,0xEF,0x3E,0x9E,0xFB,0x54,0x1A,0x2C,0xD9,0x1B,0xD9,0x1B,0xF9,0x23,0x5A,0x34,0xFB,0x54,0xDD,0x85,0xFF,0xBE,0xFF,0xF7,
  0xFF,0xFF,0x9A,0xD6,0xAE,0x4A,0x45,0x00,0x52,0x84,0xFF,0xFF,0xDF,0xFF,0xFF,0xFF,0xFF,0xFF,0xFF,0xFF,0xFF,0xFF,0xFF,0xFF,
  0xFF,0xFF,0xFF,0xFF,0xFF,0xFF,0xFF,0xFF,0xFF,0xFF,0xFF,0xFF,0xFF,0xFF,0xFF,0xFF,0x5D,0xEF,0x48,0x21,0x49,0x21,0x9A,0xD6,
  0xFF,0xFF,0x3F,0xCF,0xFD,0x8D,0x9D,0x7D,0x1D,0x96,0xDF,0xEF,0xFF,0xFF,0x91,0x6B,0x25,0x00,0xF8,0xBD,0xFF,0xFF,0xFF,0xFF,
  0x4F,0x63,0x24,0x00,0x2F,0x5B,0x9A,0xD6,0xFF,0xFF,0xFF,0xFF,0xFF,0xFF,0x9D,0xFF,0x56,0xAD,0x8A,0x29,0xA6,0x10,0xB7,0xB5,
  0xFF,0xFF,0xFF,0xFF,0x56,0xA5,0xE7,0x10,0x89,0x29,0x36,0xAD,0xDE,0xFF,0xFF,0xFF,0x3F,0xCF,0x3D,0x96,0x9C,0x75,0x3C,0x65,
  0x5C,0x6D,0xDD,0x85,0x9E,0xAE,0xBF,0xE7,0xFF,0xFF,0x7D,0xF7,0x12,0x84,0x87,0x08,0x49,0x21,0x5A,0xCE,0x39,0xC6,0x48,0x21,
  0x86,0x00,0x4C,0x42,0xF1,0x7B,0x32,0x84,0xEF,0x52,0xA6,0x08,0x27,0x21,0x3A,0xC6,0xFF,0xFF,0xFF,0xFF,0xFF,0xFF,0xFF,0xFF,
  0xFF,0xFF,0xFF,0xFF,0xB4,0x8C,0x26,0x00,0x74,0x8C,0xDF,0xFF,0xDF,0xF7,0x9F,0xE7,0xDF,0xF7,0x3C,0xEF,0xEE,0x5A,0x45,0x00,
  0xB7,0xB5,0xFF,0xFF,0xD4,0x94,0x66,0x00,0xEB,0x39,0xF8,0xC5,0xDF,0xFF,0xFF,0xF7,0xBF,0xE7,0x9F,0xE7,0xDF,0xEF,0xFF,0xFF,
  0x7D,0xF7,0xF5,0x9C,0x69,0x21,0x45,0x00,0x12,0x7C,0xFF,0xFF,0xFF,0xFF,0xFF,0xFF,0x53,0x84,0x25,0x00,0xB0,0x73,0x3C,0xEF,
  0xFF,0xFF,0xDF,0xF7,0xDF,0xF7,0x5D,0xEF,0xF2,0x7B,0x45,0x00,0xB1,0x73,0xFF,0xFF,0xFF,0xFF,0x77,0xAD,0x08,0x19,0xE7,0x10,
  0xB1,0x6B,0x18,0xC6,0x5C,0xEF,0xDF,0xFF,0xFF,0xFF,0xFF,0xF7,0xFF,0xFF,0xDF,0xFF,0x7D,0xF7,0x9A,0xD6,0x35,0xAD,0x4F,0x63,
  0x49,0x21,0x86,0x00,0x6C,0x4A,0x7A,0xCE,0xFF,0xFF,0xFF,0xFF,0xFF,0xFF,0xFF,0xFF,0xFF,0xFF,0xFF,0xFF,0xFF,0xFF,0xFF,0xFF,
  0xFF,0xFF,0xFF,0xFF,0xFF,0xFF,0xFF,0xFF,0xFF,0xFF,0xFF,0xFF,0xFF,0xFF,0xFF,0xFF,0xFF,0xFF,0x9E,0xF7,0xEE,0x52,0x25,0x00,
  0x4C,0x42,0x35,0xA5,0xDB,0xDE,0x1B,0xE7,0x9A,0xD6,0x53,0x84,0xE7,0x18,0x28,0x19,0x5A,0xC6,0xFF,0xFF,0xDF,0xFF,0xFF,0xFF,
  0xFF,0xFF,0xB7,0xB5,0xEB,0x31,0x66,0x00,0xC7,0x08,0x69,0x21,0x28,0x19,0xA7,0x00,0xC7,0x10,0x90,0x6B,0x7E,0xEF,0xFF,0xFF,
  0xDF,0xFF,0xDF,0xFF,0xFF,0xFF,0x9E,0xF7,0x12,0x7C,0xE7,0x10,0xC7,0x08,0xAD,0x4A,0xD4,0x9C,0x39,0xCE,0x1C,0xE7,0x7D,0xF7,
  0x7D,0xF7,0xFB,0xE6,0x39,0xC6,0x73,0x8C,0x2C,0x3A,0x66,0x00,0x28,0x19,0xB4,0x94,0xFF,0xFF,0xFF,0xFF,0xFF,0xFF,0xFF,0xFF,
  0xD8,0xB5,0x50,0x63,0x2C,0x3A,0xEB,0x31,0x0F,0x5B,0x57,0xAD,0xFF,0xFF,0xFF,0xFF,0xFF,0xFF,0xFF,0xFF,0xFF,0xFF,0xFF,0xFF,
  0xFF,0xFF,0xDF,0xFF,0xFF,0xFF,0x56,0xA5,0xA6,0x10,0xC7,0x08,0x8D,0x42,0xEE,0x5A,0x0B,0x3A,0x66,0x00,0xCA,0x31,0x9A,0xCE,
  0xFF,0xFF,0xDF,0xFF,0xFF,0xFF,0xFC,0xDE,0xEE,0x52,0x86,0x08,0xC7,0x10,0x2B,0x3A,0x0F,0x5B,0x4F,0x63,0x8C,0x4A,0x89,0x29,
  0x86,0x00,0xE7,0x10,0x91,0x6B,0x1C,0xE7,0xFF,0xFF,0xFF,0xFF,0xFF,0xFF,0xFF,0xFF,0xFF,0xFF,0xB7,0xB5,0x68,0x29,0x86,0x00,
  0x8A,0x21,0x0B,0x32,0x89,0x21,0xA7,0x08,0x69,0x29,0x97,0xAD,0xFF,0xFF,0xFF,0xFF,0xDF,0xFF,0xFF,0xFF,0xDF,0xFF,0x16,0xA5,
  0x6D,0x42,0xE7,0x10,0xA6,0x08,0x08,0x11,0x89,0x21,0x8A,0x29,0x69,0x21,0x08,0x11,0xA7,0x08,0x86,0x00,0x29,0x19,0x6D,0x42,
  0xB4,0x94,0x1C,0xDF,0xFF,0xFF,0xFF,0xFF,0xDF,0xFF,0xFF,0xFF,0xFF,0xFF,0xFF,0xFF,0xFF,0xFF,0xFF,0xFF,0xFF,0xFF,0xFF,0xFF,
  0xFF,0xFF,0xFF,0xFF,0xFF,0xFF,0xFF,0xFF,0xFF,0xFF,0xFF,0xFF,0xFF,0xFF,0xFF,0xFF,0xFF,0xFF,0xFF,0xFF,0xFF,0xFF,0x39,0xC6,
  0xCE,0x52,0x28,0x19,0xC7,0x08,0xC6,0x08,0x08,0x11,0xCA,0x31,0x93,0x8C,0xBF,0xF7,0xFF,0xFF,0xDF,0xFF,0xFF,0xFF,0xFF,0xFF,
  0xFF,0xFF,0xFF,0xFF,0xFF,0xFF,0xFC,0xDE,0x97,0xAD,0xB4,0x94,0xF5,0x9C,0x19,0xC6,0xBE,0xF7,0xFF,0xFF,0xFF,0xFF,0xFF,0xFF,
  0xFF,0xFF,0xFF,0xFF,0xDF,0xFF,0xFF,0xFF,0xFF,0xFF,0xDF,0xFF,0x97,0xB5,0x2F,0x63,0x89,0x21,0xC7,0x08,0xA7,0x00,0xA7,0x08,
  0xA7,0x08,0xA6,0x00,0xE7,0x08,0xAA,0x29,0x70,0x63,0xF8,0xBD,0xFF,0xFF,0xFF,0xFF,0xFF,0xFF,0xFF,0xFF,0xFF,0xFF,0xFF,0xFF,
  0xFF,0xFF,0xFF,0xFF,0xFF,0xFF,0xFF,0xFF,0xFF,0xFF,0xFF,0xFF,0xFF,0xFF,0xFF,0xFF,0xFF,0xFF,0xFF,0xFF,0xFF,0xFF,0xFF,0xFF,
  0xFF,0xFF,0xFF,0xFF,0xFF,0xFF,0xFF,0xFF,0xBE,0xF7,0x57,0xAD,0xB1,0x6B,0x4F,0x5B,0x12,0x7C,0x5A,0xC6,0xFF,0xFF,0xFF,0xFF,
  0xDF,0xFF,0xFF,0xFF,0xDF,0xFF,0xFF,0xFF,0xFF,0xFF,0x7D,0xEF,0x77,0xAD,0x12,0x7C,0x2F,0x5B,0x0F,0x5B,0x70,0x63,0x93,0x8C,
  0x39,0xC6,0xDF,0xFF,0xFF,0xFF,0xFF,0xFF,0xDF,0xFF,0xFF,0xFF,0xFF,0xFF,0xFF,0xFF,0xDF,0xFF,0xFF,0xFF,0xFF,0xFF,0x9B,0xD6,
  0x36,0xA5,0x94,0x8C,0x36,0xA5,0x9B,0xD6,0xFF,0xFF,0xFF,0xFF,0xFF,0xFF,0xFF,0xFF,0xFF,0xFF,0xDF,0xFF,0xFF,0xFF,0xFF,0xFF,
  0xFF,0xFF,0xBE,0xF7,0x7A,0xCE,0x77,0xAD,0xD4,0x94,0xB4,0x8C,0xD5,0x94,0x77,0xAD,0x5A,0xC6,0x3D,0xE7,0xFF,0xFF,0xFF,0xFF,
  0xFF,0xFF,0xFF,0xFF,0xDF,0xFF,0xFF,0xFF,0xFF,0xFF,0xFF,0xFF,0xFF,0xFF,0xFF,0xFF,0xFF,0xFF,0xFF,0xFF,0xFF,0xFF,0xFF,0xFF,
  0xFF,0xFF,0xFF,0xFF,0xFF,0xFF,0xFF,0xFF,0xFF,0xFF,0xFF,0xFF,0xFF,0xFF,0xFF,0xFF,0xFF,0xFF,0xFF,0xFF,0xFF,0xFF,0xFF,0xFF,
  0xFF,0xFF,0xFF,0xFF,0x3D,0xE7,0x1C,0xDF,0x9E,0xF7,0xFF,0xFF,0xFF,0xFF,0xFF,0xFF,0xFF,0xFF,0xFF,0xFF,0xFF,0xFF,0xFF,0xFF,
  0xFF,0xFF,0xDF,0xFF,0xFF,0xFF,0xFF,0xFF,0xFF,0xFF,0xFF,0xFF,0xFF,0xFF,0xFF,0xFF,0xFF,0xFF,0xDF,0xFF,0xFF,0xFF,0xFF,0xFF,
  0xFF,0xFF,0xFF,0xFF,0xFF,0xFF,0xFF,0xFF,0xDF,0xFF,0xFF,0xFF,0xFF,0xFF,0xFF,0xFF,0xFF,0xFF,0x9E,0xF7,0xDC,0xDE,0x7A,0xCE,
  0x9B,0xD6,0xFC,0xDE,0x9E,0xF7,0xFF,0xFF,0xFF,0xFF,0xFF,0xFF,0xFF,0xFF,0xDF,0xFF,0xFF,0xFF,0xFF,0xFF,0xFF,0xFF,0xFF,0xFF,
  0xDF,0xFF,0xDF,0xFF,0xDF,0xFF,0xFF,0xFF,0xDF,0xFF,0xDF,0xFF,0xFF,0xFF,0xFF,0xFF,0xFF,0xFF,0xFF,0xFF,0xFF,0xFF,0xFF,0xFF,
  0xFF,0xFF,0xFF,0xFF,0xFF,0xFF,0xDF,0xFF,0xFF,0xFF,0xFF,0xFF,0xFF,0xFF,0xFF,0xFF,0xFF,0xFF,0xFF,0xFF,0xFF,0xFF,0xFF,0xFF,
  0xFF,0xFF,0xFF,0xFF,0xFF,0xFF,0xFF,0xFF,0xDF,0xFF,0xFF,0xFF,0xFF,0xFF,0xFF,0xFF,0xFF,0xFF,0xFF,0xFF,0xFF,0xFF,0xFF,0xFF,
  0xFF,0xFF,0xFF,0xFF,0xDF,0xFF,0xFF,0xFF,0xFF,0xFF,0xFF,0xFF,0xFF,0xFF,0xFF,0xFF,0xFF,0xFF,0xDF,0xFF,0xFF,0xFF,0xFF,0xFF,
  0xFF,0xFF,0xFF,0xFF,0xFF,0xFF,0xFF,0xFF,0xFF,0xFF,0xDF,0xFF,0xFF,0xFF,0xFF,0xFF,0xFF,0xFF,0xFF,0xFF,0xFF,0xFF,0xDF,0xFF,
  0xDF,0xFF,0xFF,0xFF,0xFF,0xFF,0xFF,0xFF,0xFF,0xFF,0xFF,0xFF,0xFF,0xFF,0xFF,0xFF,0xFF,0xFF,0xFF,0xFF,0xFF,0xFF,0xDF,0xFF,
  0xDF,0xFF,0xFF,0xFF,0xFF,0xFF,0xFF,0xFF,0xFF,0xFF,0xFF,0xFF,0xFF,0xFF,0xFF,0xFF,0xFF,0xFF,0xFF,0xFF,0xFF,0xFF,0xFF,0xFF,
  0xFF,0xFF,0xFF,0xFF,0xFF,0xFF,0xFF,0xFF,0xFF,0xFF,0xFF,0xFF,0xFF,0xFF,0xFF,0xFF,0xFF,0xFF,0xFF,0xFF,0xFF,0xFF,0xFF,0xFF,
  0xDF,0xFF,0xFF,0xFF,0xFF,0xFF,0xFF,0xFF,0xFF,0xFF,0xFF,0xFF,0xDF,0xFF,0xFF,0xFF,0xFF,0xFF,0xFF,0xFF,0xFF,0xFF,0xFF,0xFF,
  0xFF,0xFF,0xFF,0xFF,0xFF,0xFF,0xFF,0xFF,0xDF,0xFF,0xDF,0xFF,0xDF,0xFF,0xDF,0xFF,0xFF,0xFF,0xFF,0xFF,0xFF,0xFF,0xFF,0xFF,
  0xFF,0xFF,0xFF,0xFF,0xFF,0xFF,0xFF,0xFF,0xFF,0xFF,0xFF,0xFF,0xDF,0xFF,0xDF,0xFF,0xFF,0xFF,0xFF,0xFF,0xFF,0xFF,0xFF,0xFF,
  0xFF,0xFF,0xFF,0xFF,0xFF,0xFF,0xFF,0xFF,0xDF,0xFF,0xDF,0xFF,0xFF,0xFF,0xFF,0xFF,0xFF,0xFF,0xFF,0xFF,0xFF,0xFF,0xFF,0xFF,
  0xFF,0xFF,0xFF,0xFF,0xFF,0xFF,0xFF,0xFF,0xFF,0xFF,0xFF,0xFF,0xFF,0xFF,0xFF,0xFF,0xFF,0xFF,0xFF,0xFF,0xFF,0xFF,0xFF,0xFF,
  0xFF,0xFF,0xFF,0xFF,0xFF,0xFF,0xFF,0xFF,0xFF,0xFF,0xDF,0xFF,0xDF,0xFF,0xDF,0xFF,0xDF,0xFF,0xDF,0xFF,0xFF,0xFF,0xFF,0xFF,
  0xFF,0xFF,0xFF,0xFF,0xFF,0xFF,0xFF,0xFF,0xFF,0xFF,0xFF,0xFF,0xDF,0xFF,0xDF,0xFF,0xDF,0xFF,0xDF,0xFF,0xDF,0xFF,0xDF,0xFF,
  0xDF,0xFF,0xFF,0xFF,0xFF,0xFF,0xFF,0xFF,0xFF,0xFF,0xFF,0xFF,0xFF,0xFF,0xFF,0xFF,0xFF,0xFF,0xFF,0xFF,0xFF,0xFF,0xFF,0xFF,
  0xDF,0xFF,0xDF,0xFF,0xDF,0xFF,0xFF,0xFF,0xFF,0xFF,0xFF,0xFF,0xFF,0xFF,0xFF,0xFF,0xFF,0xFF,0xFF,0xFF,0xFF,0xFF,0xFF,0xFF,
  0xFF,0xFF,0xFF,0xFF,0xFF,0xFF,0xDF,0xFF,0xDF,0xFF,0xDF,0xFF,0xDF,0xFF,0xDF,0xFF,0xDF,0xFF,0xFF,0xFF,0xFF,0xFF,0xFF,0xFF,
  0xFF,0xFF,0xFF,0xFF,0xFF,0xFF,0xFF,0xFF,0xFF,0xFF,0xFF,0xFF,0xFF,0xFF,0xFF,0xFF,0xFF,0xFF,0xFF,0xFF,0xFF,0xFF,0xFF,0xFF,
  0xFF,0xFF,0xFF,0xFF,0xFF,0xFF,0xFF,0xFF,0xFF,0xFF,0xFF,0xFF,0xFF,0xFF,0xFF,0xFF,0xFF,0xFF,0xFF,0xFF,0xFF,0xFF,0xFF,0xFF,
  0xFF,0xFF,0xFF,0xFF,0xFF,0xFF,0xFF,0xFF,0xFF,0xFF,0xFF,0xFF,0xFF,0xFF,0xFF,0xFF,0xFF,0xFF,0xFF,0xFF,0xFF,0xFF,0xFF,0xFF,
  0xFF,0xFF,0xFF,0xFF,0xFF,0xFF,0xFF,0xFF,0xFF,0xFF,0xFF,0xFF,0xFF,0xFF,0xFF,0xFF,0xFF,0xFF,0xFF,0xFF,0xFF,0xFF,0xFF,0xFF,
  0xFF,0xFF,0xFF,0xFF,0xFF,0xFF,0xFF,0xFF,0xFF,0xFF,0xFF,0xFF,0xFF,0xFF,0xFF,0xFF,0xFF,0xFF,0xFF,0xFF,0xFF,0xFF,0xFF,0xFF,
  0xFF,0xFF,0xFF,0xFF,0xFF,0xFF,0xFF,0xFF,0xFF,0xFF,0xFF,0xFF,0xFF,0xFF,0xFF,0xFF,0xFF,0xFF,0xFF,0xFF,0xFF,0xFF,0xFF,0xFF,
  0xFF,0xFF,0xFF,0xFF,0xFF,0xFF,0xFF,0xFF,0xFF,0xFF,0xFF,0xFF,0xFF,0xFF,0xFF,0xFF,0xFF,0xFF,0xFF,0xFF,0xFF,0xFF,0xFF,0xFF,
  0xFF,0xFF,0xFF,0xFF,0xFF,0xFF,0xFF,0xFF,0xFF,0xFF,0xFF,0xFF,0xFF,0xFF,0xFF,0xFF,0xFF,0xFF,0xFF,0xFF,0xFF,0xFF,0xFF,0xFF,
  0xFF,0xFF,0xFF,0xFF,0xFF,0xFF,0xFF,0xFF,0xFF,0xFF,0xFF,0xFF,0xFF,0xFF,0xFF,0xFF,0xFF,0xFF,0xFF,0xFF,0xFF,0xFF,0xFF,0xFF,
  0xFF,0xFF,0xFF,0xFF,0xFF,0xFF,0xFF,0xFF,0xFF,0xFF,0xFF,0xFF,0xFF,0xFF,0xFF,0xFF,0xFF,0xFF,0xFF,0xFF,0xFF,0xFF,0xFF,0xFF,
  0xFF,0xFF,0xFF,0xFF,0xFF,0xFF,0xFF,0xFF,0xFF,0xFF,0xFF,0xFF,0xFF,0xFF,0xFF,0xFF,0xFF,0xFF,0xFF,0xFF,0xFF,0xFF,0xFF,0xFF,
  0xFF,0xFF,0xFF,0xFF,0xFF,0xFF,0xFF,0xFF,0xFF,0xFF,0xFF,0xFF,0xFF,0xFF,0xFF,0xFF,0xFF,0xFF,0xFF,0xFF,0xFF,0xFF,0xFF,0xFF,
  0xFF,0xFF,0xFF,0xFF,0xFF,0xFF,0xFF,0xFF,0xFF,0xFF,0xFF,0xFF,0xFF,0xFF,0xFF,0xFF,0xFF,0xFF,0xFF,0xFF,0xFF,0xFF,0xFF,0xFF,
  0xFF,0xFF,0xFF,0xFF,0xFF,0xFF,0xFF,0xFF,0xFF,0xFF,0xFF,0xFF,0xFF,0xFF,0xFF,0xFF,0xFF,0xFF,0xFF,0xFF,0xFF,0xFF,0xFF,0xFF,
  0xFF,0xFF,0xFF,0xFF,0xFF,0xFF,0xFF,0xFF,0xFF,0xFF,0xFF,0xFF,0xFF,0xFF,0xFF,0xFF,0xFF,0xFF,0xFF,0xFF,0xFF,0xFF,0xFF,0xFF,
  0xFF,0xFF,0xFF,0xFF,0xFF,0xFF,0xFF,0xFF,0xFF,0xFF,0xFF,0xFF,0xFF,0xFF,0xFF,0xFF,0xFF,0xFF,0xFF,0xFF,0xFF,0xFF,0xFF,0xFF,
  0xFF,0xFF,0xFF,0xFF,0xFF,0xFF,0xFF,0xFF,0xFF,0xFF,0xFF,0xFF,0xFF,0xFF,0xFF,0xFF,0xFF,0xFF,0xFF,0xFF,0xFF,0xFF,0xFF,0xFF,
  0xFF,0xFF,0xFF,0xFF,0xFF,0xFF,0xFF,0xFF,0xFF,0xFF,0xFF,0xFF,0xFF,0xFF,0xFF,0xFF,0xFF,0xFF,0xFF,0xFF,0xFF,0xFF,0xFF,0xFF,
  0xFF,0xFF,0xFF,0xFF,0xFF,0xFF,0xFF,0xFF,0xFF,0xFF,0xFF,0xFF,0xFF,0xFF,0xFF,0xFF,0xFF,0xFF,0xFF,0xFF,0xFF,0xFF,0xFF,0xFF,
  0xFF,0xFF,0xFF,0xFF,0xFF,0xFF,0xFF,0xFF,0xFF,0xFF,0xFF,0xFF,0xFF,0xFF,0xFF,0xFF,0xFF,0xFF,0xFF,0xFF,0xFF,0xFF,0xFF,0xFF,
  0xFF,0xFF,0xFF,0xFF,0xFF,0xFF,0xFF,0xFF,0xFF,0xFF,0xFF,0xFF,0xFF,0xFF,0xFF,0xFF,0xFF,0xFF,0xFF,0xFF,0xFF,0xFF,0xFF,0xFF,
  0xFF,0xFF,0xFF,0xFF,0xFF,0xFF,0xFF,0xFF,0xFF,0xFF,0xFF,0xFF,0xFF,0xFF,0xFF,0xFF,0xFF,0xFF,0xFF,0xFF,0xFF,0xFF,0xFF,0xFF,
  0xFF,0xFF,0xFF,0xFF,0xFF,0xFF,0xFF,0xFF,0xFF,0xFF,0xFF,0xFF,0xFF,0xFF,0xFF,0xFF,0xFF,0xFF,0xFF,0xFF,0xFF,0xFF,0xFF,0xFF,
  0xFF,0xFF,0xFF,0xFF,0xFF,0xFF,0xFF,0xFF,0xFF,0xFF,0xFF,0xFF,0xFF,0xFF,0xFF,0xFF,0xFF,0xFF,0xFF,0xFF,0xFF,0xFF,0xFF,0xFF,
  0xFF,0xFF,0xFF,0xFF,0xFF,0xFF,0xFF,0xFF,0xFF,0xFF,0xFF,0xFF,0xFF,0xFF,0xFF,0xFF,0xFF,0xFF,0xFF,0xFF,0xFF,0xFF,0xFF,0xFF,
  0xFF,0xFF,0xFF,0xFF,0xFF,0xFF,0xFF,0xFF,0xFF,0xFF,0xFF,0xFF,0xFF,0xFF,0xFF,0xFF,0xFF,0xFF,0xFF,0xFF,0xFF,0xFF,0xFF,0xFF,
  0xFF,0xFF,0xFF,0xFF,0xFF,0xFF,0xFF,0xFF,0xFF,0xFF,0xFF,0xFF,0xFF,0xFF,0xFF,0xFF,0xFF,0xFF,0xFF,0xFF,0xFF,0xFF,0xFF,0xFF,
  0xFF,0xFF,0xFF,0xFF,0xFF,0xFF,0xFF,0xFF,0xFF,0xFF,0xFF,0xFF,0xFF,0xFF,0xFF,0xFF,0xFF,0xFF,0xFF,0xFF,0xFF,0xFF,0xFF,0xFF,
  0xFF,0xFF,0xFF,0xFF,0xFF,0xFF,0xFF,0xFF,0xFF,0xFF,0xFF,0xFF,0xFF,0xFF,0xFF,0xFF,0xFF,0xFF,0xFF,0xFF,0xFF,0xFF,0xFF,0xFF,
  0xFF,0xFF,0xFF,0xFF,0xFF,0xFF,0xFF,0xFF,0xFF,0xFF,0xFF,0xFF,0xFF,0xFF,0xFF,0xFF,0xFF,0xFF,0xFF,0xFF,0xFF,0xFF,0xFF,0xFF,
  0xFF,0xFF,0xFF,0xFF,0xFF,0xFF,0xFF,0xFF,0xFF,0xFF,0xFF,0xFF,0xFF,0xFF,0xFF,0xFF,0xFF,0xFF,0xFF,0xFF,0xFF,0xFF,0xFF,0xFF,
  0xFF,0xFF,0xFF,0xFF,0xFF,0xFF,0xFF,0xFF,0xFF,0xFF,0xFF,0xFF,0xFF,0xFF,0xFF,0xFF,0xFF,0xFF,0xFF,0xFF,0xFF,0xFF,0xFF,0xFF,
  0xFF,0xFF,0xFF,0xFF,0xFF,0xFF,0xFF,0xFF,0xFF,0xFF,0xFF,0xFF,0xFF,0xFF,0xFF,0xFF,0xFF,0xFF,0xFF,0xFF,0xFF,0xFF,0xFF,0xFF,
  0xFF,0xFF,0xFF,0xFF,0xFF,0xFF,0xFF,0xFF,0xFF,0xFF,0xFF,0xFF,0xFF,0xFF,0xFF,0xFF,0xFF,0xFF,0xFF,0xFF,0xFF,0xFF,0xFF,0xFF,
  0xFF,0xFF,0xFF,0xFF,0xFF,0xFF,0xFF,0xFF,0xFF,0xFF,0xFF,0xFF,0xFF,0xFF,0xFF,0xFF,0xFF,0xFF,0xFF,0xFF,0xFF,0xFF,0xFF,0xFF,
  0xFF,0xFF,0xFF,0xFF,0xFF,0xFF,0xFF,0xFF,0xFF,0xFF,0xFF,0xFF,0xFF,0xFF,0xFF,0xFF,0xFF,0xFF,0xFF,0xFF,0xFF,0xFF,0xFF,0xFF,
  0xFF,0xFF,0xFF,0xFF,0xFF,0xFF,0xFF,0xFF,0xFF,0xFF,0xFF,0xFF,0xFF,0xFF,0xFF,0xFF,0xFF,0xFF,0xFF,0xFF,0xFF,0xFF,0xFF,0xFF,
  0xFF,0xFF,0xFF,0xFF,0xFF,0xFF,0xFF,0xFF,0xFF,0xFF,0xFF,0xFF,0xFF,0xFF,0xFF,0xFF,0xFF,0xFF,0xFF,0xFF,0xFF,0xFF,0xFF,0xFF,
  0xFF,0xFF,0xFF,0xFF,0xFF,0xFF,0xFF,0xFF,0xFF,0xFF,0xFF,0xFF,0xFF,0xFF,0xFF,0xFF,0xFF,0xFF,0xFF,0xFF,0xFF,0xFF,0xFF,0xFF,
  0xFF,0xFF,0xFF,0xFF,0xFF,0xFF,0xFF,0xFF,0xFF,0xFF,0xFF,0xFF,0xFF,0xFF,0xFF,0xFF,0xFF,0xFF,0xFF,0xFF,0xFF,0xFF,0xFF,0xFF,
  0xFF,0xFF,0xFF,0xFF,0xFF,0xFF,0xFF,0xFF,0xFF,0xFF,0xFF,0xFF,0xFF,0xFF,0xFF,0xFF,0xFF,0xFF,0xFF,0xFF,0xFF,0xFF,0xFF,0xFF,
  0xFF,0xFF,0xFF,0xFF,0xFF,0xFF,0xFF,0xFF,0xFF,0xFF,0xFF,0xFF,0xFF,0xFF,0xFF,0xFF,0xFF,0xFF,0xFF,0xFF,0xFF,0xFF,0xFF,0xFF,
  0xFF,0xFF,0xFF,0xFF,0xFF,0xFF,0xFF,0xFF,0xFF,0xFF,0xFF,0xFF,0xFF,0xFF,0xFF,0xFF,0xFF,0xFF,0xFF,0xFF,0xFF,0xFF,0xFF,0xFF,
  0xFF,0xFF,0xFF,0xFF,0xFF,0xFF,0xFF,0xFF,0xFF,0xFF,0xFF,0xFF,0xFF,0xFF,0xFF,0xFF,0xFF,0xFF,0xFF,0xFF,0xFF,0xFF,0xFF,0xFF,
  0xFF,0xFF,0xFF,0xFF,0xFF,0xFF,0xFF,0xFF,0xFF,0xFF,0xFF,0xFF,0xFF,0xFF,0xFF,0xFF,0xFF,0xFF,0xFF,0xFF,0xFF,0xFF,0xFF,0xFF,
  0xFF,0xFF,0xFF,0xFF,0xFF,0xFF,0xFF,0xFF,0xFF,0xFF,0xFF,0xFF,0xFF,0xFF,0xFF,0xFF,0xFF,0xFF,0xFF,0xFF,0xFF,0xFF,0xFF,0xFF,
  0xFF,0xFF,0xFF,0xFF,0xFF,0xFF,0xFF,0xFF,0xFF,0xFF,0xFF,0xFF,0xFF,0xFF,0xFF,0xFF,0xFF,0xFF,0xFF,0xFF,0xFF,0xFF,0xFF,0xFF,
  0xFF,0xFF,0xFF,0xFF,0xFF,0xFF,0xFF,0xFF,0xFF,0xFF,0xFF,0xFF,0xFF,0xFF,0xFF,0xFF,0xFF,0xFF,0xFF,0xFF,0xFF,0xFF,0xFF,0xFF,
  0xFF,0xFF,0xFF,0xFF,0xFF,0xFF,0xFF,0xFF,0xFF,0xFF,0xFF,0xFF,0xFF,0xFF,0xFF,0xFF,0xFF,0xFF,0xFF,0xFF,0xFF,0xFF,0xFF,0xFF,
  0xFF,0xFF,0xFF,0xFF,0xFF,0xFF,0xFF,0xFF,0xFF,0xFF,0xFF,0xFF,0xFF,0xFF,0xFF,0xFF,0xFF,0xFF,0xFF,0xFF,0xFF,0xFF,0xFF,0xFF,
  0xFF,0xFF,0xFF,0xFF,0xFF,0xFF,0xFF,0xFF,0xFF,0xFF,0xFF,0xFF,0xFF,0xFF,0xFF,0xFF,0xFF,0xFF,0xFF,0xFF,0xFF,0xFF,0xFF,0xFF,
  0xFF,0xFF,0xFF,0xFF,0xFF,0xFF,0xFF,0xFF,0xFF,0xFF,0xFF,0xFF,0xFF,0xFF,0xFF,0xFF,0xFF,0xFF,0xFF,0xFF,0xFF,0xFF,0xFF,0xFF,
  0xFF,0xFF,0xFF,0xFF,0xFF,0xFF,0xFF,0xFF,0xFF,0xFF,0xFF,0xFF,0xFF,0xFF,0xFF,0xFF,0xFF,0xFF,0xFF,0xFF,0xFF,0xFF,0xFF,0xFF,
  0xFF,0xFF,0xFF,0xFF,0xFF,0xFF,0xFF,0xFF,0xFF,0xFF,0xFF,0xFF,0xFF,0xFF,0xFF,0xFF,0xFF,0xFF,0xFF,0xFF,0xFF,0xFF,0xFF,0xFF,
  0xFF,0xFF,0xFF,0xFF,0xFF,0xFF,0xFF,0xFF,0xFF,0xFF,0xFF,0xFF,0xFF,0xFF,0xFF,0xFF,0xFF,0xFF,0xFF,0xFF,0xFF,0xFF,0xFF,0xFF,
  0xFF,0xFF,0xFF,0xFF,0xFF,0xFF,0xFF,0xFF,0xFF,0xFF,0xFF,0xFF,0xFF,0xFF,0xFF,0xFF,0xFF,0xFF,0xFF,0xFF,0xFF,0xFF,0xFF,0xFF,
  0xFF,0xFF,0xFF,0xFF,0xFF,0xFF,0xFF,0xFF,0xFF,0xFF,0xFF,0xFF,0xFF,0xFF,0xFF,0xFF,0xFF,0xFF,0xFF,0xFF,0xFF,0xFF,0xFF,0xFF,
  0xFF,0xFF,0xFF,0xFF,0xFF,0xFF,0xFF,0xFF,0xFF,0xFF,0xFF,0xFF,0xFF,0xFF,0xFF,0xFF,0xFF,0xFF,0xFF,0xFF,0xFF,0xFF,0xFF,0xFF,
  0xFF,0xFF,0xFF,0xFF,0xFF,0xFF,0xFF,0xFF,0xFF,0xFF,0xFF,0xFF,0xFF,0xFF,0xFF,0xFF,0xFF,0xFF,0xFF,0xFF,0xFF,0xFF,0xFF,0xFF,
  0xFF,0xFF,0xFF,0xFF,0xFF,0xFF,0xFF,0xFF,0xFF,0xFF,0xFF,0xFF,0xFF,0xFF,0xFF,0xFF,0xFF,0xFF,0xFF,0xFF,0xFF,0xFF,0xFF,0xFF,
  0xFF,0xFF,0xFF,0xFF,0xFF,0xFF,0xFF,0xFF,0xFF,0xFF,0xFF,0xFF,0xFF,0xFF,0xFF,0xFF,0xFF,0xFF,0xFF,0xFF,0xFF,0xFF,0xFF,0xFF,
  0xFF,0xFF,0xFF,0xFF,0xFF,0xFF,0xFF,0xFF,0xFF,0xFF,0xFF,0xFF,0xFF,0xFF,0xFF,0xFF,0xFF,0xFF,0xFF,0xFF,0xFF,0xFF,0xFF,0xFF,
  0xFF,0xFF,0xFF,0xFF,0xFF,0xFF,0xFF,0xFF,0xFF,0xFF,0xFF,0xFF,0xFF,0xFF,0xFF,0xFF,0xFF,0xFF,0xFF,0xFF,0xFF,0xFF,0xFF,0xFF,
  0xFF,0xFF,0xFF,0xFF,0xFF,0xFF,0xFF,0xFF,0xFF,0xFF,0xFF,0xFF,0xFF,0xFF,0xFF,0xFF,0xFF,0xFF,0xFF,0xFF,0xFF,0xFF,0xFF,0xFF,
  0xFF,0xFF,0xFF,0xFF,0xFF,0xFF,0xFF,0xFF,0xFF,0xFF,0xFF,0xFF,0xFF,0xFF,0xFF,0xFF,0xFF,0xFF,0xFF,0xFF,0xFF,0xFF,0xFF,0xFF,
  0xFF,0xFF,0xFF,0xFF,0xFF,0xFF,0xFF,0xFF,0xFF,0xFF,0xFF,0xFF,0xFF,0xFF,0xFF,0xFF,0xFF,0xFF,0xFF,0xFF,0xFF,0xFF,0xFF,0xFF,
  0xFF,0xFF,0xFF,0xFF,0xFF,0xFF,0xFF,0xFF,0xFF,0xFF,0xFF,0xFF,0xFF,0xFF,0xFF,0xFF,0xFF,0xFF,0xFF,0xFF,0xFF,0xFF,0xFF,0xFF,
  0xFF,0xFF,0xFF,0xFF,0xFF,0xFF,0xFF,0xFF,0xFF,0xFF,0xFF,0xFF,0xFF,0xFF,0xFF,0xFF,0xFF,0xFF,0xFF,0xFF,0xFF,0xFF,0xFF,0xFF,
  0xFF,0xFF,0xFF,0xFF,0xFF,0xFF,0xFF,0xFF,0xFF,0xFF,0xFF,0xFF,0xFF,0xFF,0xFF,0xFF,0xFF,0xFF,0xFF,0xFF,0xFF,0xFF,0xFF,0xFF,
  0xFF,0xFF,0xFF,0xFF,0xFF,0xFF,0xFF,0xFF,0xFF,0xFF,0xFF,0xFF,0xFF,0xFF,0xFF,0xFF,0xFF,0xFF,0xFF,0xFF,0xFF,0xFF,0xFF,0xFF,
  0xFF,0xFF,0xFF,0xFF,0xFF,0xFF,0xFF,0xFF,0xFF,0xFF,0xFF,0xFF,0xFF,0xFF,0xFF,0xFF,0xFF,0xFF,0xFF,0xFF,0xFF,0xFF,0xFF,0xFF,
  0xFF,0xFF,0xFF,0xFF,0xFF,0xFF,0xFF,0xFF,0xFF,0xFF,0xFF,0xFF,0xFF,0xFF,0xFF,0xFF,0xFF,0xFF,0xFF,0xFF,0xFF,0xFF,0xFF,0xFF,
  0xFF,0xFF,0xFF,0xFF,0xFF,0xFF,0xFF,0xFF,0xFF,0xFF,0xFF,0xFF,0xFF,0xFF,0xFF,0xFF,0xFF,0xFF,0xFF,0xFF,0xFF,0xFF,0xFF,0xFF,
  0xFF,0xFF,0xFF,0xFF,0xFF,0xFF,0xFF,0xFF,0xFF,0xFF,0xFF,0xFF,0xFF,0xFF,0xFF,0xFF,0xFF,0xFF,0xFF,0xFF,0xFF,0xFF,0xFF,0xFF,
  0xFF,0xFF,0xFF,0xFF,0xFF,0xFF,0xFF,0xFF,0xFF,0xFF,0xFF,0xFF,0xFF,0xFF,0xFF,0xFF,0xFF,0xFF,0xFF,0xFF,0xFF,0xFF,0xFF,0xFF,
  0xFF,0xFF,0xFF,0xFF,0xFF,0xFF,0xFF,0xFF,0xFF,0xFF,0xFF,0xFF,0xFF,0xFF,0xFF,0xFF,0xFF,0xFF,0xFF,0xFF,0xFF,0xFF,0xFF,0xFF,
  0xFF,0xFF,0xFF,0xFF,0xFF,0xFF,0xFF,0xFF,0xFF,0xFF,0xFF,0xFF,0xFF,0xFF,0xFF,0xFF,0xFF,0xFF,0xFF,0xFF,0xFF,0xFF,0xFF,0xFF,
  0xFF,0xFF,0xFF,0xFF,0xFF,0xFF,0xFF,0xFF,0xFF,0xFF,0xFF,0xFF,0xFF,0xFF,0xFF,0xFF,0xFF,0xFF,0xFF,0xFF,0xFF,0xFF,0xFF,0xFF,
  0xFF,0xFF,0xFF,0xFF,0xFF,0xFF,0xFF,0xFF,0xFF,0xFF,0xFF,0xFF,0xFF,0xFF,0xFF,0xFF,0xFF,0xFF,0xFF,0xFF,0xFF,0xFF,0xFF,0xFF,
  0xFF,0xFF,0xFF,0xFF,0xFF,0xFF,0xFF,0xFF,0xFF,0xFF,0xFF,0xFF,0xFF,0xFF,0xFF,0xFF,0xFF,0xFF,0xFF,0xFF,0xFF,0xFF,0xFF,0xFF,
  0xFF,0xFF,0xFF,0xFF,0xFF,0xFF,0xFF,0xFF,0xFF,0xFF,0xFF,0xFF,0xFF,0xFF,0xFF,0xFF,0xFF,0xFF,0xFF,0xFF,0xFF,0xFF,0xFF,0xFF,
  0xFF,0xFF,0xFF,0xFF,0xFF,0xFF,0xFF,0xFF,0xFF,0xFF,0xFF,0xFF,0xFF,0xFF,0xFF,0xFF,0xFF,0xFF,0xFF,0xFF,0xFF,0xFF,0xFF,0xFF,
  0xFF,0xFF,0xFF,0xFF,0xFF,0xFF,0xFF,0xFF,0xFF,0xFF,0xFF,0xFF,0xFF,0xFF,0xFF,0xFF,0xFF,0xFF,0xFF,0xFF,0xFF,0xFF,0xFF,0xFF,
  0xFF,0xFF,0xFF,0xFF,0xFF,0xFF,0xFF,0xFF,0xFF,0xFF,0xFF,0xFF,0xFF,0xFF,0xFF,0xFF,0xFF,0xFF,0xFF,0xFF,0xFF,0xFF,0xFF,0xFF,
  0xFF,0xFF,0xFF,0xFF,0xFF,0xFF,0xFF,0xFF,0xFF,0xFF,0xFF,0xFF,0xFF,0xFF,0xFF,0xFF,0xFF,0xFF,0xFF,0xFF,0xFF,0xFF,0xFF,0xFF,
  0xFF,0xFF,0xFF,0xFF,0xFF,0xFF,0xFF,0xFF,0xFF,0xFF,0xFF,0xFF,0xFF,0xFF,0xFF,0xFF,0xFF,0xFF,0xFF,0xFF,0xFF,0xFF,0xFF,0xFF,
  0xFF,0xFF,0xFF,0xFF,0xFF,0xFF,0xFF,0xFF,0xFF,0xFF,0xFF,0xFF,0xFF,0xFF,0xFF,0xFF,0xFF,0xFF,0xFF,0xFF,0xFF,0xFF,0xFF,0xFF,
  0xFF,0xFF,0xFF,0xFF,0xFF,0xFF,0xFF,0xFF,0xFF,0xFF,0xFF,0xFF,0xFF,0xFF,0xFF,0xFF,0xFF,0xFF,0xFF,0xFF,0xFF,0xFF,0xFF,0xFF,
  0xFF,0xFF,0xFF,0xFF,0xFF,0xFF,0xFF,0xFF,0xFF,0xFF,0xFF,0xFF,0xFF,0xFF,0xFF,0xFF,0xFF,0xFF,0xFF,0xFF,0xFF,0xFF,0xFF,0xFF,
  0xFF,0xFF,0xFF,0xFF,0xFF,0xFF,0xFF,0xFF,0xFF,0xFF,0xFF,0xFF,0xFF,0xFF,0xFF,0xFF,0xFF,0xFF,0xFF,0xFF,0xFF,0xFF,0xFF,0xFF,
  0xFF,0xFF,0xFF,0xFF,0xFF,0xFF,0xFF,0xFF,0xFF,0xFF,0xFF,0xFF,0xFF,0xFF,0xFF,0xFF,0xFF,0xFF,0xFF,0xFF,0xFF,0xFF,0xFF,0xFF,
  0xFF,0xFF,0xFF,0xFF,0xFF,0xFF,0xFF,0xFF,0xFF,0xFF,0xFF,0xFF,0xFF,0xFF,0xFF,0xFF,0xFF,0xFF,0xFF,0xFF,0xFF,0xFF,0xFF,0xFF,
  0xFF,0xFF,0xFF,0xFF,0xFF,0xFF,0xFF,0xFF,0xFF,0xFF,0xFF,0xFF,0xFF,0xFF,0xFF,0xFF,0xFF,0xFF,0xFF,0xFF,0xFF,0xFF,0xFF,0xFF,
  0xFF,0xFF,0xFF,0xFF,0xFF,0xFF,0xFF,0xFF,0xFF,0xFF,0xFF,0xFF,0xFF,0xFF,0xFF,0xFF,0xFF,0xFF,0xFF,0xFF,0xFF,0xFF,0xFF,0xFF,
  0xFF,0xFF,0xFF,0xFF,0xFF,0xFF,0xFF,0xFF,0xFF,0xFF,0xFF,0xFF,0xFF,0xFF,0xFF,0xFF,0xFF,0xFF,0xFF,0xFF,0xFF,0xFF,0xFF,0xFF,
  0xFF,0xFF,0xFF,0xFF,0xFF,0xFF,0xFF,0xFF,0xFF,0xFF,0xFF,0xFF,0xFF,0xFF,0xFF,0xFF,0xFF,0xFF,0xFF,0xFF,0xFF,0xFF,0xFF,0xFF,
  0xFF,0xFF,0xFF,0xFF,0xFF,0xFF,0xFF,0xFF,0xFF,0xFF,0xFF,0xFF,0xFF,0xFF,0xFF,0xFF,0xFF,0xFF,0xFF,0xFF,0xFF,0xFF,0xFF,0xFF,
  0xFF,0xFF,0xFF,0xFF,0xFF,0xFF,0xFF,0xFF,0xFF,0xFF,0xFF,0xFF,0xFF,0xFF,0xFF,0xFF,0xFF,0xFF,0xFF,0xFF,0xFF,0xFF,0xFF,0xFF,
  0xFF,0xFF,0xFF,0xFF,0xFF,0xFF,0xFF,0xFF,0xFF,0xFF,0xFF,0xFF,0xFF,0xFF,0xFF,0xFF,0xFF,0xFF,0xFF,0xFF,0xFF,0xFF,0xFF,0xFF,
  0xFF,0xFF,0xFF,0xFF,0xFF,0xFF,0xFF,0xFF,0xFF,0xFF,0xFF,0xFF,0xFF,0xFF,0xFF,0xFF,0xFF,0xFF,0xFF,0xFF,0xFF,0xFF,0xFF,0xFF,
  0xFF,0xFF,0xFF,0xFF,0xFF,0xFF,0xFF,0xFF,0xFF,0xFF,0xFF,0xFF,0xFF,0xFF,0xFF,0xFF,0xFF,0xFF,0xFF,0xFF,0xFF,0xFF,0xFF,0xFF,
  0xFF,0xFF,0xFF,0xFF,0xFF,0xFF,0xFF,0xFF,0xFF,0xFF,0xFF,0xFF,0xFF,0xFF,0xFF,0xFF,0xFF,0xFF,0xFF,0xFF,0xFF,0xFF,0xFF,0xFF,
  0xFF,0xFF,0xFF,0xFF,0xFF,0xFF,0xFF,0xFF,0xFF,0xFF,0xFF,0xFF,0xFF,0xFF,0xFF,0xFF,0xFF,0xFF,0xFF,0xFF,0xFF,0xFF,0xFF,0xFF,
  0xFF,0xFF,0xFF,0xFF,0xFF,0xFF,0xFF,0xFF,0xFF,0xFF,0xFF,0xFF,0xFF,0xFF,0xFF,0xFF,0xFF,0xFF,0xFF,0xFF,0xFF,0xFF,0xFF,0xFF,
  0xFF,0xFF,0xFF,0xFF,0xFF,0xFF,0xFF,0xFF,0xFF,0xFF,0xFF,0xFF,0xFF,0xFF,0xFF,0xFF,0xFF,0xFF,0xFF,0xFF,0xFF,0xFF,0xFF,0xFF,
  0xFF,0xFF,0xFF,0xFF,0xFF,0xFF,0xFF,0xFF,0xFF,0xFF,0xFF,0xFF,0xFF,0xFF,0xFF,0xFF,0xFF,0xFF,0xFF,0xFF,0xFF,0xFF,0xFF,0xFF,
  0xFF,0xFF,0xFF,0xFF,0xFF,0xFF,0xFF,0xFF,0xFF,0xFF,0xFF,0xFF,0xFF,0xFF,0xFF,0xFF,0xFF,0xFF,0xFF,0xFF,0xFF,0xFF,0xFF,0xFF,
  0xFF,0xFF,0xFF,0xFF,0xFF,0xFF,0xFF,0xFF,0xFF,0xFF,0xFF,0xFF,0xFF,0xFF,0xFF,0xFF,0xFF,0xFF,0xFF,0xFF,0xFF,0xFF,0xFF,0xFF,
  0xFF,0xFF,0xFF,0xFF,0xFF,0xFF,0xFF,0xFF,0xFF,0xFF,0xFF,0xFF,0xFF,0xFF,0xFF,0xFF,0xFF,0xFF,0xFF,0xFF,0xFF,0xFF,0xFF,0xFF,
  0xFF,0xFF,0xFF,0xFF,0xFF,0xFF,0xFF,0xFF,0xFF,0xFF,0xFF,0xFF,0xFF,0xFF,0xFF,0xFF,0xFF,0xFF,0xFF,0xFF,0xFF,0xFF,0xFF,0xFF,
  0xFF,0xFF,0xFF,0xFF,0xFF,0xFF,0xFF,0xFF,0xFF,0xFF,0xFF,0xFF,0xFF,0xFF,0xFF,0xFF,0xFF,0xFF,0xFF,0xFF,0xFF,0xFF,0xFF,0xFF,
  0xFF,0xFF,0xFF,0xFF,0xFF,0xFF,0xFF,0xFF,0xFF,0xFF,0xFF,0xFF,0xFF,0xFF,0xFF,0xFF,0xFF,0xFF,0xFF,0xFF,0xFF,0xFF,0xFF,0xFF,
  0xFF,0xFF,0xFF,0xFF,0xFF,0xFF,0xFF,0xFF,0xFF,0xFF,0xFF,0xFF,0xFF,0xFF,0xFF,0xFF,0xFF,0xFF,0xFF,0xFF,0xFF,0xFF,0xFF,0xFF,
  0xFF,0xFF,0xFF,0xFF,0xFF,0xFF,0xFF,0xFF,0xFF,0xFF,0xFF,0xFF,0xFF,0xFF,0xFF,0xFF,0xFF,0xFF,0xFF,0xFF,0xFF,0xFF,0xFF,0xFF,
  0xFF,0xFF,0xFF,0xFF,0xFF,0xFF,0xFF,0xFF,0xFF,0xFF,0xFF,0xFF,0xFF,0xFF,0xFF,0xFF,0xFF,0xFF,0xFF,0xFF,0xFF,0xFF,0xFF,0xFF,
  0xFF,0xFF,0xFF,0xFF,0xFF,0xFF,0xFF,0xFF,0xFF,0xFF,0xFF,0xFF,0xFF,0xFF,0xFF,0xFF,0xFF,0xFF,0xFF,0xFF,0xFF,0xFF,0xFF,0xFF,
  0xFF,0xFF,0xFF,0xFF,0xFF,0xFF,0xFF,0xFF,0xFF,0xFF,0xFF,0xFF,0xFF,0xFF,0xFF,0xFF,0xFF,0xFF,0xFF,0xFF,0xFF,0xFF,0xFF,0xFF,
  0xFF,0xFF,0xFF,0xFF,0xFF,0xFF,0xFF,0xFF,0xFF,0xFF,0xFF,0xFF,0xFF,0xFF,0xFF,0xFF,0xFF,0xFF,0xFF,0xFF,0xFF,0xFF,0xFF,0xFF,
  0xFF,0xFF,0xFF,0xFF,0xFF,0xFF,0xFF,0xFF,0xFF,0xFF,0xFF,0xFF,0xFF,0xFF,0xFF,0xFF,0xFF,0xFF,0xFF,0xFF,0xFF,0xFF,0xFF,0xFF,
  0xFF,0xFF,0xFF,0xFF,0xFF,0xFF,0xFF,0xFF,0xFF,0xFF,0xFF,0xFF,0xFF,0xFF,0xFF,0xFF,0xFF,0xFF,0xFF,0xFF,0xFF,0xFF,0xFF,0xFF,
  0xFF,0xFF,0xFF,0xFF,0xFF,0xFF,0xFF,0xFF,0xFF,0xFF,0xFF,0xFF,0xFF,0xFF,0xFF,0xFF,0xFF,0xFF,0xFF,0xFF,0xFF,0xFF,0xFF,0xFF,
};

const lv_image_dsc_t hcmute_dore = {
  .header.magic  = LV_IMAGE_HEADER_MAGIC,
  .header.cf     = LV_COLOR_FORMAT_RGB565,
  .header.flags  = 0,
  .header.w      = 144,
  .header.h      = 144,
  .header.stride = 288,
  .data_size     = sizeof(hcmute_dore_map),
  .data          = hcmute_dore_map,
};
